order_id,cuisine,category,dish,quantity,unit_price,line_total
ORD-100001,Italian,Main,Pepperoni Pizza,1,52.0,52.0
ORD-100001,Italian,Main,Fettuccine Alfredo,1,48.0,48.0
ORD-100001,Italian,Starter,Bruschetta,1,26.0,26.0
ORD-100002,Arabic,Main,Chicken Machboos,1,48.0,48.0
ORD-100003,Indian,Main,Butter Chicken,1,45.0,45.0
ORD-100003,Italian,Starter,Bruschetta,1,26.0,26.0
ORD-100003,Italian,Dessert,Tiramisu,1,30.0,30.0
ORD-100003,Indian,Beverage,Mango Lassi,1,16.0,16.0
ORD-100004,Arabic,Main,Chicken Shawarma Plate,1,38.0,38.0
ORD-100004,Arabic,Starter,Fattoush,1,24.0,24.0
ORD-100005,Indian,Main,Butter Chicken,2,45.0,90.0
ORD-100005,Indian,Main,Chicken Biryani,1,42.0,42.0
ORD-100005,Indian,Starter,Chicken Tikka,1,36.0,36.0
ORD-100005,Indian,Dessert,Gulab Jamun,1,18.0,18.0
ORD-100006,Continental,Main,Classic Beef Burger,1,48.0,48.0
ORD-100006,Arabic,Main,Lamb Mandi,1,62.0,62.0
ORD-100006,Continental,Side,French Fries,1,16.0,16.0
ORD-100007,Indian,Main,Butter Chicken,2,45.0,90.0
ORD-100007,Indian,Starter,Paneer Tikka,1,32.0,32.0
ORD-100007,Indian,Side,Garlic Naan,2,8.0,16.0
ORD-100007,Indian,Beverage,Mango Lassi,2,16.0,32.0
ORD-100008,Indian,Main,Chicken Biryani,1,42.0,42.0
ORD-100008,Indian,Main,Butter Chicken,1,45.0,45.0
ORD-100008,Indian,Side,Jeera Rice,1,14.0,14.0
ORD-100008,Indian,Beverage,Mango Lassi,2,16.0,32.0
ORD-100009,Continental,Main,Classic Beef Burger,1,48.0,48.0
ORD-100009,Continental,Side,French Fries,1,16.0,16.0
ORD-100010,Chinese,Main,Chicken Fried Rice,1,34.0,34.0
ORD-100011,Indian,Main,Dal Makhani,1,32.0,32.0
ORD-100011,Indian,Main,Butter Chicken,1,45.0,45.0
ORD-100011,Indian,Side,Garlic Naan,2,8.0,16.0
ORD-100011,Indian,Beverage,Mango Lassi,2,16.0,32.0
ORD-100012,Arabic,Main,Mixed Grill,1,75.0,75.0
ORD-100012,Arabic,Starter,Hummus,1,22.0,22.0
ORD-100012,Arabic,Side,Arabic Rice,1,12.0,12.0
ORD-100013,Chinese,Main,Chicken Fried Rice,1,34.0,34.0
ORD-100013,Chinese,Starter,Spring Rolls,1,22.0,22.0
ORD-100014,Italian,Main,Beef Lasagna,1,55.0,55.0
ORD-100014,Italian,Starter,Caesar Salad,1,32.0,32.0
ORD-100014,Italian,Beverage,Italian Lemon Soda,1,18.0,18.0
ORD-100015,Arabic,Main,Chicken Shawarma Plate,1,38.0,38.0
ORD-100016,Arabic,Main,Mixed Grill,1,75.0,75.0
ORD-100016,Arabic,Starter,Hummus,1,22.0,22.0
ORD-100017,Arabic,Main,Chicken Machboos,1,48.0,48.0
ORD-100017,Arabic,Starter,Hummus,1,22.0,22.0
ORD-100018,Arabic,Main,Chicken Machboos,1,48.0,48.0
ORD-100019,Continental,Main,Classic Beef Burger,2,48.0,96.0
ORD-100019,Continental,Starter,Soup of the Day,1,22.0,22.0
ORD-100019,Continental,Side,French Fries,1,16.0,16.0
ORD-100019,Continental,Dessert,Chocolate Brownie,1,24.0,24.0
ORD-100020,Indian,Main,Dal Makhani,1,32.0,32.0
ORD-100020,Indian,Side,Garlic Naan,1,8.0,8.0
ORD-100020,Indian,Beverage,Mango Lassi,1,16.0,16.0
ORD-100021,Arabic,Main,Lamb Mandi,1,62.0,62.0
ORD-100021,Italian,Dessert,Tiramisu,1,30.0,30.0
ORD-100022,Continental,Main,Classic Beef Burger,1,48.0,48.0
ORD-100022,Continental,Main,Grilled Salmon,1,78.0,78.0
ORD-100022,Continental,Dessert,Chocolate Brownie,1,24.0,24.0
ORD-100022,Continental,Beverage,Chocolate Milkshake,2,22.0,44.0
ORD-100023,Indian,Main,Butter Chicken,1,45.0,45.0
ORD-100023,Indian,Side,Garlic Naan,1,8.0,8.0
ORD-100024,Italian,Main,Fettuccine Alfredo,2,48.0,96.0
ORD-100024,Italian,Main,Pepperoni Pizza,1,52.0,52.0
ORD-100024,Italian,Main,Margherita Pizza,1,45.0,45.0
ORD-100024,Italian,Dessert,Tiramisu,1,30.0,30.0
ORD-100024,Italian,Beverage,Italian Lemon Soda,2,18.0,36.0
ORD-100025,Arabic,Main,Chicken Machboos,1,48.0,48.0
ORD-100025,Arabic,Dessert,Kunafa,1,28.0,28.0
ORD-100025,Arabic,Beverage,Mint Lemonade,1,18.0,18.0
ORD-100026,Chinese,Main,Veg Hakka Noodles,2,32.0,64.0
ORD-100026,Chinese,Starter,Hot and Sour Soup,1,24.0,24.0
ORD-100026,Chinese,Side,Steamed Rice,1,10.0,10.0
ORD-100027,Italian,Main,Beef Lasagna,2,55.0,110.0
ORD-100027,Italian,Dessert,Tiramisu,1,30.0,30.0
ORD-100028,Arabic,Main,Chicken Shawarma Plate,1,38.0,38.0
ORD-100028,Arabic,Main,Lamb Mandi,1,62.0,62.0
ORD-100028,Arabic,Beverage,Mint Lemonade,2,18.0,36.0
ORD-100029,Arabic,Main,Mixed Grill,1,75.0,75.0
ORD-100029,Arabic,Beverage,Mint Lemonade,1,18.0,18.0
ORD-100030,Continental,Main,Classic Beef Burger,1,48.0,48.0
ORD-100030,Arabic,Starter,Hummus,1,22.0,22.0
ORD-100030,Continental,Side,French Fries,1,16.0,16.0
ORD-100030,Continental,Beverage,Chocolate Milkshake,1,22.0,22.0
ORD-100031,Indian,Main,Chicken Biryani,1,42.0,42.0
ORD-100031,Indian,Side,Garlic Naan,1,8.0,8.0
ORD-100032,Continental,Main,Classic Beef Burger,1,48.0,48.0
ORD-100032,Continental,Beverage,Chocolate Milkshake,1,22.0,22.0
ORD-100033,Arabic,Main,Chicken Shawarma Plate,1,38.0,38.0
ORD-100033,Arabic,Main,Falafel Wrap,1,22.0,22.0
ORD-100033,Arabic,Starter,Fattoush,1,24.0,24.0
ORD-100033,Arabic,Side,Arabic Rice,1,12.0,12.0
ORD-100033,Arabic,Beverage,Mint Lemonade,1,18.0,18.0
ORD-100034,Arabic,Main,Chicken Shawarma Plate,1,38.0,38.0
ORD-100034,Arabic,Main,Falafel Wrap,2,22.0,44.0
ORD-100035,Arabic,Main,Mixed Grill,1,75.0,75.0
ORD-100035,Arabic,Starter,Fattoush,1,24.0,24.0
ORD-100035,Arabic,Beverage,Mint Lemonade,1,18.0,18.0
ORD-100036,Continental,Main,Grilled Chicken with Mash,1,52.0,52.0
ORD-100036,Continental,Main,Grilled Chicken Burger,1,42.0,42.0
ORD-100037,Indian,Main,Mutton Biryani,1,52.0,52.0
ORD-100037,Indian,Main,Dal Makhani,1,32.0,32.0
ORD-100037,Indian,Side,Garlic Naan,2,8.0,16.0
ORD-100038,Arabic,Main,Lamb Mandi,1,62.0,62.0
ORD-100038,Arabic,Side,Arabic Rice,1,12.0,12.0
ORD-100038,Arabic,Dessert,Umm Ali,1,26.0,26.0
ORD-100038,Arabic,Beverage,Mint Lemonade,1,18.0,18.0
ORD-100039,Arabic,Main,Lamb Mandi,1,62.0,62.0
ORD-100039,Arabic,Main,Chicken Shawarma Plate,2,38.0,76.0
ORD-100039,Italian,Starter,Bruschetta,1,26.0,26.0
ORD-100040,Indian,Main,Chicken Biryani,1,42.0,42.0
ORD-100040,Indian,Main,Butter Chicken,1,45.0,45.0
ORD-100040,Indian,Starter,Chicken Tikka,1,36.0,36.0
ORD-100040,Indian,Side,Jeera Rice,2,14.0,28.0
ORD-100041,Continental,Main,Grilled Chicken with Mash,1,52.0,52.0
ORD-100041,Continental,Main,Grilled Salmon,1,78.0,78.0
ORD-100041,Continental,Starter,Chicken Wings,1,34.0,34.0
ORD-100041,Continental,Side,French Fries,1,16.0,16.0
ORD-100041,Continental,Beverage,Chocolate Milkshake,1,22.0,22.0
ORD-100042,Indian,Main,Chicken Biryani,1,42.0,42.0
ORD-100042,Indian,Main,Butter Chicken,1,45.0,45.0
ORD-100042,Indian,Side,Garlic Naan,2,8.0,16.0
ORD-100042,Indian,Dessert,Gulab Jamun,1,18.0,18.0
ORD-100042,Indian,Beverage,Mango Lassi,1,16.0,16.0
ORD-100043,Arabic,Main,Mixed Grill,1,75.0,75.0
ORD-100044,Italian,Main,Beef Lasagna,1,55.0,55.0
ORD-100044,Italian,Dessert,Tiramisu,1,30.0,30.0
ORD-100044,Italian,Beverage,Italian Lemon Soda,1,18.0,18.0
ORD-100045,Continental,Main,Classic Beef Burger,1,48.0,48.0
ORD-100045,Continental,Main,Grilled Chicken with Mash,1,52.0,52.0
ORD-100046,Chinese,Main,Chicken Manchurian,1,38.0,38.0
ORD-100046,Chinese,Main,Kung Pao Chicken,1,44.0,44.0
ORD-100046,Chinese,Starter,Spring Rolls,1,22.0,22.0
ORD-100046,Chinese,Side,Steamed Rice,1,10.0,10.0
ORD-100046,Chinese,Dessert,Mango Pudding,1,20.0,20.0
ORD-100047,Chinese,Main,Kung Pao Chicken,2,44.0,88.0
ORD-100047,Chinese,Starter,Spring Rolls,1,22.0,22.0
ORD-100047,Chinese,Side,Steamed Rice,1,10.0,10.0
ORD-100048,Indian,Main,Dal Makhani,1,32.0,32.0
ORD-100048,Indian,Main,Mutton Biryani,1,52.0,52.0
ORD-100049,Chinese,Main,Chicken Fried Rice,2,34.0,68.0
ORD-100049,Chinese,Starter,Spring Rolls,1,22.0,22.0
ORD-100049,Chinese,Beverage,Jasmine Tea,2,12.0,24.0
ORD-100050,Arabic,Main,Chicken Machboos,2,48.0,96.0
ORD-100050,Arabic,Starter,Fattoush,1,24.0,24.0
ORD-100050,Arabic,Side,Arabic Rice,1,12.0,12.0
ORD-100051,Arabic,Main,Falafel Wrap,1,22.0,22.0
ORD-100051,Arabic,Side,Arabic Rice,1,12.0,12.0
ORD-100051,Arabic,Dessert,Kunafa,1,28.0,28.0
ORD-100052,Arabic,Main,Chicken Shawarma Plate,1,38.0,38.0
ORD-100052,Arabic,Main,Lamb Mandi,1,62.0,62.0
ORD-100052,Arabic,Side,Arabic Rice,1,12.0,12.0
ORD-100053,Continental,Main,Grilled Chicken with Mash,1,52.0,52.0
ORD-100053,Italian,Main,Pepperoni Pizza,1,52.0,52.0
ORD-100054,Arabic,Main,Lamb Mandi,1,62.0,62.0
ORD-100054,Chinese,Starter,Spring Rolls,1,22.0,22.0
ORD-100054,Arabic,Dessert,Kunafa,1,28.0,28.0
ORD-100054,Arabic,Beverage,Mint Lemonade,1,18.0,18.0
ORD-100055,Arabic,Main,Lamb Mandi,1,62.0,62.0
ORD-100055,Arabic,Main,Mixed Grill,1,75.0,75.0
ORD-100055,Arabic,Starter,Hummus,1,22.0,22.0
ORD-100055,Arabic,Dessert,Umm Ali,1,26.0,26.0
ORD-100056,Continental,Main,Grilled Chicken Burger,1,42.0,42.0
ORD-100056,Continental,Starter,Chicken Wings,1,34.0,34.0
ORD-100056,Continental,Dessert,Chocolate Brownie,1,24.0,24.0
ORD-100057,Indian,Main,Mutton Biryani,1,52.0,52.0
ORD-100057,Indian,Starter,Chicken Tikka,1,36.0,36.0
ORD-100057,Indian,Side,Garlic Naan,1,8.0,8.0
ORD-100058,Indian,Main,Butter Chicken,1,45.0,45.0
ORD-100058,Indian,Dessert,Gulab Jamun,1,18.0,18.0
ORD-100059,Arabic,Main,Mixed Grill,1,75.0,75.0
ORD-100059,Arabic,Main,Lamb Mandi,1,62.0,62.0
ORD-100059,Italian,Starter,Bruschetta,1,26.0,26.0
ORD-100059,Arabic,Dessert,Umm Ali,1,26.0,26.0
ORD-100060,Continental,Main,Fish and Chips,1,50.0,50.0
ORD-100060,Continental,Dessert,Chocolate Brownie,1,24.0,24.0
ORD-100061,Indian,Main,Chicken Biryani,1,42.0,42.0
ORD-100061,Indian,Main,Mutton Biryani,1,52.0,52.0
ORD-100061,Indian,Side,Garlic Naan,1,8.0,8.0
ORD-100061,Indian,Beverage,Mango Lassi,1,16.0,16.0
ORD-100062,Indian,Main,Palak Paneer,1,34.0,34.0
ORD-100062,Indian,Starter,Chicken Tikka,1,36.0,36.0
ORD-100063,Indian,Main,Mutton Biryani,1,52.0,52.0
ORD-100063,Indian,Starter,Vegetable Samosa,1,16.0,16.0
ORD-100063,Indian,Beverage,Mango Lassi,1,16.0,16.0
ORD-100064,Continental,Main,Classic Beef Burger,1,48.0,48.0
ORD-100064,Continental,Starter,Chicken Wings,1,34.0,34.0
ORD-100064,Continental,Beverage,Chocolate Milkshake,1,22.0,22.0
ORD-100065,Italian,Main,Fettuccine Alfredo,1,48.0,48.0
ORD-100065,Italian,Beverage,Italian Lemon Soda,1,18.0,18.0
ORD-100066,Arabic,Main,Chicken Shawarma Plate,1,38.0,38.0
ORD-100066,Arabic,Side,Arabic Rice,1,12.0,12.0
ORD-100067,Indian,Main,Butter Chicken,1,45.0,45.0
ORD-100067,Indian,Starter,Chicken Tikka,1,36.0,36.0
ORD-100067,Indian,Side,Jeera Rice,1,14.0,14.0
ORD-100068,Indian,Main,Palak Paneer,1,34.0,34.0
ORD-100068,Indian,Side,Jeera Rice,1,14.0,14.0
ORD-100069,Continental,Main,Classic Beef Burger,1,48.0,48.0
ORD-100069,Continental,Beverage,Chocolate Milkshake,1,22.0,22.0
ORD-100070,Arabic,Main,Chicken Machboos,1,48.0,48.0
ORD-100070,Arabic,Main,Chicken Shawarma Plate,1,38.0,38.0
ORD-100071,Indian,Main,Chicken Biryani,1,42.0,42.0
ORD-100071,Arabic,Main,Chicken Shawarma Plate,1,38.0,38.0
ORD-100071,Indian,Main,Palak Paneer,1,34.0,34.0
ORD-100071,Indian,Side,Garlic Naan,3,8.0,24.0
ORD-100071,Arabic,Beverage,Mint Lemonade,2,18.0,36.0
ORD-100072,Italian,Main,Fettuccine Alfredo,1,48.0,48.0
ORD-100072,Italian,Starter,Bruschetta,1,26.0,26.0
ORD-100072,Italian,Beverage,Italian Lemon Soda,1,18.0,18.0
ORD-100073,Italian,Main,Pepperoni Pizza,1,52.0,52.0
ORD-100073,Italian,Side,Garlic Bread,1,18.0,18.0
ORD-100073,Italian,Beverage,Italian Lemon Soda,1,18.0,18.0
ORD-100074,Continental,Main,Grilled Chicken with Mash,1,52.0,52.0
ORD-100074,Italian,Starter,Caesar Salad,1,32.0,32.0
ORD-100074,Continental,Dessert,New York Cheesecake,1,28.0,28.0
ORD-100074,Italian,Beverage,Italian Lemon Soda,1,18.0,18.0
ORD-100075,Italian,Main,Penne Arrabbiata,1,42.0,42.0
ORD-100075,Italian,Dessert,Tiramisu,1,30.0,30.0
ORD-100076,Indian,Main,Dal Makhani,1,32.0,32.0
ORD-100076,Indian,Starter,Chicken Tikka,1,36.0,36.0
ORD-100076,Indian,Dessert,Gulab Jamun,1,18.0,18.0
ORD-100076,Indian,Beverage,Mango Lassi,1,16.0,16.0
ORD-100077,Arabic,Main,Chicken Machboos,1,48.0,48.0
ORD-100077,Arabic,Side,Arabic Rice,1,12.0,12.0
ORD-100077,Arabic,Beverage,Mint Lemonade,1,18.0,18.0
ORD-100078,Arabic,Main,Chicken Machboos,2,48.0,96.0
ORD-100078,Arabic,Main,Falafel Wrap,1,22.0,22.0
ORD-100078,Arabic,Starter,Fattoush,1,24.0,24.0
ORD-100078,Arabic,Side,Arabic Rice,2,12.0,24.0
ORD-100078,Arabic,Dessert,Umm Ali,1,26.0,26.0
ORD-100078,Arabic,Beverage,Mint Lemonade,3,18.0,54.0
ORD-100079,Arabic,Main,Chicken Shawarma Plate,1,38.0,38.0
ORD-100079,Arabic,Main,Falafel Wrap,1,22.0,22.0
ORD-100079,Arabic,Side,Arabic Rice,1,12.0,12.0
ORD-100080,Indian,Main,Butter Chicken,1,45.0,45.0
ORD-100081,Arabic,Main,Chicken Shawarma Plate,1,38.0,38.0
ORD-100081,Arabic,Starter,Hummus,1,22.0,22.0
ORD-100081,Arabic,Beverage,Mint Lemonade,1,18.0,18.0
ORD-100082,Chinese,Main,Veg Hakka Noodles,1,32.0,32.0
ORD-100082,Chinese,Main,Szechuan Beef,1,52.0,52.0
ORD-100082,Chinese,Side,Steamed Rice,2,10.0,20.0
ORD-100083,Continental,Main,Grilled Chicken with Mash,1,52.0,52.0
ORD-100084,Italian,Main,Margherita Pizza,1,45.0,45.0
ORD-100084,Italian,Starter,Caesar Salad,1,32.0,32.0
ORD-100084,Italian,Dessert,Tiramisu,1,30.0,30.0
ORD-100085,Arabic,Main,Chicken Machboos,1,48.0,48.0
ORD-100085,Arabic,Starter,Mutabbal,1,22.0,22.0
ORD-100086,Indian,Main,Butter Chicken,1,45.0,45.0
ORD-100086,Indian,Main,Mutton Biryani,1,52.0,52.0
ORD-100086,Indian,Side,Garlic Naan,2,8.0,16.0
ORD-100086,Indian,Dessert,Gulab Jamun,1,18.0,18.0
ORD-100086,Indian,Beverage,Mango Lassi,1,16.0,16.0
ORD-100087,Continental,Main,Grilled Chicken with Mash,1,52.0,52.0
ORD-100087,Continental,Starter,Soup of the Day,1,22.0,22.0
ORD-100087,Continental,Side,French Fries,1,16.0,16.0
ORD-100087,Continental,Dessert,New York Cheesecake,1,28.0,28.0
ORD-100088,Continental,Main,Grilled Chicken with Mash,1,52.0,52.0
ORD-100088,Continental,Main,Grilled Chicken Burger,1,42.0,42.0
ORD-100088,Continental,Main,Classic Beef Burger,1,48.0,48.0
ORD-100088,Continental,Starter,Chicken Wings,1,34.0,34.0
ORD-100088,Continental,Beverage,Chocolate Milkshake,1,22.0,22.0
ORD-100089,Arabic,Main,Chicken Shawarma Plate,1,38.0,38.0
ORD-100089,Arabic,Side,Arabic Rice,1,12.0,12.0
ORD-100089,Arabic,Beverage,Mint Lemonade,1,18.0,18.0
ORD-100090,Arabic,Main,Chicken Shawarma Plate,1,38.0,38.0
ORD-100090,Arabic,Main,Chicken Machboos,1,48.0,48.0
ORD-100090,Arabic,Starter,Hummus,1,22.0,22.0
ORD-100090,Arabic,Dessert,Umm Ali,1,26.0,26.0
ORD-100090,Arabic,Beverage,Mint Lemonade,2,18.0,36.0
ORD-100091,Arabic,Main,Chicken Shawarma Plate,1,38.0,38.0
ORD-100091,Chinese,Starter,Spring Rolls,1,22.0,22.0
ORD-100091,Arabic,Beverage,Mint Lemonade,1,18.0,18.0
ORD-100092,Italian,Main,Pepperoni Pizza,2,52.0,104.0
ORD-100092,Italian,Dessert,Tiramisu,1,30.0,30.0
ORD-100092,Italian,Beverage,Italian Lemon Soda,1,18.0,18.0
ORD-100093,Italian,Main,Pepperoni Pizza,1,52.0,52.0
ORD-100093,Italian,Starter,Bruschetta,1,26.0,26.0
ORD-100094,Indian,Main,Mutton Biryani,1,52.0,52.0
ORD-100094,Indian,Starter,Vegetable Samosa,1,16.0,16.0
ORD-100094,Indian,Side,Garlic Naan,1,8.0,8.0
ORD-100094,Indian,Dessert,Gulab Jamun,1,18.0,18.0
ORD-100095,Italian,Main,Fettuccine Alfredo,2,48.0,96.0
ORD-100095,Italian,Dessert,Tiramisu,1,30.0,30.0
ORD-100096,Indian,Main,Mutton Biryani,1,52.0,52.0
ORD-100097,Chinese,Main,Kung Pao Chicken,1,44.0,44.0
ORD-100097,Chinese,Starter,Spring Rolls,1,22.0,22.0
ORD-100097,Chinese,Side,Steamed Rice,1,10.0,10.0
ORD-100098,Indian,Main,Butter Chicken,1,45.0,45.0
ORD-100098,Indian,Starter,Vegetable Samosa,1,16.0,16.0
ORD-100098,Indian,Side,Garlic Naan,1,8.0,8.0
ORD-100099,Indian,Main,Palak Paneer,1,34.0,34.0
ORD-100099,Indian,Side,Garlic Naan,1,8.0,8.0
ORD-100099,Indian,Dessert,Gulab Jamun,1,18.0,18.0
ORD-100100,Indian,Main,Butter Chicken,1,45.0,45.0
ORD-100100,Indian,Main,Chicken Biryani,1,42.0,42.0
ORD-100100,Indian,Starter,Vegetable Samosa,1,16.0,16.0
ORD-100100,Indian,Side,Jeera Rice,1,14.0,14.0
ORD-100100,Indian,Dessert,Gulab Jamun,1,18.0,18.0
ORD-100101,Italian,Main,Margherita Pizza,1,45.0,45.0
ORD-100101,Italian,Beverage,Italian Lemon Soda,1,18.0,18.0
ORD-100102,Indian,Main,Butter Chicken,1,45.0,45.0
ORD-100102,Indian,Starter,Chicken Tikka,1,36.0,36.0
ORD-100102,Indian,Side,Garlic Naan,1,8.0,8.0
ORD-100102,Indian,Dessert,Gulab Jamun,1,18.0,18.0
ORD-100102,Indian,Beverage,Mango Lassi,1,16.0,16.0
ORD-100103,Chinese,Main,Chicken Manchurian,1,38.0,38.0
ORD-100103,Chinese,Main,Szechuan Beef,1,52.0,52.0
ORD-100103,Chinese,Starter,Hot and Sour Soup,1,24.0,24.0
ORD-100103,Chinese,Dessert,Mango Pudding,1,20.0,20.0
ORD-100104,Chinese,Main,Chicken Manchurian,1,38.0,38.0
ORD-100104,Chinese,Side,Steamed Rice,1,10.0,10.0
ORD-100105,Italian,Main,Margherita Pizza,1,45.0,45.0
ORD-100105,Italian,Starter,Caesar Salad,1,32.0,32.0
ORD-100106,Italian,Main,Pepperoni Pizza,1,52.0,52.0
ORD-100106,Italian,Main,Penne Arrabbiata,1,42.0,42.0
ORD-100106,Italian,Starter,Caesar Salad,1,32.0,32.0
ORD-100106,Italian,Side,Garlic Bread,2,18.0,36.0
ORD-100107,Chinese,Main,Chicken Manchurian,1,38.0,38.0
ORD-100107,Chinese,Beverage,Jasmine Tea,1,12.0,12.0
ORD-100108,Continental,Main,Fish and Chips,1,50.0,50.0
ORD-100108,Continental,Main,Classic Beef Burger,1,48.0,48.0
ORD-100108,Continental,Starter,Soup of the Day,1,22.0,22.0
ORD-100108,Continental,Beverage,Chocolate Milkshake,2,22.0,44.0
ORD-100109,Continental,Main,Grilled Chicken Burger,1,42.0,42.0
ORD-100109,Continental,Main,Fish and Chips,1,50.0,50.0
ORD-100109,Continental,Beverage,Chocolate Milkshake,1,22.0,22.0
ORD-100110,Arabic,Main,Chicken Machboos,1,48.0,48.0
ORD-100110,Arabic,Starter,Hummus,1,22.0,22.0
ORD-100110,Arabic,Beverage,Mint Lemonade,1,18.0,18.0
ORD-100111,Arabic,Main,Chicken Machboos,1,48.0,48.0
ORD-100111,Arabic,Starter,Hummus,1,22.0,22.0
ORD-100111,Arabic,Beverage,Mint Lemonade,1,18.0,18.0
ORD-100112,Arabic,Main,Mixed Grill,1,75.0,75.0
ORD-100112,Arabic,Beverage,Mint Lemonade,1,18.0,18.0
ORD-100113,Continental,Main,Classic Beef Burger,1,48.0,48.0
ORD-100113,Continental,Main,Grilled Salmon,1,78.0,78.0
ORD-100113,Continental,Main,Grilled Chicken Burger,1,42.0,42.0
ORD-100113,Continental,Side,French Fries,2,16.0,32.0
ORD-100114,Indian,Main,Dal Makhani,1,32.0,32.0
ORD-100114,Indian,Side,Jeera Rice,1,14.0,14.0
ORD-100114,Italian,Dessert,Tiramisu,1,30.0,30.0
ORD-100115,Indian,Main,Mutton Biryani,1,52.0,52.0
ORD-100115,Italian,Main,Pepperoni Pizza,1,52.0,52.0
ORD-100115,Indian,Side,Jeera Rice,1,14.0,14.0
ORD-100116,Chinese,Main,Chicken Manchurian,1,38.0,38.0
ORD-100116,Chinese,Main,Kung Pao Chicken,1,44.0,44.0
ORD-100117,Continental,Main,Classic Beef Burger,1,48.0,48.0
ORD-100117,Continental,Main,Grilled Chicken Burger,1,42.0,42.0
ORD-100117,Indian,Beverage,Mango Lassi,2,16.0,32.0
ORD-100118,Chinese,Main,Chicken Fried Rice,1,34.0,34.0
ORD-100118,Chinese,Main,Veg Hakka Noodles,1,32.0,32.0
ORD-100118,Chinese,Dessert,Mango Pudding,1,20.0,20.0
ORD-100119,Chinese,Main,Kung Pao Chicken,1,44.0,44.0
ORD-100119,Chinese,Starter,Chicken Dim Sum,1,34.0,34.0
ORD-100119,Chinese,Dessert,Mango Pudding,1,20.0,20.0
ORD-100120,Italian,Main,Fettuccine Alfredo,1,48.0,48.0
ORD-100120,Italian,Beverage,Italian Lemon Soda,1,18.0,18.0
ORD-100121,Arabic,Main,Lamb Mandi,1,62.0,62.0
ORD-100122,Chinese,Main,Chicken Fried Rice,1,34.0,34.0
ORD-100122,Chinese,Beverage,Jasmine Tea,1,12.0,12.0
ORD-100123,Italian,Main,Margherita Pizza,2,45.0,90.0
ORD-100123,Italian,Side,Garlic Bread,1,18.0,18.0
ORD-100123,Italian,Beverage,Italian Lemon Soda,2,18.0,36.0
ORD-100124,Indian,Main,Butter Chicken,1,45.0,45.0
ORD-100124,Indian,Side,Jeera Rice,1,14.0,14.0
ORD-100124,Indian,Beverage,Mango Lassi,1,16.0,16.0
ORD-100125,Arabic,Main,Lamb Mandi,1,62.0,62.0
ORD-100125,Arabic,Starter,Fattoush,1,24.0,24.0
ORD-100125,Arabic,Side,Arabic Rice,1,12.0,12.0
ORD-100126,Arabic,Main,Chicken Shawarma Plate,1,38.0,38.0
ORD-100126,Arabic,Side,Arabic Rice,1,12.0,12.0
ORD-100126,Arabic,Beverage,Mint Lemonade,1,18.0,18.0
ORD-100127,Continental,Main,Fish and Chips,2,50.0,100.0
ORD-100127,Continental,Starter,Chicken Wings,1,34.0,34.0
ORD-100127,Continental,Side,French Fries,2,16.0,32.0
ORD-100128,Italian,Main,Margherita Pizza,1,45.0,45.0
ORD-100128,Italian,Starter,Bruschetta,1,26.0,26.0
ORD-100128,Italian,Beverage,Italian Lemon Soda,1,18.0,18.0
ORD-100129,Italian,Main,Fettuccine Alfredo,1,48.0,48.0
ORD-100129,Italian,Beverage,Italian Lemon Soda,1,18.0,18.0
ORD-100130,Italian,Main,Margherita Pizza,1,45.0,45.0
ORD-100130,Italian,Main,Fettuccine Alfredo,1,48.0,48.0
ORD-100130,Arabic,Beverage,Mint Lemonade,1,18.0,18.0
ORD-100131,Arabic,Main,Chicken Shawarma Plate,1,38.0,38.0
ORD-100131,Arabic,Main,Lamb Mandi,2,62.0,124.0
ORD-100132,Continental,Main,Classic Beef Burger,2,48.0,96.0
ORD-100132,Continental,Main,Grilled Chicken with Mash,1,52.0,52.0
ORD-100133,Arabic,Main,Mixed Grill,1,75.0,75.0
ORD-100133,Arabic,Side,Arabic Rice,1,12.0,12.0
ORD-100133,Arabic,Beverage,Mint Lemonade,1,18.0,18.0
ORD-100134,Arabic,Main,Lamb Mandi,1,62.0,62.0
ORD-100134,Arabic,Starter,Mutabbal,1,22.0,22.0
ORD-100134,Arabic,Beverage,Mint Lemonade,1,18.0,18.0
ORD-100135,Chinese,Main,Chicken Fried Rice,1,34.0,34.0
ORD-100135,Chinese,Main,Szechuan Beef,2,52.0,104.0
ORD-100135,Chinese,Starter,Spring Rolls,1,22.0,22.0
ORD-100135,Chinese,Dessert,Mango Pudding,1,20.0,20.0
ORD-100136,Arabic,Main,Chicken Shawarma Plate,1,38.0,38.0
ORD-100136,Arabic,Starter,Hummus,1,22.0,22.0
ORD-100136,Arabic,Beverage,Mint Lemonade,1,18.0,18.0
ORD-100137,Italian,Main,Fettuccine Alfredo,1,48.0,48.0
ORD-100137,Italian,Main,Margherita Pizza,1,45.0,45.0
ORD-100137,Italian,Starter,Caesar Salad,1,32.0,32.0
ORD-100137,Italian,Side,Garlic Bread,1,18.0,18.0
ORD-100138,Arabic,Main,Chicken Shawarma Plate,3,38.0,114.0
ORD-100138,Arabic,Dessert,Kunafa,1,28.0,28.0
ORD-100138,Arabic,Beverage,Mint Lemonade,3,18.0,54.0
ORD-100139,Arabic,Main,Chicken Machboos,2,48.0,96.0
ORD-100139,Arabic,Starter,Mutabbal,1,22.0,22.0
ORD-100139,Arabic,Side,Arabic Rice,1,12.0,12.0
ORD-100139,Arabic,Dessert,Kunafa,1,28.0,28.0
ORD-100139,Arabic,Beverage,Mint Lemonade,1,18.0,18.0
ORD-100140,Continental,Main,Classic Beef Burger,1,48.0,48.0
ORD-100140,Continental,Main,Grilled Salmon,1,78.0,78.0
ORD-100140,Continental,Dessert,Chocolate Brownie,1,24.0,24.0
ORD-100141,Continental,Main,Grilled Chicken Burger,2,42.0,84.0
ORD-100141,Continental,Main,Classic Beef Burger,1,48.0,48.0
ORD-100141,Continental,Starter,Chicken Wings,1,34.0,34.0
ORD-100141,Continental,Beverage,Chocolate Milkshake,2,22.0,44.0
ORD-100142,Chinese,Main,Chicken Manchurian,1,38.0,38.0
ORD-100142,Chinese,Main,Veg Hakka Noodles,2,32.0,64.0
ORD-100142,Chinese,Starter,Chicken Dim Sum,1,34.0,34.0
ORD-100143,Indian,Main,Chicken Biryani,1,42.0,42.0
ORD-100143,Indian,Beverage,Mango Lassi,1,16.0,16.0
ORD-100144,Italian,Main,Margherita Pizza,1,45.0,45.0
ORD-100144,Italian,Main,Penne Arrabbiata,1,42.0,42.0
ORD-100144,Italian,Main,Pepperoni Pizza,1,52.0,52.0
ORD-100144,Italian,Starter,Bruschetta,1,26.0,26.0
ORD-100144,Italian,Side,Garlic Bread,1,18.0,18.0
ORD-100145,Arabic,Main,Mixed Grill,1,75.0,75.0
ORD-100145,Arabic,Beverage,Mint Lemonade,1,18.0,18.0
ORD-100146,Chinese,Main,Chicken Manchurian,1,38.0,38.0
ORD-100146,Chinese,Main,Veg Hakka Noodles,1,32.0,32.0
ORD-100146,Chinese,Starter,Hot and Sour Soup,1,24.0,24.0
ORD-100146,Chinese,Side,Steamed Rice,1,10.0,10.0
ORD-100146,Chinese,Beverage,Jasmine Tea,2,12.0,24.0
ORD-100147,Chinese,Main,Chicken Manchurian,1,38.0,38.0
ORD-100147,Chinese,Side,Steamed Rice,1,10.0,10.0
ORD-100147,Chinese,Beverage,Jasmine Tea,1,12.0,12.0
ORD-100148,Continental,Main,Grilled Chicken with Mash,1,52.0,52.0
ORD-100148,Continental,Side,French Fries,1,16.0,16.0
ORD-100148,Continental,Dessert,Chocolate Brownie,1,24.0,24.0
ORD-100149,Arabic,Main,Lamb Mandi,1,62.0,62.0
ORD-100149,Arabic,Main,Chicken Shawarma Plate,1,38.0,38.0
ORD-100149,Arabic,Starter,Mutabbal,1,22.0,22.0
ORD-100149,Arabic,Dessert,Umm Ali,1,26.0,26.0
ORD-100150,Italian,Main,Fettuccine Alfredo,1,48.0,48.0
ORD-100150,Italian,Starter,Bruschetta,1,26.0,26.0
ORD-100150,Italian,Side,Garlic Bread,1,18.0,18.0
ORD-100151,Indian,Main,Chicken Biryani,1,42.0,42.0
ORD-100151,Chinese,Starter,Chicken Dim Sum,1,34.0,34.0
ORD-100151,Indian,Side,Garlic Naan,1,8.0,8.0
ORD-100152,Chinese,Main,Chicken Manchurian,1,38.0,38.0
ORD-100152,Chinese,Main,Chicken Fried Rice,1,34.0,34.0
ORD-100153,Continental,Main,Grilled Chicken Burger,1,42.0,42.0
ORD-100153,Indian,Starter,Paneer Tikka,1,32.0,32.0
ORD-100153,Continental,Side,French Fries,1,16.0,16.0
ORD-100153,Continental,Beverage,Chocolate Milkshake,1,22.0,22.0
ORD-100154,Indian,Main,Chicken Biryani,2,42.0,84.0
ORD-100154,Indian,Side,Jeera Rice,1,14.0,14.0
ORD-100154,Indian,Dessert,Gulab Jamun,1,18.0,18.0
ORD-100155,Continental,Main,Grilled Chicken with Mash,1,52.0,52.0
ORD-100155,Chinese,Main,Veg Hakka Noodles,1,32.0,32.0
ORD-100155,Continental,Starter,Chicken Wings,1,34.0,34.0
ORD-100155,Continental,Side,French Fries,1,16.0,16.0
ORD-100155,Continental,Dessert,Chocolate Brownie,1,24.0,24.0
ORD-100156,Continental,Main,Classic Beef Burger,1,48.0,48.0
ORD-100156,Continental,Side,French Fries,1,16.0,16.0
ORD-100157,Indian,Main,Chicken Biryani,1,42.0,42.0
ORD-100157,Indian,Starter,Paneer Tikka,1,32.0,32.0
ORD-100157,Indian,Side,Garlic Naan,1,8.0,8.0
ORD-100158,Chinese,Main,Chicken Fried Rice,1,34.0,34.0
ORD-100158,Chinese,Main,Veg Hakka Noodles,1,32.0,32.0
ORD-100159,Continental,Main,Fish and Chips,1,50.0,50.0
ORD-100159,Continental,Starter,Chicken Wings,1,34.0,34.0
ORD-100160,Indian,Main,Dal Makhani,1,32.0,32.0
ORD-100160,Indian,Main,Palak Paneer,2,34.0,68.0
ORD-100160,Indian,Beverage,Mango Lassi,3,16.0,48.0
ORD-100161,Chinese,Main,Chicken Fried Rice,1,34.0,34.0
ORD-100161,Chinese,Starter,Chicken Dim Sum,1,34.0,34.0
ORD-100161,Chinese,Dessert,Mango Pudding,1,20.0,20.0
ORD-100162,Chinese,Main,Chicken Fried Rice,1,34.0,34.0
ORD-100162,Chinese,Beverage,Jasmine Tea,1,12.0,12.0
ORD-100163,Arabic,Main,Chicken Machboos,1,48.0,48.0
ORD-100163,Arabic,Dessert,Kunafa,1,28.0,28.0
ORD-100164,Indian,Main,Butter Chicken,2,45.0,90.0
ORD-100164,Indian,Side,Garlic Naan,2,8.0,16.0
ORD-100165,Italian,Main,Pepperoni Pizza,1,52.0,52.0
ORD-100165,Italian,Main,Penne Arrabbiata,1,42.0,42.0
ORD-100165,Italian,Starter,Bruschetta,1,26.0,26.0
ORD-100166,Italian,Main,Margherita Pizza,1,45.0,45.0
ORD-100166,Italian,Side,Garlic Bread,1,18.0,18.0
ORD-100167,Continental,Main,Classic Beef Burger,1,48.0,48.0
ORD-100167,Continental,Main,Grilled Chicken with Mash,1,52.0,52.0
ORD-100167,Continental,Side,French Fries,1,16.0,16.0
ORD-100167,Continental,Dessert,Chocolate Brownie,1,24.0,24.0
ORD-100167,Continental,Beverage,Chocolate Milkshake,1,22.0,22.0
ORD-100168,Arabic,Main,Falafel Wrap,1,22.0,22.0
ORD-100168,Arabic,Main,Mixed Grill,1,75.0,75.0
ORD-100169,Indian,Main,Butter Chicken,1,45.0,45.0
ORD-100169,Indian,Starter,Vegetable Samosa,1,16.0,16.0
ORD-100169,Indian,Side,Jeera Rice,1,14.0,14.0
ORD-100170,Italian,Main,Margherita Pizza,1,45.0,45.0
ORD-100170,Italian,Main,Fettuccine Alfredo,1,48.0,48.0
ORD-100170,Italian,Main,Pepperoni Pizza,1,52.0,52.0
ORD-100170,Italian,Starter,Caesar Salad,1,32.0,32.0
ORD-100171,Italian,Main,Beef Lasagna,1,55.0,55.0
ORD-100171,Italian,Main,Penne Arrabbiata,2,42.0,84.0
ORD-100171,Italian,Side,Garlic Bread,1,18.0,18.0
ORD-100172,Italian,Main,Fettuccine Alfredo,1,48.0,48.0
ORD-100172,Chinese,Dessert,Mango Pudding,1,20.0,20.0
ORD-100173,Continental,Main,Grilled Salmon,1,78.0,78.0
ORD-100173,Continental,Starter,Soup of the Day,1,22.0,22.0
ORD-100173,Chinese,Dessert,Mango Pudding,1,20.0,20.0
ORD-100173,Continental,Beverage,Chocolate Milkshake,1,22.0,22.0
ORD-100174,Indian,Main,Dal Makhani,1,32.0,32.0
ORD-100174,Arabic,Starter,Mutabbal,1,22.0,22.0
ORD-100175,Arabic,Main,Lamb Mandi,1,62.0,62.0
ORD-100175,Arabic,Starter,Hummus,1,22.0,22.0
ORD-100175,Arabic,Dessert,Kunafa,1,28.0,28.0
ORD-100175,Arabic,Beverage,Mint Lemonade,1,18.0,18.0
ORD-100176,Arabic,Main,Mixed Grill,1,75.0,75.0
ORD-100176,Arabic,Starter,Hummus,1,22.0,22.0
ORD-100177,Indian,Main,Butter Chicken,1,45.0,45.0
ORD-100177,Indian,Starter,Paneer Tikka,1,32.0,32.0
ORD-100178,Indian,Main,Butter Chicken,1,45.0,45.0
ORD-100178,Indian,Side,Jeera Rice,1,14.0,14.0
ORD-100178,Indian,Dessert,Gulab Jamun,1,18.0,18.0
ORD-100179,Arabic,Main,Chicken Shawarma Plate,1,38.0,38.0
ORD-100179,Arabic,Starter,Hummus,1,22.0,22.0
ORD-100180,Indian,Main,Dal Makhani,1,32.0,32.0
ORD-100180,Indian,Starter,Chicken Tikka,1,36.0,36.0
ORD-100180,Indian,Side,Garlic Naan,1,8.0,8.0
ORD-100180,Indian,Dessert,Gulab Jamun,1,18.0,18.0
ORD-100181,Indian,Main,Chicken Biryani,2,42.0,84.0
ORD-100181,Indian,Main,Mutton Biryani,1,52.0,52.0
ORD-100181,Indian,Starter,Paneer Tikka,1,32.0,32.0
ORD-100181,Indian,Side,Jeera Rice,1,14.0,14.0
ORD-100182,Continental,Main,Classic Beef Burger,1,48.0,48.0
ORD-100183,Continental,Main,Grilled Salmon,1,78.0,78.0
ORD-100183,Continental,Main,Grilled Chicken Burger,1,42.0,42.0
ORD-100183,Continental,Starter,Soup of the Day,1,22.0,22.0
ORD-100183,Continental,Beverage,Chocolate Milkshake,1,22.0,22.0
ORD-100184,Indian,Main,Dal Makhani,1,32.0,32.0
ORD-100184,Indian,Main,Chicken Biryani,1,42.0,42.0
ORD-100184,Chinese,Main,Veg Hakka Noodles,1,32.0,32.0
ORD-100184,Chinese,Starter,Chicken Dim Sum,1,34.0,34.0
ORD-100184,Indian,Side,Garlic Naan,1,8.0,8.0
ORD-100185,Indian,Main,Butter Chicken,1,45.0,45.0
ORD-100185,Arabic,Main,Chicken Shawarma Plate,1,38.0,38.0
ORD-100185,Indian,Main,Chicken Biryani,1,42.0,42.0
ORD-100185,Indian,Side,Garlic Naan,1,8.0,8.0
ORD-100185,Indian,Beverage,Mango Lassi,1,16.0,16.0
ORD-100186,Indian,Main,Chicken Biryani,1,42.0,42.0
ORD-100186,Indian,Side,Garlic Naan,1,8.0,8.0
ORD-100186,Indian,Beverage,Mango Lassi,1,16.0,16.0
ORD-100187,Italian,Main,Margherita Pizza,1,45.0,45.0
ORD-100187,Italian,Main,Beef Lasagna,1,55.0,55.0
ORD-100187,Italian,Side,Garlic Bread,1,18.0,18.0
ORD-100188,Italian,Main,Penne Arrabbiata,1,42.0,42.0
ORD-100188,Italian,Starter,Caesar Salad,1,32.0,32.0
ORD-100189,Continental,Main,Classic Beef Burger,1,48.0,48.0
ORD-100189,Continental,Main,Grilled Chicken Burger,1,42.0,42.0
ORD-100190,Continental,Main,Classic Beef Burger,2,48.0,96.0
ORD-100190,Continental,Main,Fish and Chips,1,50.0,50.0
ORD-100190,Continental,Side,French Fries,2,16.0,32.0
ORD-100191,Arabic,Main,Mixed Grill,2,75.0,150.0
ORD-100191,Arabic,Starter,Hummus,1,22.0,22.0
ORD-100192,Italian,Main,Penne Arrabbiata,1,42.0,42.0
ORD-100192,Italian,Side,Garlic Bread,1,18.0,18.0
ORD-100193,Arabic,Main,Chicken Shawarma Plate,1,38.0,38.0
ORD-100193,Arabic,Starter,Hummus,1,22.0,22.0
ORD-100194,Chinese,Main,Szechuan Beef,1,52.0,52.0
ORD-100194,Chinese,Beverage,Jasmine Tea,1,12.0,12.0
ORD-100195,Arabic,Main,Falafel Wrap,1,22.0,22.0
ORD-100195,Arabic,Main,Lamb Mandi,1,62.0,62.0
ORD-100195,Arabic,Starter,Fattoush,1,24.0,24.0
ORD-100195,Arabic,Dessert,Kunafa,1,28.0,28.0
ORD-100196,Indian,Main,Butter Chicken,1,45.0,45.0
ORD-100196,Indian,Dessert,Gulab Jamun,1,18.0,18.0
ORD-100197,Indian,Main,Chicken Biryani,1,42.0,42.0
ORD-100197,Indian,Starter,Chicken Tikka,1,36.0,36.0
ORD-100197,Indian,Side,Garlic Naan,1,8.0,8.0
ORD-100198,Arabic,Main,Lamb Mandi,1,62.0,62.0
ORD-100198,Arabic,Main,Mixed Grill,1,75.0,75.0
ORD-100198,Arabic,Starter,Fattoush,1,24.0,24.0
ORD-100198,Arabic,Beverage,Mint Lemonade,1,18.0,18.0
ORD-100199,Italian,Main,Penne Arrabbiata,1,42.0,42.0
ORD-100199,Italian,Main,Fettuccine Alfredo,1,48.0,48.0
ORD-100199,Italian,Dessert,Tiramisu,1,30.0,30.0
ORD-100199,Italian,Beverage,Italian Lemon Soda,2,18.0,36.0
ORD-100200,Indian,Main,Butter Chicken,1,45.0,45.0
ORD-100200,Indian,Side,Garlic Naan,1,8.0,8.0
ORD-100201,Italian,Main,Pepperoni Pizza,1,52.0,52.0
ORD-100202,Arabic,Main,Mixed Grill,1,75.0,75.0
ORD-100202,Arabic,Main,Chicken Shawarma Plate,1,38.0,38.0
ORD-100202,Arabic,Main,Chicken Machboos,1,48.0,48.0
ORD-100202,Arabic,Dessert,Kunafa,1,28.0,28.0
ORD-100203,Italian,Main,Pepperoni Pizza,1,52.0,52.0
ORD-100204,Indian,Main,Mutton Biryani,1,52.0,52.0
ORD-100204,Indian,Starter,Vegetable Samosa,1,16.0,16.0
ORD-100204,Indian,Dessert,Gulab Jamun,1,18.0,18.0
ORD-100204,Indian,Beverage,Mango Lassi,1,16.0,16.0
ORD-100205,Continental,Main,Grilled Salmon,1,78.0,78.0
ORD-100205,Continental,Main,Grilled Chicken with Mash,1,52.0,52.0
ORD-100205,Continental,Starter,Chicken Wings,1,34.0,34.0
ORD-100205,Continental,Side,French Fries,1,16.0,16.0
ORD-100205,Continental,Beverage,Chocolate Milkshake,1,22.0,22.0
ORD-100206,Indian,Main,Palak Paneer,1,34.0,34.0
ORD-100206,Indian,Starter,Vegetable Samosa,1,16.0,16.0
ORD-100207,Italian,Main,Beef Lasagna,1,55.0,55.0
ORD-100207,Italian,Main,Fettuccine Alfredo,1,48.0,48.0
ORD-100208,Italian,Main,Pepperoni Pizza,1,52.0,52.0
ORD-100208,Italian,Main,Fettuccine Alfredo,1,48.0,48.0
ORD-100208,Italian,Starter,Bruschetta,1,26.0,26.0
ORD-100209,Indian,Main,Butter Chicken,1,45.0,45.0
ORD-100209,Indian,Side,Garlic Naan,1,8.0,8.0
ORD-100210,Arabic,Main,Lamb Mandi,3,62.0,186.0
ORD-100210,Arabic,Side,Arabic Rice,2,12.0,24.0
ORD-100210,Arabic,Beverage,Mint Lemonade,1,18.0,18.0
ORD-100211,Italian,Main,Penne Arrabbiata,1,42.0,42.0
ORD-100211,Italian,Dessert,Tiramisu,1,30.0,30.0
ORD-100212,Indian,Main,Palak Paneer,1,34.0,34.0
ORD-100212,Indian,Side,Garlic Naan,1,8.0,8.0
ORD-100213,Continental,Main,Grilled Chicken Burger,1,42.0,42.0
ORD-100213,Continental,Main,Fish and Chips,1,50.0,50.0
ORD-100213,Continental,Starter,Chicken Wings,1,34.0,34.0
ORD-100213,Continental,Beverage,Chocolate Milkshake,1,22.0,22.0
ORD-100214,Italian,Main,Fettuccine Alfredo,1,48.0,48.0
ORD-100214,Italian,Beverage,Italian Lemon Soda,1,18.0,18.0
ORD-100215,Italian,Main,Margherita Pizza,1,45.0,45.0
ORD-100215,Italian,Main,Fettuccine Alfredo,1,48.0,48.0
ORD-100215,Italian,Starter,Bruschetta,1,26.0,26.0
ORD-100216,Arabic,Main,Chicken Machboos,2,48.0,96.0
ORD-100216,Arabic,Beverage,Mint Lemonade,2,18.0,36.0
ORD-100217,Continental,Main,Grilled Chicken with Mash,1,52.0,52.0
ORD-100217,Continental,Starter,Soup of the Day,1,22.0,22.0
ORD-100218,Chinese,Main,Veg Hakka Noodles,1,32.0,32.0
ORD-100218,Chinese,Beverage,Jasmine Tea,1,12.0,12.0
ORD-100219,Italian,Main,Margherita Pizza,1,45.0,45.0
ORD-100219,Italian,Starter,Bruschetta,1,26.0,26.0
ORD-100219,Italian,Side,Garlic Bread,1,18.0,18.0
ORD-100219,Italian,Dessert,Tiramisu,1,30.0,30.0
ORD-100219,Italian,Beverage,Italian Lemon Soda,1,18.0,18.0
ORD-100220,Arabic,Main,Chicken Machboos,1,48.0,48.0
ORD-100221,Continental,Main,Fish and Chips,2,50.0,100.0
ORD-100222,Continental,Main,Fish and Chips,1,50.0,50.0
ORD-100222,Continental,Dessert,Chocolate Brownie,1,24.0,24.0
ORD-100222,Continental,Beverage,Chocolate Milkshake,1,22.0,22.0
ORD-100223,Indian,Main,Chicken Biryani,2,42.0,84.0
ORD-100223,Indian,Side,Jeera Rice,2,14.0,28.0
ORD-100223,Indian,Dessert,Gulab Jamun,1,18.0,18.0
ORD-100223,Indian,Beverage,Mango Lassi,2,16.0,32.0
ORD-100224,Indian,Main,Mutton Biryani,1,52.0,52.0
ORD-100224,Indian,Main,Butter Chicken,1,45.0,45.0
ORD-100224,Indian,Side,Garlic Naan,2,8.0,16.0
ORD-100225,Continental,Main,Grilled Salmon,1,78.0,78.0
ORD-100225,Continental,Main,Fish and Chips,1,50.0,50.0
ORD-100225,Continental,Main,Grilled Chicken Burger,1,42.0,42.0
ORD-100225,Continental,Beverage,Chocolate Milkshake,1,22.0,22.0
ORD-100226,Continental,Main,Classic Beef Burger,1,48.0,48.0
ORD-100227,Arabic,Main,Falafel Wrap,1,22.0,22.0
ORD-100227,Arabic,Main,Mixed Grill,1,75.0,75.0
ORD-100227,Arabic,Beverage,Mint Lemonade,1,18.0,18.0
ORD-100228,Arabic,Main,Mixed Grill,1,75.0,75.0
ORD-100228,Arabic,Starter,Fattoush,1,24.0,24.0
ORD-100228,Arabic,Dessert,Umm Ali,1,26.0,26.0
ORD-100228,Arabic,Beverage,Mint Lemonade,1,18.0,18.0
ORD-100229,Indian,Main,Butter Chicken,1,45.0,45.0
ORD-100229,Indian,Starter,Paneer Tikka,1,32.0,32.0
ORD-100229,Indian,Side,Jeera Rice,1,14.0,14.0
ORD-100229,Indian,Beverage,Mango Lassi,1,16.0,16.0
ORD-100230,Arabic,Main,Lamb Mandi,1,62.0,62.0
ORD-100230,Arabic,Main,Falafel Wrap,1,22.0,22.0
ORD-100230,Arabic,Beverage,Mint Lemonade,1,18.0,18.0
ORD-100231,Arabic,Main,Lamb Mandi,1,62.0,62.0
ORD-100231,Arabic,Starter,Fattoush,1,24.0,24.0
ORD-100231,Arabic,Dessert,Umm Ali,1,26.0,26.0
ORD-100232,Continental,Main,Classic Beef Burger,1,48.0,48.0
ORD-100232,Italian,Main,Pepperoni Pizza,1,52.0,52.0
ORD-100232,Italian,Dessert,Tiramisu,1,30.0,30.0
ORD-100232,Continental,Beverage,Chocolate Milkshake,2,22.0,44.0
ORD-100233,Indian,Main,Butter Chicken,1,45.0,45.0
ORD-100233,Indian,Side,Jeera Rice,1,14.0,14.0
ORD-100233,Indian,Beverage,Mango Lassi,1,16.0,16.0
ORD-100234,Italian,Main,Margherita Pizza,1,45.0,45.0
ORD-100234,Italian,Starter,Caesar Salad,1,32.0,32.0
ORD-100234,Italian,Beverage,Italian Lemon Soda,1,18.0,18.0
ORD-100235,Chinese,Main,Szechuan Beef,1,52.0,52.0
ORD-100236,Arabic,Main,Chicken Shawarma Plate,2,38.0,76.0
ORD-100236,Arabic,Starter,Fattoush,1,24.0,24.0
ORD-100236,Arabic,Beverage,Mint Lemonade,2,18.0,36.0
ORD-100237,Indian,Main,Dal Makhani,1,32.0,32.0
ORD-100237,Indian,Main,Butter Chicken,2,45.0,90.0
ORD-100237,Indian,Side,Garlic Naan,2,8.0,16.0
ORD-100238,Arabic,Main,Falafel Wrap,2,22.0,44.0
ORD-100238,Arabic,Beverage,Mint Lemonade,2,18.0,36.0
ORD-100239,Italian,Main,Penne Arrabbiata,1,42.0,42.0
ORD-100239,Italian,Main,Pepperoni Pizza,1,52.0,52.0
ORD-100239,Italian,Dessert,Tiramisu,1,30.0,30.0
ORD-100240,Italian,Main,Penne Arrabbiata,1,42.0,42.0
ORD-100240,Italian,Starter,Caesar Salad,1,32.0,32.0
ORD-100240,Italian,Side,Garlic Bread,1,18.0,18.0
ORD-100241,Italian,Main,Pepperoni Pizza,1,52.0,52.0
ORD-100241,Italian,Main,Margherita Pizza,1,45.0,45.0
ORD-100241,Italian,Main,Beef Lasagna,1,55.0,55.0
ORD-100242,Arabic,Main,Mixed Grill,1,75.0,75.0
ORD-100242,Arabic,Main,Falafel Wrap,1,22.0,22.0
ORD-100243,Chinese,Main,Veg Hakka Noodles,1,32.0,32.0
ORD-100243,Chinese,Starter,Spring Rolls,1,22.0,22.0
ORD-100243,Chinese,Side,Steamed Rice,1,10.0,10.0
ORD-100244,Arabic,Main,Lamb Mandi,1,62.0,62.0
ORD-100244,Arabic,Main,Mixed Grill,1,75.0,75.0
ORD-100244,Arabic,Dessert,Kunafa,1,28.0,28.0
ORD-100245,Arabic,Main,Chicken Machboos,1,48.0,48.0
ORD-100245,Arabic,Beverage,Mint Lemonade,1,18.0,18.0
ORD-100246,Italian,Main,Margherita Pizza,1,45.0,45.0
ORD-100246,Italian,Starter,Caesar Salad,1,32.0,32.0
ORD-100247,Arabic,Main,Lamb Mandi,1,62.0,62.0
ORD-100247,Arabic,Starter,Fattoush,1,24.0,24.0
ORD-100247,Arabic,Beverage,Mint Lemonade,1,18.0,18.0
ORD-100248,Indian,Main,Dal Makhani,1,32.0,32.0
ORD-100248,Indian,Main,Chicken Biryani,1,42.0,42.0
ORD-100248,Indian,Side,Garlic Naan,2,8.0,16.0
ORD-100249,Continental,Main,Classic Beef Burger,1,48.0,48.0
ORD-100249,Continental,Side,French Fries,1,16.0,16.0
ORD-100249,Continental,Beverage,Chocolate Milkshake,1,22.0,22.0
ORD-100250,Italian,Main,Beef Lasagna,1,55.0,55.0
ORD-100251,Indian,Main,Chicken Biryani,1,42.0,42.0
ORD-100251,Indian,Side,Garlic Naan,1,8.0,8.0
ORD-100251,Indian,Beverage,Mango Lassi,1,16.0,16.0
ORD-100252,Chinese,Main,Szechuan Beef,1,52.0,52.0
ORD-100253,Indian,Main,Palak Paneer,1,34.0,34.0
ORD-100253,Indian,Main,Mutton Biryani,1,52.0,52.0
ORD-100253,Indian,Main,Dal Makhani,1,32.0,32.0
ORD-100253,Indian,Beverage,Mango Lassi,3,16.0,48.0
ORD-100254,Chinese,Main,Kung Pao Chicken,1,44.0,44.0
ORD-100254,Chinese,Main,Chicken Fried Rice,1,34.0,34.0
ORD-100254,Chinese,Side,Steamed Rice,2,10.0,20.0
ORD-100254,Continental,Beverage,Chocolate Milkshake,1,22.0,22.0
ORD-100255,Indian,Main,Chicken Biryani,1,42.0,42.0
ORD-100255,Indian,Starter,Paneer Tikka,1,32.0,32.0
ORD-100255,Indian,Side,Garlic Naan,1,8.0,8.0
ORD-100255,Indian,Beverage,Mango Lassi,1,16.0,16.0
ORD-100256,Arabic,Main,Chicken Machboos,1,48.0,48.0
ORD-100257,Italian,Main,Beef Lasagna,3,55.0,165.0
ORD-100257,Italian,Starter,Caesar Salad,1,32.0,32.0
ORD-100257,Italian,Side,Garlic Bread,1,18.0,18.0
ORD-100257,Italian,Beverage,Italian Lemon Soda,2,18.0,36.0
ORD-100258,Arabic,Main,Mixed Grill,1,75.0,75.0
ORD-100258,Chinese,Main,Kung Pao Chicken,1,44.0,44.0
ORD-100258,Chinese,Starter,Hot and Sour Soup,1,24.0,24.0
ORD-100258,Arabic,Side,Arabic Rice,1,12.0,12.0
ORD-100259,Indian,Main,Mutton Biryani,2,52.0,104.0
ORD-100259,Indian,Starter,Chicken Tikka,1,36.0,36.0
ORD-100259,Indian,Side,Garlic Naan,2,8.0,16.0
ORD-100260,Chinese,Main,Veg Hakka Noodles,2,32.0,64.0
ORD-100260,Chinese,Main,Kung Pao Chicken,1,44.0,44.0
ORD-100260,Chinese,Starter,Hot and Sour Soup,1,24.0,24.0
ORD-100260,Chinese,Side,Steamed Rice,1,10.0,10.0
ORD-100261,Arabic,Main,Mixed Grill,1,75.0,75.0
ORD-100261,Arabic,Starter,Mutabbal,1,22.0,22.0
ORD-100261,Arabic,Beverage,Mint Lemonade,1,18.0,18.0
ORD-100262,Italian,Main,Margherita Pizza,1,45.0,45.0
ORD-100262,Italian,Beverage,Italian Lemon Soda,1,18.0,18.0
ORD-100263,Italian,Main,Fettuccine Alfredo,1,48.0,48.0
ORD-100263,Italian,Starter,Bruschetta,1,26.0,26.0
ORD-100264,Arabic,Main,Falafel Wrap,1,22.0,22.0
ORD-100264,Arabic,Beverage,Mint Lemonade,1,18.0,18.0
ORD-100265,Arabic,Main,Lamb Mandi,1,62.0,62.0
ORD-100265,Arabic,Starter,Hummus,1,22.0,22.0
ORD-100265,Arabic,Beverage,Mint Lemonade,1,18.0,18.0
ORD-100266,Indian,Main,Chicken Biryani,2,42.0,84.0
ORD-100266,Indian,Starter,Chicken Tikka,1,36.0,36.0
ORD-100267,Chinese,Main,Veg Hakka Noodles,1,32.0,32.0
ORD-100267,Italian,Beverage,Italian Lemon Soda,1,18.0,18.0
ORD-100268,Indian,Main,Butter Chicken,1,45.0,45.0
ORD-100268,Arabic,Main,Chicken Machboos,1,48.0,48.0
ORD-100268,Indian,Side,Jeera Rice,2,14.0,28.0
ORD-100269,Continental,Main,Classic Beef Burger,1,48.0,48.0
ORD-100269,Continental,Starter,Chicken Wings,1,34.0,34.0
ORD-100270,Arabic,Main,Lamb Mandi,1,62.0,62.0
ORD-100270,Continental,Beverage,Chocolate Milkshake,1,22.0,22.0
ORD-100271,Arabic,Main,Falafel Wrap,1,22.0,22.0
ORD-100271,Arabic,Main,Lamb Mandi,2,62.0,124.0
ORD-100271,Arabic,Starter,Fattoush,1,24.0,24.0
ORD-100271,Arabic,Beverage,Mint Lemonade,3,18.0,54.0
ORD-100272,Indian,Main,Palak Paneer,1,34.0,34.0
ORD-100272,Indian,Main,Mutton Biryani,1,52.0,52.0
ORD-100272,Indian,Starter,Paneer Tikka,1,32.0,32.0
ORD-100273,Indian,Main,Chicken Biryani,1,42.0,42.0
ORD-100273,Indian,Side,Garlic Naan,1,8.0,8.0
ORD-100274,Indian,Main,Dal Makhani,1,32.0,32.0
ORD-100274,Indian,Main,Butter Chicken,1,45.0,45.0
ORD-100274,Indian,Side,Garlic Naan,2,8.0,16.0
ORD-100275,Chinese,Main,Szechuan Beef,1,52.0,52.0
ORD-100275,Chinese,Side,Steamed Rice,1,10.0,10.0
ORD-100275,Chinese,Dessert,Mango Pudding,1,20.0,20.0
ORD-100276,Arabic,Main,Mixed Grill,1,75.0,75.0
ORD-100276,Arabic,Main,Falafel Wrap,1,22.0,22.0
ORD-100276,Arabic,Main,Lamb Mandi,1,62.0,62.0
ORD-100277,Continental,Main,Fish and Chips,1,50.0,50.0
ORD-100277,Continental,Dessert,Chocolate Brownie,1,24.0,24.0
ORD-100277,Continental,Beverage,Chocolate Milkshake,1,22.0,22.0
ORD-100278,Chinese,Main,Szechuan Beef,1,52.0,52.0
ORD-100278,Chinese,Starter,Chicken Dim Sum,1,34.0,34.0
ORD-100279,Arabic,Main,Lamb Mandi,1,62.0,62.0
ORD-100279,Arabic,Main,Mixed Grill,1,75.0,75.0
ORD-100279,Arabic,Dessert,Kunafa,1,28.0,28.0
ORD-100280,Indian,Main,Chicken Biryani,1,42.0,42.0
ORD-100280,Indian,Main,Butter Chicken,1,45.0,45.0
ORD-100280,Indian,Starter,Vegetable Samosa,1,16.0,16.0
ORD-100280,Indian,Side,Jeera Rice,2,14.0,28.0
ORD-100280,Indian,Beverage,Mango Lassi,1,16.0,16.0
ORD-100281,Indian,Main,Mutton Biryani,2,52.0,104.0
ORD-100281,Indian,Main,Chicken Biryani,1,42.0,42.0
ORD-100281,Indian,Starter,Vegetable Samosa,1,16.0,16.0
ORD-100281,Indian,Side,Jeera Rice,3,14.0,42.0
ORD-100281,Indian,Dessert,Gulab Jamun,1,18.0,18.0
ORD-100281,Indian,Beverage,Mango Lassi,2,16.0,32.0
ORD-100282,Italian,Main,Pepperoni Pizza,2,52.0,104.0
ORD-100282,Italian,Starter,Bruschetta,1,26.0,26.0
ORD-100282,Italian,Dessert,Tiramisu,1,30.0,30.0
ORD-100283,Indian,Main,Butter Chicken,1,45.0,45.0
ORD-100283,Indian,Starter,Chicken Tikka,1,36.0,36.0
ORD-100283,Indian,Side,Garlic Naan,1,8.0,8.0
ORD-100284,Arabic,Main,Falafel Wrap,1,22.0,22.0
ORD-100284,Arabic,Starter,Hummus,1,22.0,22.0
ORD-100284,Arabic,Beverage,Mint Lemonade,1,18.0,18.0
ORD-100285,Chinese,Main,Kung Pao Chicken,1,44.0,44.0
ORD-100285,Chinese,Starter,Spring Rolls,1,22.0,22.0
ORD-100285,Chinese,Side,Steamed Rice,1,10.0,10.0
ORD-100285,Chinese,Beverage,Jasmine Tea,1,12.0,12.0
ORD-100286,Chinese,Main,Veg Hakka Noodles,1,32.0,32.0
ORD-100286,Chinese,Starter,Hot and Sour Soup,1,24.0,24.0
ORD-100287,Italian,Main,Fettuccine Alfredo,1,48.0,48.0
ORD-100287,Italian,Main,Beef Lasagna,1,55.0,55.0
ORD-100287,Italian,Starter,Bruschetta,1,26.0,26.0
ORD-100287,Italian,Side,Garlic Bread,2,18.0,36.0
ORD-100287,Italian,Dessert,Tiramisu,1,30.0,30.0
ORD-100288,Indian,Main,Mutton Biryani,1,52.0,52.0
ORD-100288,Indian,Side,Garlic Naan,1,8.0,8.0
ORD-100288,Indian,Beverage,Mango Lassi,1,16.0,16.0
ORD-100289,Indian,Main,Chicken Biryani,1,42.0,42.0
ORD-100289,Indian,Side,Jeera Rice,1,14.0,14.0
ORD-100290,Arabic,Main,Lamb Mandi,1,62.0,62.0
ORD-100291,Indian,Main,Butter Chicken,1,45.0,45.0
ORD-100292,Continental,Main,Fish and Chips,1,50.0,50.0
ORD-100292,Continental,Main,Classic Beef Burger,1,48.0,48.0
ORD-100292,Continental,Starter,Chicken Wings,1,34.0,34.0
ORD-100293,Continental,Main,Classic Beef Burger,1,48.0,48.0
ORD-100294,Italian,Main,Beef Lasagna,1,55.0,55.0
ORD-100294,Italian,Starter,Bruschetta,1,26.0,26.0
ORD-100295,Italian,Main,Pepperoni Pizza,1,52.0,52.0
ORD-100295,Italian,Main,Penne Arrabbiata,1,42.0,42.0
ORD-100295,Italian,Main,Margherita Pizza,1,45.0,45.0
ORD-100295,Italian,Dessert,Tiramisu,1,30.0,30.0
ORD-100296,Indian,Main,Butter Chicken,1,45.0,45.0
ORD-100296,Indian,Starter,Chicken Tikka,1,36.0,36.0
ORD-100296,Italian,Beverage,Italian Lemon Soda,1,18.0,18.0
ORD-100297,Indian,Main,Butter Chicken,1,45.0,45.0
ORD-100297,Indian,Main,Dal Makhani,1,32.0,32.0
ORD-100297,Indian,Side,Jeera Rice,2,14.0,28.0
ORD-100298,Italian,Main,Fettuccine Alfredo,1,48.0,48.0
ORD-100298,Italian,Main,Margherita Pizza,1,45.0,45.0
ORD-100298,Italian,Starter,Caesar Salad,1,32.0,32.0
ORD-100299,Continental,Main,Fish and Chips,1,50.0,50.0
ORD-100299,Continental,Beverage,Chocolate Milkshake,1,22.0,22.0
ORD-100300,Italian,Main,Pepperoni Pizza,1,52.0,52.0
ORD-100300,Italian,Side,Garlic Bread,1,18.0,18.0
ORD-100301,Continental,Main,Grilled Chicken with Mash,1,52.0,52.0
ORD-100301,Continental,Beverage,Chocolate Milkshake,1,22.0,22.0
ORD-100302,Chinese,Main,Chicken Manchurian,1,38.0,38.0
ORD-100302,Chinese,Starter,Hot and Sour Soup,1,24.0,24.0
ORD-100302,Chinese,Side,Steamed Rice,1,10.0,10.0
ORD-100302,Chinese,Dessert,Mango Pudding,1,20.0,20.0
ORD-100302,Chinese,Beverage,Jasmine Tea,1,12.0,12.0
ORD-100303,Indian,Main,Mutton Biryani,1,52.0,52.0
ORD-100303,Indian,Starter,Paneer Tikka,1,32.0,32.0
ORD-100303,Indian,Side,Garlic Naan,1,8.0,8.0
ORD-100304,Continental,Main,Grilled Chicken Burger,1,42.0,42.0
ORD-100304,Continental,Starter,Chicken Wings,1,34.0,34.0
ORD-100304,Continental,Side,French Fries,1,16.0,16.0
ORD-100304,Continental,Beverage,Chocolate Milkshake,1,22.0,22.0
ORD-100305,Italian,Main,Fettuccine Alfredo,1,48.0,48.0
ORD-100305,Italian,Main,Margherita Pizza,1,45.0,45.0
ORD-100305,Italian,Starter,Bruschetta,1,26.0,26.0
ORD-100306,Chinese,Main,Chicken Fried Rice,1,34.0,34.0
ORD-100306,Chinese,Beverage,Jasmine Tea,1,12.0,12.0
ORD-100307,Arabic,Main,Mixed Grill,1,75.0,75.0
ORD-100307,Indian,Beverage,Mango Lassi,1,16.0,16.0
ORD-100308,Arabic,Main,Chicken Shawarma Plate,1,38.0,38.0
ORD-100308,Arabic,Side,Arabic Rice,1,12.0,12.0
ORD-100308,Italian,Beverage,Italian Lemon Soda,1,18.0,18.0
ORD-100309,Chinese,Main,Kung Pao Chicken,1,44.0,44.0
ORD-100309,Chinese,Beverage,Jasmine Tea,1,12.0,12.0
ORD-100310,Continental,Main,Classic Beef Burger,1,48.0,48.0
ORD-100311,Arabic,Main,Falafel Wrap,1,22.0,22.0
ORD-100311,Arabic,Main,Chicken Shawarma Plate,2,38.0,76.0
ORD-100311,Chinese,Starter,Chicken Dim Sum,1,34.0,34.0
ORD-100311,Arabic,Side,Arabic Rice,2,12.0,24.0
ORD-100311,Arabic,Beverage,Mint Lemonade,3,18.0,54.0
ORD-100312,Continental,Main,Fish and Chips,2,50.0,100.0
ORD-100312,Continental,Starter,Soup of the Day,1,22.0,22.0
ORD-100313,Chinese,Main,Veg Hakka Noodles,1,32.0,32.0
ORD-100314,Arabic,Main,Chicken Machboos,1,48.0,48.0
ORD-100314,Arabic,Main,Falafel Wrap,1,22.0,22.0
ORD-100314,Arabic,Main,Lamb Mandi,1,62.0,62.0
ORD-100314,Arabic,Starter,Hummus,1,22.0,22.0
ORD-100315,Continental,Main,Grilled Salmon,1,78.0,78.0
ORD-100315,Continental,Main,Fish and Chips,1,50.0,50.0
ORD-100315,Continental,Dessert,New York Cheesecake,1,28.0,28.0
ORD-100315,Continental,Beverage,Chocolate Milkshake,2,22.0,44.0
ORD-100316,Continental,Main,Classic Beef Burger,2,48.0,96.0
ORD-100316,Continental,Starter,Chicken Wings,1,34.0,34.0
ORD-100317,Indian,Main,Chicken Biryani,1,42.0,42.0
ORD-100317,Indian,Side,Garlic Naan,1,8.0,8.0
ORD-100317,Indian,Dessert,Gulab Jamun,1,18.0,18.0
ORD-100317,Indian,Beverage,Mango Lassi,1,16.0,16.0
ORD-100318,Italian,Main,Pepperoni Pizza,1,52.0,52.0
ORD-100319,Indian,Main,Butter Chicken,1,45.0,45.0
ORD-100319,Indian,Side,Jeera Rice,1,14.0,14.0
ORD-100319,Indian,Dessert,Gulab Jamun,1,18.0,18.0
ORD-100320,Continental,Main,Grilled Chicken with Mash,2,52.0,104.0
ORD-100320,Continental,Main,Classic Beef Burger,1,48.0,48.0
ORD-100320,Continental,Starter,Chicken Wings,1,34.0,34.0
ORD-100320,Continental,Beverage,Chocolate Milkshake,3,22.0,66.0
ORD-100321,Arabic,Main,Chicken Shawarma Plate,1,38.0,38.0
ORD-100321,Arabic,Main,Mixed Grill,1,75.0,75.0
ORD-100321,Arabic,Starter,Fattoush,1,24.0,24.0
ORD-100322,Continental,Main,Grilled Chicken with Mash,2,52.0,104.0
ORD-100322,Continental,Beverage,Chocolate Milkshake,1,22.0,22.0
ORD-100323,Arabic,Main,Falafel Wrap,1,22.0,22.0
ORD-100323,Arabic,Main,Chicken Shawarma Plate,1,38.0,38.0
ORD-100323,Arabic,Starter,Fattoush,1,24.0,24.0
ORD-100323,Arabic,Side,Arabic Rice,2,12.0,24.0
ORD-100323,Arabic,Dessert,Umm Ali,1,26.0,26.0
ORD-100324,Italian,Main,Penne Arrabbiata,1,42.0,42.0
ORD-100325,Indian,Main,Dal Makhani,1,32.0,32.0
ORD-100325,Indian,Starter,Chicken Tikka,1,36.0,36.0
ORD-100325,Indian,Side,Jeera Rice,1,14.0,14.0
ORD-100325,Indian,Beverage,Mango Lassi,1,16.0,16.0
ORD-100326,Italian,Main,Penne Arrabbiata,1,42.0,42.0
ORD-100326,Italian,Beverage,Italian Lemon Soda,1,18.0,18.0
ORD-100327,Italian,Main,Fettuccine Alfredo,3,48.0,144.0
ORD-100327,Italian,Main,Pepperoni Pizza,1,52.0,52.0
ORD-100327,Italian,Starter,Caesar Salad,1,32.0,32.0
ORD-100327,Italian,Side,Garlic Bread,3,18.0,54.0
ORD-100328,Arabic,Main,Mixed Grill,1,75.0,75.0
ORD-100328,Arabic,Main,Chicken Shawarma Plate,1,38.0,38.0
ORD-100328,Arabic,Side,Arabic Rice,2,12.0,24.0
ORD-100329,Chinese,Main,Kung Pao Chicken,1,44.0,44.0
ORD-100329,Chinese,Starter,Spring Rolls,1,22.0,22.0
ORD-100329,Italian,Dessert,Tiramisu,1,30.0,30.0
ORD-100329,Italian,Beverage,Italian Lemon Soda,1,18.0,18.0
ORD-100330,Chinese,Main,Szechuan Beef,1,52.0,52.0
ORD-100330,Chinese,Starter,Chicken Dim Sum,1,34.0,34.0
ORD-100331,Chinese,Main,Kung Pao Chicken,1,44.0,44.0
ORD-100331,Chinese,Side,Steamed Rice,1,10.0,10.0
ORD-100332,Chinese,Main,Kung Pao Chicken,1,44.0,44.0
ORD-100332,Chinese,Beverage,Jasmine Tea,1,12.0,12.0
ORD-100333,Indian,Main,Palak Paneer,1,34.0,34.0
ORD-100333,Indian,Main,Mutton Biryani,1,52.0,52.0
ORD-100333,Indian,Side,Garlic Naan,1,8.0,8.0
ORD-100333,Indian,Dessert,Gulab Jamun,1,18.0,18.0
ORD-100334,Indian,Main,Butter Chicken,1,45.0,45.0
ORD-100334,Indian,Side,Garlic Naan,1,8.0,8.0
ORD-100334,Indian,Beverage,Mango Lassi,1,16.0,16.0
ORD-100335,Italian,Main,Beef Lasagna,1,55.0,55.0
ORD-100335,Italian,Dessert,Tiramisu,1,30.0,30.0
ORD-100336,Continental,Main,Grilled Chicken with Mash,1,52.0,52.0
ORD-100336,Continental,Starter,Chicken Wings,1,34.0,34.0
ORD-100337,Indian,Main,Mutton Biryani,1,52.0,52.0
ORD-100337,Indian,Side,Garlic Naan,1,8.0,8.0
ORD-100338,Indian,Main,Butter Chicken,3,45.0,135.0
ORD-100338,Indian,Main,Chicken Biryani,1,42.0,42.0
ORD-100338,Indian,Starter,Paneer Tikka,1,32.0,32.0
ORD-100338,Indian,Side,Garlic Naan,2,8.0,16.0
ORD-100338,Indian,Beverage,Mango Lassi,3,16.0,48.0
ORD-100339,Chinese,Main,Chicken Manchurian,1,38.0,38.0
ORD-100339,Chinese,Starter,Hot and Sour Soup,1,24.0,24.0
ORD-100339,Chinese,Beverage,Jasmine Tea,1,12.0,12.0
ORD-100340,Italian,Main,Beef Lasagna,1,55.0,55.0
ORD-100340,Italian,Beverage,Italian Lemon Soda,1,18.0,18.0
ORD-100341,Continental,Main,Grilled Chicken with Mash,1,52.0,52.0
ORD-100341,Continental,Main,Fish and Chips,1,50.0,50.0
ORD-100341,Continental,Starter,Chicken Wings,1,34.0,34.0
ORD-100342,Indian,Main,Butter Chicken,1,45.0,45.0
ORD-100342,Indian,Starter,Chicken Tikka,1,36.0,36.0
ORD-100342,Indian,Side,Jeera Rice,1,14.0,14.0
ORD-100343,Arabic,Main,Mixed Grill,1,75.0,75.0
ORD-100343,Arabic,Dessert,Kunafa,1,28.0,28.0
ORD-100343,Arabic,Beverage,Mint Lemonade,1,18.0,18.0
ORD-100344,Continental,Main,Grilled Salmon,1,78.0,78.0
ORD-100344,Continental,Main,Grilled Chicken with Mash,1,52.0,52.0
ORD-100344,Continental,Main,Fish and Chips,2,50.0,100.0
ORD-100344,Continental,Side,French Fries,4,16.0,64.0
ORD-100344,Continental,Dessert,Chocolate Brownie,1,24.0,24.0
ORD-100345,Italian,Main,Beef Lasagna,1,55.0,55.0
ORD-100345,Italian,Beverage,Italian Lemon Soda,1,18.0,18.0
ORD-100346,Indian,Main,Butter Chicken,2,45.0,90.0
ORD-100346,Indian,Side,Garlic Naan,1,8.0,8.0
ORD-100347,Arabic,Main,Lamb Mandi,1,62.0,62.0
ORD-100347,Arabic,Main,Falafel Wrap,1,22.0,22.0
ORD-100347,Arabic,Main,Chicken Machboos,1,48.0,48.0
ORD-100347,Arabic,Starter,Hummus,1,22.0,22.0
ORD-100347,Arabic,Beverage,Mint Lemonade,1,18.0,18.0
ORD-100348,Continental,Main,Grilled Chicken Burger,1,42.0,42.0
ORD-100348,Continental,Main,Grilled Chicken with Mash,1,52.0,52.0
ORD-100348,Continental,Beverage,Chocolate Milkshake,2,22.0,44.0
ORD-100349,Indian,Main,Dal Makhani,1,32.0,32.0
ORD-100349,Indian,Main,Palak Paneer,1,34.0,34.0
ORD-100349,Indian,Main,Mutton Biryani,1,52.0,52.0
ORD-100349,Indian,Starter,Paneer Tikka,1,32.0,32.0
ORD-100349,Indian,Side,Jeera Rice,3,14.0,42.0
ORD-100349,Indian,Beverage,Mango Lassi,1,16.0,16.0
ORD-100350,Chinese,Main,Chicken Manchurian,1,38.0,38.0
ORD-100350,Continental,Main,Classic Beef Burger,1,48.0,48.0
ORD-100350,Continental,Main,Grilled Chicken Burger,1,42.0,42.0
ORD-100351,Chinese,Main,Szechuan Beef,1,52.0,52.0
ORD-100351,Chinese,Starter,Spring Rolls,1,22.0,22.0
ORD-100351,Chinese,Side,Steamed Rice,1,10.0,10.0
ORD-100351,Chinese,Dessert,Mango Pudding,1,20.0,20.0
ORD-100352,Indian,Main,Butter Chicken,2,45.0,90.0
ORD-100352,Indian,Main,Palak Paneer,1,34.0,34.0
ORD-100352,Indian,Starter,Paneer Tikka,1,32.0,32.0
ORD-100352,Indian,Side,Jeera Rice,3,14.0,42.0
ORD-100353,Continental,Main,Classic Beef Burger,1,48.0,48.0
ORD-100353,Continental,Side,French Fries,1,16.0,16.0
ORD-100354,Arabic,Main,Chicken Machboos,1,48.0,48.0
ORD-100354,Arabic,Main,Mixed Grill,1,75.0,75.0
ORD-100354,Arabic,Dessert,Kunafa,1,28.0,28.0
ORD-100354,Arabic,Beverage,Mint Lemonade,2,18.0,36.0
ORD-100355,Indian,Main,Mutton Biryani,1,52.0,52.0
ORD-100355,Indian,Main,Butter Chicken,1,45.0,45.0
ORD-100355,Indian,Side,Garlic Naan,2,8.0,16.0
ORD-100355,Indian,Beverage,Mango Lassi,1,16.0,16.0
ORD-100356,Chinese,Main,Chicken Fried Rice,1,34.0,34.0
ORD-100356,Chinese,Side,Steamed Rice,1,10.0,10.0
ORD-100357,Continental,Main,Classic Beef Burger,2,48.0,96.0
ORD-100357,Continental,Main,Grilled Salmon,1,78.0,78.0
ORD-100357,Continental,Starter,Soup of the Day,1,22.0,22.0
ORD-100357,Continental,Side,French Fries,2,16.0,32.0
ORD-100358,Continental,Main,Classic Beef Burger,3,48.0,144.0
ORD-100358,Continental,Dessert,New York Cheesecake,1,28.0,28.0
ORD-100358,Continental,Beverage,Chocolate Milkshake,2,22.0,44.0
ORD-100359,Chinese,Main,Kung Pao Chicken,1,44.0,44.0
ORD-100359,Chinese,Dessert,Mango Pudding,1,20.0,20.0
ORD-100359,Chinese,Beverage,Jasmine Tea,1,12.0,12.0
ORD-100360,Indian,Main,Chicken Biryani,1,42.0,42.0
ORD-100360,Indian,Starter,Paneer Tikka,1,32.0,32.0
ORD-100360,Indian,Side,Garlic Naan,1,8.0,8.0
ORD-100361,Italian,Main,Margherita Pizza,1,45.0,45.0
ORD-100361,Italian,Main,Fettuccine Alfredo,1,48.0,48.0
ORD-100361,Italian,Starter,Caesar Salad,1,32.0,32.0
ORD-100361,Italian,Beverage,Italian Lemon Soda,2,18.0,36.0
ORD-100362,Chinese,Main,Kung Pao Chicken,1,44.0,44.0
ORD-100362,Chinese,Main,Chicken Fried Rice,1,34.0,34.0
ORD-100363,Italian,Main,Beef Lasagna,1,55.0,55.0
ORD-100363,Indian,Main,Chicken Biryani,1,42.0,42.0
ORD-100363,Italian,Starter,Caesar Salad,1,32.0,32.0
ORD-100363,Italian,Dessert,Tiramisu,1,30.0,30.0
ORD-100364,Indian,Main,Butter Chicken,1,45.0,45.0
ORD-100364,Indian,Main,Chicken Biryani,1,42.0,42.0
ORD-100364,Indian,Starter,Chicken Tikka,1,36.0,36.0
ORD-100364,Indian,Side,Jeera Rice,1,14.0,14.0
ORD-100365,Arabic,Main,Chicken Shawarma Plate,1,38.0,38.0
ORD-100365,Arabic,Main,Chicken Machboos,1,48.0,48.0
ORD-100365,Arabic,Starter,Hummus,1,22.0,22.0
ORD-100365,Arabic,Side,Arabic Rice,1,12.0,12.0
ORD-100365,Arabic,Dessert,Kunafa,1,28.0,28.0
ORD-100366,Italian,Main,Pepperoni Pizza,1,52.0,52.0
ORD-100366,Italian,Main,Fettuccine Alfredo,1,48.0,48.0
ORD-100366,Continental,Dessert,New York Cheesecake,1,28.0,28.0
ORD-100367,Indian,Main,Mutton Biryani,1,52.0,52.0
ORD-100367,Indian,Side,Garlic Naan,1,8.0,8.0
ORD-100367,Indian,Beverage,Mango Lassi,1,16.0,16.0
ORD-100368,Continental,Main,Grilled Chicken with Mash,2,52.0,104.0
ORD-100368,Continental,Main,Classic Beef Burger,1,48.0,48.0
ORD-100368,Continental,Side,French Fries,3,16.0,48.0
ORD-100368,Continental,Dessert,Chocolate Brownie,1,24.0,24.0
ORD-100369,Indian,Main,Dal Makhani,1,32.0,32.0
ORD-100369,Indian,Main,Butter Chicken,2,45.0,90.0
ORD-100369,Indian,Side,Jeera Rice,1,14.0,14.0
ORD-100370,Chinese,Main,Kung Pao Chicken,1,44.0,44.0
ORD-100370,Chinese,Beverage,Jasmine Tea,1,12.0,12.0
ORD-100371,Indian,Main,Chicken Biryani,1,42.0,42.0
ORD-100371,Indian,Starter,Paneer Tikka,1,32.0,32.0
ORD-100371,Indian,Side,Garlic Naan,1,8.0,8.0
ORD-100372,Italian,Main,Fettuccine Alfredo,2,48.0,96.0
ORD-100372,Italian,Starter,Caesar Salad,1,32.0,32.0
ORD-100373,Italian,Main,Margherita Pizza,1,45.0,45.0
ORD-100373,Italian,Starter,Caesar Salad,1,32.0,32.0
ORD-100373,Italian,Side,Garlic Bread,1,18.0,18.0
ORD-100374,Chinese,Main,Chicken Manchurian,1,38.0,38.0
ORD-100374,Chinese,Starter,Spring Rolls,1,22.0,22.0
ORD-100374,Chinese,Beverage,Jasmine Tea,1,12.0,12.0
ORD-100375,Chinese,Main,Chicken Fried Rice,1,34.0,34.0
ORD-100376,Italian,Main,Penne Arrabbiata,1,42.0,42.0
ORD-100377,Indian,Main,Chicken Biryani,1,42.0,42.0
ORD-100377,Indian,Beverage,Mango Lassi,1,16.0,16.0
ORD-100378,Italian,Main,Fettuccine Alfredo,1,48.0,48.0
ORD-100378,Italian,Starter,Bruschetta,1,26.0,26.0
ORD-100378,Italian,Beverage,Italian Lemon Soda,1,18.0,18.0
ORD-100379,Arabic,Main,Chicken Machboos,1,48.0,48.0
ORD-100379,Arabic,Main,Falafel Wrap,2,22.0,44.0
ORD-100379,Arabic,Starter,Fattoush,1,24.0,24.0
ORD-100380,Arabic,Main,Falafel Wrap,1,22.0,22.0
ORD-100380,Arabic,Main,Chicken Shawarma Plate,1,38.0,38.0
ORD-100380,Arabic,Main,Mixed Grill,1,75.0,75.0
ORD-100380,Arabic,Starter,Hummus,1,22.0,22.0
ORD-100381,Continental,Main,Classic Beef Burger,1,48.0,48.0
ORD-100381,Continental,Starter,Chicken Wings,1,34.0,34.0
ORD-100382,Chinese,Main,Chicken Fried Rice,1,34.0,34.0
ORD-100382,Chinese,Main,Chicken Manchurian,1,38.0,38.0
ORD-100382,Chinese,Starter,Hot and Sour Soup,1,24.0,24.0
ORD-100382,Chinese,Beverage,Jasmine Tea,2,12.0,24.0
ORD-100383,Continental,Main,Fish and Chips,1,50.0,50.0
ORD-100383,Continental,Starter,Soup of the Day,1,22.0,22.0
ORD-100383,Continental,Dessert,New York Cheesecake,1,28.0,28.0
ORD-100384,Arabic,Main,Lamb Mandi,1,62.0,62.0
ORD-100384,Italian,Dessert,Tiramisu,1,30.0,30.0
ORD-100385,Italian,Main,Margherita Pizza,1,45.0,45.0
ORD-100385,Italian,Starter,Bruschetta,1,26.0,26.0
ORD-100385,Italian,Beverage,Italian Lemon Soda,1,18.0,18.0
ORD-100386,Italian,Main,Margherita Pizza,1,45.0,45.0
ORD-100386,Italian,Side,Garlic Bread,1,18.0,18.0
ORD-100386,Italian,Beverage,Italian Lemon Soda,1,18.0,18.0
ORD-100387,Chinese,Main,Veg Hakka Noodles,1,32.0,32.0
ORD-100387,Chinese,Dessert,Mango Pudding,1,20.0,20.0
ORD-100388,Indian,Main,Dal Makhani,1,32.0,32.0
ORD-100388,Indian,Side,Jeera Rice,1,14.0,14.0
ORD-100388,Indian,Beverage,Mango Lassi,1,16.0,16.0
ORD-100389,Indian,Main,Butter Chicken,1,45.0,45.0
ORD-100389,Indian,Starter,Paneer Tikka,1,32.0,32.0
ORD-100389,Indian,Side,Jeera Rice,1,14.0,14.0
ORD-100390,Indian,Main,Palak Paneer,1,34.0,34.0
ORD-100390,Indian,Side,Jeera Rice,1,14.0,14.0
ORD-100390,Indian,Dessert,Gulab Jamun,1,18.0,18.0
ORD-100390,Indian,Beverage,Mango Lassi,1,16.0,16.0
ORD-100391,Italian,Main,Pepperoni Pizza,1,52.0,52.0
ORD-100391,Italian,Main,Fettuccine Alfredo,1,48.0,48.0
ORD-100391,Italian,Beverage,Italian Lemon Soda,2,18.0,36.0
ORD-100392,Chinese,Main,Veg Hakka Noodles,1,32.0,32.0
ORD-100392,Arabic,Starter,Fattoush,1,24.0,24.0
ORD-100392,Chinese,Side,Steamed Rice,1,10.0,10.0
ORD-100393,Indian,Main,Chicken Biryani,1,42.0,42.0
ORD-100393,Indian,Side,Garlic Naan,1,8.0,8.0
ORD-100393,Indian,Beverage,Mango Lassi,1,16.0,16.0
ORD-100394,Italian,Main,Pepperoni Pizza,1,52.0,52.0
ORD-100394,Chinese,Main,Kung Pao Chicken,1,44.0,44.0
ORD-100394,Chinese,Dessert,Mango Pudding,1,20.0,20.0
ORD-100394,Italian,Beverage,Italian Lemon Soda,2,18.0,36.0
ORD-100395,Indian,Main,Chicken Biryani,1,42.0,42.0
ORD-100396,Chinese,Main,Chicken Fried Rice,1,34.0,34.0
ORD-100396,Chinese,Main,Chicken Manchurian,1,38.0,38.0
ORD-100397,Indian,Main,Palak Paneer,1,34.0,34.0
ORD-100397,Indian,Side,Garlic Naan,1,8.0,8.0
ORD-100398,Indian,Main,Mutton Biryani,1,52.0,52.0
ORD-100398,Indian,Main,Butter Chicken,2,45.0,90.0
ORD-100398,Indian,Main,Chicken Biryani,1,42.0,42.0
ORD-100399,Indian,Main,Chicken Biryani,1,42.0,42.0
ORD-100399,Indian,Starter,Paneer Tikka,1,32.0,32.0
ORD-100399,Indian,Side,Garlic Naan,1,8.0,8.0
ORD-100399,Indian,Beverage,Mango Lassi,1,16.0,16.0
ORD-100400,Chinese,Main,Veg Hakka Noodles,1,32.0,32.0
ORD-100400,Chinese,Beverage,Jasmine Tea,1,12.0,12.0
ORD-100401,Arabic,Main,Lamb Mandi,1,62.0,62.0
ORD-100402,Continental,Main,Grilled Chicken with Mash,1,52.0,52.0
ORD-100402,Continental,Main,Grilled Chicken Burger,2,42.0,84.0
ORD-100402,Continental,Main,Fish and Chips,1,50.0,50.0
ORD-100402,Continental,Starter,Chicken Wings,1,34.0,34.0
ORD-100402,Continental,Beverage,Chocolate Milkshake,3,22.0,66.0
ORD-100403,Indian,Main,Butter Chicken,1,45.0,45.0
ORD-100403,Indian,Side,Garlic Naan,1,8.0,8.0
ORD-100404,Indian,Main,Palak Paneer,1,34.0,34.0
ORD-100404,Indian,Main,Butter Chicken,1,45.0,45.0
ORD-100404,Indian,Starter,Chicken Tikka,1,36.0,36.0
ORD-100404,Indian,Side,Garlic Naan,2,8.0,16.0
ORD-100404,Indian,Beverage,Mango Lassi,2,16.0,32.0
ORD-100405,Arabic,Main,Mixed Grill,1,75.0,75.0
ORD-100405,Arabic,Main,Chicken Shawarma Plate,1,38.0,38.0
ORD-100405,Arabic,Starter,Hummus,1,22.0,22.0
ORD-100405,Arabic,Side,Arabic Rice,2,12.0,24.0
ORD-100405,Arabic,Dessert,Kunafa,1,28.0,28.0
ORD-100406,Arabic,Main,Chicken Machboos,2,48.0,96.0
ORD-100406,Arabic,Starter,Mutabbal,1,22.0,22.0
ORD-100406,Arabic,Beverage,Mint Lemonade,2,18.0,36.0
ORD-100407,Arabic,Main,Mixed Grill,1,75.0,75.0
ORD-100407,Arabic,Starter,Fattoush,1,24.0,24.0
ORD-100408,Italian,Main,Margherita Pizza,1,45.0,45.0
ORD-100408,Italian,Beverage,Italian Lemon Soda,1,18.0,18.0
ORD-100409,Continental,Main,Grilled Chicken with Mash,1,52.0,52.0
ORD-100409,Continental,Dessert,Chocolate Brownie,1,24.0,24.0
ORD-100410,Indian,Main,Butter Chicken,1,45.0,45.0
ORD-100410,Continental,Starter,Soup of the Day,1,22.0,22.0
ORD-100410,Indian,Side,Jeera Rice,1,14.0,14.0
ORD-100410,Indian,Dessert,Gulab Jamun,1,18.0,18.0
ORD-100411,Arabic,Main,Falafel Wrap,1,22.0,22.0
ORD-100411,Arabic,Starter,Fattoush,1,24.0,24.0
ORD-100411,Arabic,Side,Arabic Rice,1,12.0,12.0
ORD-100412,Arabic,Main,Lamb Mandi,2,62.0,124.0
ORD-100412,Arabic,Beverage,Mint Lemonade,2,18.0,36.0
ORD-100413,Indian,Main,Dal Makhani,1,32.0,32.0
ORD-100413,Indian,Side,Garlic Naan,1,8.0,8.0
ORD-100413,Indian,Beverage,Mango Lassi,1,16.0,16.0
ORD-100414,Arabic,Main,Lamb Mandi,1,62.0,62.0
ORD-100414,Arabic,Starter,Fattoush,1,24.0,24.0
ORD-100414,Arabic,Side,Arabic Rice,1,12.0,12.0
ORD-100414,Arabic,Beverage,Mint Lemonade,1,18.0,18.0
ORD-100415,Continental,Main,Grilled Salmon,1,78.0,78.0
ORD-100415,Continental,Dessert,Chocolate Brownie,1,24.0,24.0
ORD-100416,Arabic,Main,Lamb Mandi,1,62.0,62.0
ORD-100416,Continental,Main,Grilled Salmon,1,78.0,78.0
ORD-100416,Arabic,Main,Chicken Shawarma Plate,1,38.0,38.0
ORD-100416,Arabic,Dessert,Kunafa,1,28.0,28.0
ORD-100416,Continental,Beverage,Chocolate Milkshake,2,22.0,44.0
ORD-100417,Chinese,Main,Kung Pao Chicken,1,44.0,44.0
ORD-100417,Chinese,Main,Chicken Fried Rice,1,34.0,34.0
ORD-100417,Chinese,Starter,Spring Rolls,1,22.0,22.0
ORD-100418,Chinese,Main,Kung Pao Chicken,1,44.0,44.0
ORD-100419,Continental,Main,Grilled Salmon,1,78.0,78.0
ORD-100419,Continental,Main,Grilled Chicken Burger,1,42.0,42.0
ORD-100419,Continental,Beverage,Chocolate Milkshake,1,22.0,22.0
ORD-100420,Chinese,Main,Chicken Manchurian,1,38.0,38.0
ORD-100421,Arabic,Main,Falafel Wrap,1,22.0,22.0
ORD-100421,Arabic,Beverage,Mint Lemonade,1,18.0,18.0
ORD-100422,Italian,Main,Penne Arrabbiata,1,42.0,42.0
ORD-100422,Italian,Side,Garlic Bread,1,18.0,18.0
ORD-100423,Italian,Main,Penne Arrabbiata,1,42.0,42.0
ORD-100423,Italian,Dessert,Tiramisu,1,30.0,30.0
ORD-100424,Italian,Main,Pepperoni Pizza,1,52.0,52.0
ORD-100424,Italian,Main,Margherita Pizza,1,45.0,45.0
ORD-100424,Italian,Dessert,Tiramisu,1,30.0,30.0
ORD-100425,Indian,Main,Butter Chicken,1,45.0,45.0
ORD-100425,Indian,Main,Dal Makhani,2,32.0,64.0
ORD-100425,Indian,Side,Garlic Naan,2,8.0,16.0
ORD-100425,Indian,Beverage,Mango Lassi,2,16.0,32.0
ORD-100426,Chinese,Main,Kung Pao Chicken,1,44.0,44.0
ORD-100426,Chinese,Side,Steamed Rice,1,10.0,10.0
ORD-100427,Arabic,Main,Mixed Grill,2,75.0,150.0
ORD-100427,Arabic,Main,Lamb Mandi,1,62.0,62.0
ORD-100427,Arabic,Side,Arabic Rice,1,12.0,12.0
ORD-100427,Arabic,Dessert,Kunafa,1,28.0,28.0
ORD-100428,Arabic,Main,Falafel Wrap,1,22.0,22.0
ORD-100428,Arabic,Side,Arabic Rice,1,12.0,12.0
ORD-100428,Arabic,Beverage,Mint Lemonade,1,18.0,18.0
ORD-100429,Chinese,Main,Chicken Manchurian,1,38.0,38.0
ORD-100429,Arabic,Main,Lamb Mandi,1,62.0,62.0
ORD-100429,Chinese,Main,Chicken Fried Rice,1,34.0,34.0
ORD-100429,Chinese,Dessert,Mango Pudding,1,20.0,20.0
ORD-100430,Chinese,Main,Szechuan Beef,1,52.0,52.0
ORD-100430,Chinese,Main,Kung Pao Chicken,1,44.0,44.0
ORD-100430,Chinese,Main,Chicken Fried Rice,1,34.0,34.0
ORD-100430,Chinese,Beverage,Jasmine Tea,1,12.0,12.0
ORD-100431,Indian,Main,Mutton Biryani,1,52.0,52.0
ORD-100431,Indian,Main,Butter Chicken,2,45.0,90.0
ORD-100431,Indian,Main,Chicken Biryani,1,42.0,42.0
ORD-100431,Indian,Starter,Paneer Tikka,1,32.0,32.0
ORD-100432,Arabic,Main,Chicken Shawarma Plate,1,38.0,38.0
ORD-100432,Arabic,Main,Falafel Wrap,1,22.0,22.0
ORD-100432,Arabic,Starter,Fattoush,1,24.0,24.0
ORD-100433,Italian,Main,Pepperoni Pizza,2,52.0,104.0
ORD-100433,Italian,Starter,Caesar Salad,1,32.0,32.0
ORD-100433,Italian,Beverage,Italian Lemon Soda,2,18.0,36.0
ORD-100434,Chinese,Main,Chicken Fried Rice,1,34.0,34.0
ORD-100434,Chinese,Starter,Spring Rolls,1,22.0,22.0
ORD-100434,Chinese,Side,Steamed Rice,1,10.0,10.0
ORD-100435,Italian,Main,Fettuccine Alfredo,1,48.0,48.0
ORD-100435,Italian,Main,Margherita Pizza,1,45.0,45.0
ORD-100435,Italian,Side,Garlic Bread,2,18.0,36.0
ORD-100435,Italian,Dessert,Tiramisu,1,30.0,30.0
ORD-100436,Italian,Main,Fettuccine Alfredo,1,48.0,48.0
ORD-100436,Italian,Starter,Bruschetta,1,26.0,26.0
ORD-100436,Italian,Side,Garlic Bread,1,18.0,18.0
ORD-100436,Italian,Dessert,Tiramisu,1,30.0,30.0
ORD-100437,Indian,Main,Chicken Biryani,1,42.0,42.0
ORD-100437,Indian,Side,Jeera Rice,1,14.0,14.0
ORD-100437,Indian,Beverage,Mango Lassi,1,16.0,16.0
ORD-100438,Arabic,Main,Chicken Machboos,2,48.0,96.0
ORD-100438,Arabic,Starter,Hummus,1,22.0,22.0
ORD-100439,Arabic,Main,Chicken Machboos,1,48.0,48.0
ORD-100439,Chinese,Main,Kung Pao Chicken,1,44.0,44.0
ORD-100439,Arabic,Starter,Hummus,1,22.0,22.0
ORD-100440,Arabic,Main,Lamb Mandi,1,62.0,62.0
ORD-100440,Arabic,Main,Chicken Shawarma Plate,1,38.0,38.0
ORD-100440,Arabic,Side,Arabic Rice,1,12.0,12.0
ORD-100440,Arabic,Beverage,Mint Lemonade,2,18.0,36.0
ORD-100441,Arabic,Main,Mixed Grill,1,75.0,75.0
ORD-100441,Arabic,Main,Lamb Mandi,1,62.0,62.0
ORD-100442,Chinese,Main,Veg Hakka Noodles,1,32.0,32.0
ORD-100442,Chinese,Starter,Spring Rolls,1,22.0,22.0
ORD-100443,Italian,Main,Fettuccine Alfredo,1,48.0,48.0
ORD-100443,Italian,Side,Garlic Bread,1,18.0,18.0
ORD-100443,Continental,Beverage,Chocolate Milkshake,1,22.0,22.0
ORD-100444,Indian,Main,Dal Makhani,1,32.0,32.0
ORD-100444,Indian,Starter,Paneer Tikka,1,32.0,32.0
ORD-100445,Arabic,Main,Chicken Shawarma Plate,1,38.0,38.0
ORD-100445,Arabic,Starter,Fattoush,1,24.0,24.0
ORD-100445,Arabic,Dessert,Kunafa,1,28.0,28.0
ORD-100446,Arabic,Main,Lamb Mandi,1,62.0,62.0
ORD-100446,Continental,Main,Fish and Chips,1,50.0,50.0
ORD-100447,Continental,Main,Grilled Salmon,1,78.0,78.0
ORD-100447,Continental,Starter,Soup of the Day,1,22.0,22.0
ORD-100447,Continental,Dessert,New York Cheesecake,1,28.0,28.0
ORD-100448,Indian,Main,Chicken Biryani,1,42.0,42.0
ORD-100448,Indian,Main,Dal Makhani,1,32.0,32.0
ORD-100448,Indian,Side,Jeera Rice,2,14.0,28.0
ORD-100448,Indian,Dessert,Gulab Jamun,1,18.0,18.0
ORD-100449,Italian,Main,Pepperoni Pizza,1,52.0,52.0
ORD-100449,Italian,Main,Fettuccine Alfredo,1,48.0,48.0
ORD-100449,Italian,Main,Penne Arrabbiata,1,42.0,42.0
ORD-100449,Italian,Beverage,Italian Lemon Soda,3,18.0,54.0
ORD-100450,Arabic,Main,Chicken Shawarma Plate,1,38.0,38.0
ORD-100450,Arabic,Side,Arabic Rice,1,12.0,12.0
ORD-100451,Arabic,Main,Chicken Shawarma Plate,1,38.0,38.0
ORD-100451,Arabic,Main,Falafel Wrap,1,22.0,22.0
ORD-100451,Arabic,Beverage,Mint Lemonade,1,18.0,18.0
ORD-100452,Italian,Main,Pepperoni Pizza,1,52.0,52.0
ORD-100453,Continental,Main,Grilled Chicken with Mash,1,52.0,52.0
ORD-100454,Indian,Main,Palak Paneer,1,34.0,34.0
ORD-100454,Indian,Main,Chicken Biryani,1,42.0,42.0
ORD-100454,Indian,Starter,Chicken Tikka,1,36.0,36.0
ORD-100454,Indian,Side,Garlic Naan,2,8.0,16.0
ORD-100455,Arabic,Main,Chicken Machboos,2,48.0,96.0
ORD-100455,Arabic,Starter,Fattoush,1,24.0,24.0
ORD-100456,Arabic,Main,Lamb Mandi,1,62.0,62.0
ORD-100456,Arabic,Main,Chicken Shawarma Plate,1,38.0,38.0
ORD-100456,Arabic,Side,Arabic Rice,2,12.0,24.0
ORD-100457,Italian,Main,Margherita Pizza,1,45.0,45.0
ORD-100457,Italian,Beverage,Italian Lemon Soda,1,18.0,18.0
ORD-100458,Chinese,Main,Chicken Manchurian,1,38.0,38.0
ORD-100459,Arabic,Main,Chicken Machboos,1,48.0,48.0
ORD-100459,Indian,Starter,Chicken Tikka,1,36.0,36.0
ORD-100459,Indian,Dessert,Gulab Jamun,1,18.0,18.0
ORD-100460,Chinese,Main,Szechuan Beef,1,52.0,52.0
ORD-100460,Chinese,Main,Kung Pao Chicken,1,44.0,44.0
ORD-100460,Chinese,Starter,Spring Rolls,1,22.0,22.0
ORD-100461,Arabic,Main,Mixed Grill,1,75.0,75.0
ORD-100461,Arabic,Main,Chicken Machboos,1,48.0,48.0
ORD-100461,Arabic,Starter,Fattoush,1,24.0,24.0
ORD-100461,Arabic,Side,Arabic Rice,2,12.0,24.0
ORD-100461,Arabic,Beverage,Mint Lemonade,1,18.0,18.0
ORD-100462,Continental,Main,Grilled Chicken with Mash,1,52.0,52.0
ORD-100462,Continental,Main,Grilled Chicken Burger,1,42.0,42.0
ORD-100462,Continental,Starter,Chicken Wings,1,34.0,34.0
ORD-100462,Continental,Beverage,Chocolate Milkshake,1,22.0,22.0
ORD-100463,Arabic,Main,Chicken Shawarma Plate,1,38.0,38.0
ORD-100463,Arabic,Side,Arabic Rice,1,12.0,12.0
ORD-100464,Italian,Main,Margherita Pizza,1,45.0,45.0
ORD-100464,Chinese,Main,Chicken Fried Rice,1,34.0,34.0
ORD-100464,Chinese,Main,Veg Hakka Noodles,1,32.0,32.0
ORD-100464,Italian,Starter,Bruschetta,1,26.0,26.0
ORD-100464,Chinese,Beverage,Jasmine Tea,3,12.0,36.0
ORD-100465,Italian,Main,Pepperoni Pizza,1,52.0,52.0
ORD-100465,Italian,Starter,Caesar Salad,1,32.0,32.0
ORD-100465,Italian,Side,Garlic Bread,1,18.0,18.0
ORD-100466,Chinese,Main,Szechuan Beef,1,52.0,52.0
ORD-100466,Indian,Main,Chicken Biryani,1,42.0,42.0
ORD-100466,Chinese,Beverage,Jasmine Tea,2,12.0,24.0
ORD-100467,Indian,Main,Butter Chicken,1,45.0,45.0
ORD-100467,Indian,Side,Garlic Naan,1,8.0,8.0
ORD-100467,Indian,Dessert,Gulab Jamun,1,18.0,18.0
ORD-100468,Continental,Main,Fish and Chips,1,50.0,50.0
ORD-100468,Continental,Main,Grilled Chicken with Mash,1,52.0,52.0
ORD-100468,Continental,Starter,Chicken Wings,1,34.0,34.0
ORD-100468,Continental,Beverage,Chocolate Milkshake,2,22.0,44.0
ORD-100469,Indian,Main,Mutton Biryani,1,52.0,52.0
ORD-100469,Indian,Main,Butter Chicken,1,45.0,45.0
ORD-100469,Indian,Main,Chicken Biryani,2,42.0,84.0
ORD-100469,Indian,Dessert,Gulab Jamun,1,18.0,18.0
ORD-100470,Arabic,Main,Chicken Shawarma Plate,1,38.0,38.0
ORD-100471,Continental,Main,Grilled Chicken Burger,1,42.0,42.0
ORD-100471,Continental,Starter,Chicken Wings,1,34.0,34.0
ORD-100471,Continental,Side,French Fries,1,16.0,16.0
ORD-100472,Arabic,Main,Chicken Machboos,1,48.0,48.0
ORD-100472,Arabic,Beverage,Mint Lemonade,1,18.0,18.0
ORD-100473,Arabic,Main,Mixed Grill,1,75.0,75.0
ORD-100473,Continental,Main,Grilled Chicken with Mash,1,52.0,52.0
ORD-100474,Italian,Main,Margherita Pizza,1,45.0,45.0
ORD-100474,Italian,Starter,Caesar Salad,1,32.0,32.0
ORD-100474,Italian,Side,Garlic Bread,1,18.0,18.0
ORD-100475,Arabic,Main,Chicken Shawarma Plate,1,38.0,38.0
ORD-100476,Arabic,Main,Lamb Mandi,1,62.0,62.0
ORD-100476,Italian,Main,Pepperoni Pizza,1,52.0,52.0
ORD-100476,Arabic,Main,Falafel Wrap,1,22.0,22.0
ORD-100476,Italian,Beverage,Italian Lemon Soda,1,18.0,18.0
ORD-100477,Italian,Main,Penne Arrabbiata,1,42.0,42.0
ORD-100477,Italian,Starter,Bruschetta,1,26.0,26.0
ORD-100478,Arabic,Main,Mixed Grill,1,75.0,75.0
ORD-100478,Arabic,Side,Arabic Rice,1,12.0,12.0
ORD-100479,Indian,Main,Mutton Biryani,1,52.0,52.0
ORD-100479,Indian,Main,Butter Chicken,1,45.0,45.0
ORD-100479,Indian,Main,Chicken Biryani,1,42.0,42.0
ORD-100479,Indian,Starter,Paneer Tikka,1,32.0,32.0
ORD-100480,Chinese,Main,Chicken Manchurian,1,38.0,38.0
ORD-100480,Indian,Main,Palak Paneer,1,34.0,34.0
ORD-100480,Indian,Starter,Paneer Tikka,1,32.0,32.0
ORD-100480,Indian,Dessert,Gulab Jamun,1,18.0,18.0
ORD-100481,Continental,Main,Grilled Chicken Burger,1,42.0,42.0
ORD-100481,Continental,Starter,Chicken Wings,1,34.0,34.0
ORD-100481,Continental,Beverage,Chocolate Milkshake,1,22.0,22.0
ORD-100482,Indian,Main,Butter Chicken,1,45.0,45.0
ORD-100482,Indian,Side,Jeera Rice,1,14.0,14.0
ORD-100483,Arabic,Main,Chicken Shawarma Plate,1,38.0,38.0
ORD-100483,Arabic,Starter,Hummus,1,22.0,22.0
ORD-100484,Indian,Main,Chicken Biryani,1,42.0,42.0
ORD-100484,Indian,Side,Jeera Rice,1,14.0,14.0
ORD-100485,Italian,Main,Margherita Pizza,1,45.0,45.0
ORD-100485,Italian,Main,Penne Arrabbiata,1,42.0,42.0
ORD-100485,Italian,Side,Garlic Bread,2,18.0,36.0
ORD-100485,Italian,Beverage,Italian Lemon Soda,2,18.0,36.0
ORD-100486,Indian,Main,Butter Chicken,1,45.0,45.0
ORD-100486,Indian,Main,Chicken Biryani,1,42.0,42.0
ORD-100486,Indian,Side,Garlic Naan,2,8.0,16.0
ORD-100486,Indian,Dessert,Gulab Jamun,1,18.0,18.0
ORD-100487,Italian,Main,Beef Lasagna,1,55.0,55.0
ORD-100487,Italian,Main,Pepperoni Pizza,2,52.0,104.0
ORD-100487,Italian,Side,Garlic Bread,1,18.0,18.0
ORD-100487,Italian,Dessert,Tiramisu,1,30.0,30.0
ORD-100487,Italian,Beverage,Italian Lemon Soda,3,18.0,54.0
ORD-100488,Italian,Main,Beef Lasagna,2,55.0,110.0
ORD-100489,Arabic,Main,Lamb Mandi,1,62.0,62.0
ORD-100489,Arabic,Main,Falafel Wrap,1,22.0,22.0
ORD-100489,Arabic,Starter,Mutabbal,1,22.0,22.0
ORD-100489,Arabic,Beverage,Mint Lemonade,2,18.0,36.0
ORD-100490,Italian,Main,Margherita Pizza,1,45.0,45.0
ORD-100490,Italian,Main,Beef Lasagna,1,55.0,55.0
ORD-100491,Continental,Main,Grilled Chicken with Mash,1,52.0,52.0
ORD-100491,Continental,Main,Grilled Salmon,1,78.0,78.0
ORD-100491,Continental,Main,Classic Beef Burger,1,48.0,48.0
ORD-100491,Continental,Starter,Soup of the Day,1,22.0,22.0
ORD-100492,Chinese,Main,Veg Hakka Noodles,1,32.0,32.0
ORD-100492,Chinese,Side,Steamed Rice,1,10.0,10.0
ORD-100492,Chinese,Beverage,Jasmine Tea,1,12.0,12.0
ORD-100493,Italian,Main,Margherita Pizza,1,45.0,45.0
ORD-100493,Italian,Starter,Bruschetta,1,26.0,26.0
ORD-100493,Italian,Beverage,Italian Lemon Soda,1,18.0,18.0
ORD-100494,Arabic,Main,Lamb Mandi,1,62.0,62.0
ORD-100494,Arabic,Main,Mixed Grill,1,75.0,75.0
ORD-100494,Arabic,Starter,Fattoush,1,24.0,24.0
ORD-100495,Indian,Main,Chicken Biryani,1,42.0,42.0
ORD-100495,Indian,Main,Mutton Biryani,1,52.0,52.0
ORD-100495,Indian,Starter,Vegetable Samosa,1,16.0,16.0
ORD-100495,Indian,Side,Garlic Naan,1,8.0,8.0
ORD-100495,Indian,Beverage,Mango Lassi,1,16.0,16.0
ORD-100496,Indian,Main,Chicken Biryani,1,42.0,42.0
ORD-100496,Indian,Starter,Vegetable Samosa,1,16.0,16.0
ORD-100496,Indian,Side,Garlic Naan,1,8.0,8.0
ORD-100496,Continental,Beverage,Chocolate Milkshake,1,22.0,22.0
ORD-100497,Italian,Main,Pepperoni Pizza,1,52.0,52.0
ORD-100497,Italian,Main,Margherita Pizza,1,45.0,45.0
ORD-100497,Italian,Main,Fettuccine Alfredo,1,48.0,48.0
ORD-100497,Italian,Beverage,Italian Lemon Soda,3,18.0,54.0
ORD-100498,Continental,Main,Classic Beef Burger,2,48.0,96.0
ORD-100498,Continental,Starter,Soup of the Day,1,22.0,22.0
ORD-100498,Continental,Side,French Fries,1,16.0,16.0
ORD-100498,Continental,Beverage,Chocolate Milkshake,2,22.0,44.0
ORD-100499,Continental,Main,Grilled Chicken with Mash,1,52.0,52.0
ORD-100500,Indian,Main,Mutton Biryani,1,52.0,52.0
ORD-100500,Indian,Main,Butter Chicken,1,45.0,45.0
ORD-100500,Indian,Starter,Chicken Tikka,1,36.0,36.0
ORD-100500,Indian,Side,Garlic Naan,2,8.0,16.0
ORD-100500,Indian,Dessert,Gulab Jamun,1,18.0,18.0
ORD-100501,Indian,Main,Chicken Biryani,1,42.0,42.0
ORD-100501,Indian,Beverage,Mango Lassi,1,16.0,16.0
ORD-100502,Indian,Main,Butter Chicken,1,45.0,45.0
ORD-100502,Indian,Side,Garlic Naan,1,8.0,8.0
ORD-100503,Chinese,Main,Chicken Fried Rice,1,34.0,34.0
ORD-100503,Chinese,Side,Steamed Rice,1,10.0,10.0
ORD-100503,Chinese,Beverage,Jasmine Tea,1,12.0,12.0
ORD-100504,Indian,Main,Dal Makhani,1,32.0,32.0
ORD-100504,Indian,Main,Chicken Biryani,1,42.0,42.0
ORD-100504,Indian,Starter,Paneer Tikka,1,32.0,32.0
ORD-100504,Indian,Side,Garlic Naan,1,8.0,8.0
ORD-100504,Indian,Beverage,Mango Lassi,1,16.0,16.0
ORD-100505,Italian,Main,Fettuccine Alfredo,1,48.0,48.0
ORD-100505,Italian,Main,Pepperoni Pizza,1,52.0,52.0
ORD-100506,Italian,Main,Fettuccine Alfredo,1,48.0,48.0
ORD-100506,Italian,Main,Pepperoni Pizza,1,52.0,52.0
ORD-100506,Italian,Dessert,Tiramisu,1,30.0,30.0
ORD-100507,Chinese,Main,Veg Hakka Noodles,1,32.0,32.0
ORD-100507,Chinese,Starter,Hot and Sour Soup,1,24.0,24.0
ORD-100507,Chinese,Side,Steamed Rice,1,10.0,10.0
ORD-100507,Chinese,Dessert,Mango Pudding,1,20.0,20.0
ORD-100507,Continental,Beverage,Chocolate Milkshake,1,22.0,22.0
ORD-100508,Continental,Main,Fish and Chips,1,50.0,50.0
ORD-100508,Continental,Starter,Soup of the Day,1,22.0,22.0
ORD-100508,Continental,Beverage,Chocolate Milkshake,1,22.0,22.0
ORD-100509,Italian,Main,Fettuccine Alfredo,1,48.0,48.0
ORD-100509,Italian,Main,Margherita Pizza,2,45.0,90.0
ORD-100509,Italian,Beverage,Italian Lemon Soda,2,18.0,36.0
ORD-100510,Arabic,Main,Chicken Machboos,1,48.0,48.0
ORD-100510,Arabic,Main,Chicken Shawarma Plate,1,38.0,38.0
ORD-100510,Arabic,Side,Arabic Rice,2,12.0,24.0
ORD-100510,Arabic,Dessert,Kunafa,1,28.0,28.0
ORD-100510,Arabic,Beverage,Mint Lemonade,2,18.0,36.0
ORD-100511,Indian,Main,Butter Chicken,1,45.0,45.0
ORD-100511,Indian,Side,Garlic Naan,1,8.0,8.0
ORD-100511,Indian,Beverage,Mango Lassi,1,16.0,16.0
ORD-100512,Arabic,Main,Chicken Machboos,1,48.0,48.0
ORD-100512,Arabic,Beverage,Mint Lemonade,1,18.0,18.0
ORD-100513,Arabic,Main,Mixed Grill,1,75.0,75.0
ORD-100513,Arabic,Main,Lamb Mandi,1,62.0,62.0
ORD-100513,Indian,Starter,Paneer Tikka,1,32.0,32.0
ORD-100513,Arabic,Side,Arabic Rice,1,12.0,12.0
ORD-100514,Chinese,Main,Kung Pao Chicken,1,44.0,44.0
ORD-100514,Chinese,Side,Steamed Rice,1,10.0,10.0
ORD-100514,Indian,Beverage,Mango Lassi,1,16.0,16.0
ORD-100515,Italian,Main,Margherita Pizza,1,45.0,45.0
ORD-100515,Italian,Beverage,Italian Lemon Soda,1,18.0,18.0
ORD-100516,Indian,Main,Chicken Biryani,1,42.0,42.0
ORD-100516,Indian,Beverage,Mango Lassi,1,16.0,16.0
ORD-100517,Chinese,Main,Szechuan Beef,1,52.0,52.0
ORD-100517,Chinese,Main,Chicken Manchurian,1,38.0,38.0
ORD-100517,Chinese,Starter,Hot and Sour Soup,1,24.0,24.0
ORD-100518,Arabic,Main,Chicken Shawarma Plate,1,38.0,38.0
ORD-100518,Arabic,Main,Lamb Mandi,1,62.0,62.0
ORD-100519,Indian,Main,Butter Chicken,1,45.0,45.0
ORD-100519,Indian,Main,Palak Paneer,1,34.0,34.0
ORD-100519,Indian,Side,Jeera Rice,2,14.0,28.0
ORD-100519,Indian,Dessert,Gulab Jamun,1,18.0,18.0
ORD-100519,Indian,Beverage,Mango Lassi,2,16.0,32.0
ORD-100520,Continental,Main,Grilled Chicken with Mash,1,52.0,52.0
ORD-100520,Continental,Side,French Fries,1,16.0,16.0
ORD-100521,Arabic,Main,Mixed Grill,1,75.0,75.0
ORD-100521,Arabic,Side,Arabic Rice,1,12.0,12.0
ORD-100521,Arabic,Beverage,Mint Lemonade,1,18.0,18.0
ORD-100522,Indian,Main,Chicken Biryani,1,42.0,42.0
ORD-100522,Indian,Main,Dal Makhani,1,32.0,32.0
ORD-100522,Indian,Starter,Paneer Tikka,1,32.0,32.0
ORD-100522,Indian,Side,Garlic Naan,2,8.0,16.0
ORD-100523,Arabic,Main,Chicken Shawarma Plate,1,38.0,38.0
ORD-100523,Chinese,Main,Chicken Manchurian,1,38.0,38.0
ORD-100523,Arabic,Starter,Hummus,1,22.0,22.0
ORD-100523,Arabic,Side,Arabic Rice,2,12.0,24.0
ORD-100524,Continental,Main,Classic Beef Burger,1,48.0,48.0
ORD-100524,Continental,Main,Fish and Chips,1,50.0,50.0
ORD-100524,Continental,Side,French Fries,2,16.0,32.0
ORD-100524,Continental,Dessert,Chocolate Brownie,1,24.0,24.0
ORD-100524,Continental,Beverage,Chocolate Milkshake,2,22.0,44.0
ORD-100525,Indian,Main,Palak Paneer,1,34.0,34.0
ORD-100525,Continental,Main,Grilled Chicken with Mash,1,52.0,52.0
ORD-100525,Indian,Starter,Chicken Tikka,1,36.0,36.0
ORD-100525,Indian,Side,Garlic Naan,1,8.0,8.0
ORD-100526,Italian,Main,Pepperoni Pizza,1,52.0,52.0
ORD-100526,Italian,Main,Margherita Pizza,1,45.0,45.0
ORD-100527,Italian,Main,Fettuccine Alfredo,1,48.0,48.0
ORD-100527,Indian,Main,Mutton Biryani,2,52.0,104.0
ORD-100528,Indian,Main,Butter Chicken,1,45.0,45.0
ORD-100528,Indian,Side,Jeera Rice,1,14.0,14.0
ORD-100528,Chinese,Beverage,Jasmine Tea,1,12.0,12.0
ORD-100529,Indian,Main,Palak Paneer,1,34.0,34.0
ORD-100529,Indian,Main,Chicken Biryani,1,42.0,42.0
ORD-100529,Indian,Starter,Chicken Tikka,1,36.0,36.0
ORD-100529,Indian,Side,Jeera Rice,1,14.0,14.0
ORD-100530,Arabic,Main,Chicken Machboos,1,48.0,48.0
ORD-100531,Chinese,Main,Kung Pao Chicken,1,44.0,44.0
ORD-100531,Chinese,Main,Chicken Manchurian,1,38.0,38.0
ORD-100531,Chinese,Main,Veg Hakka Noodles,1,32.0,32.0
ORD-100531,Chinese,Starter,Chicken Dim Sum,1,34.0,34.0
ORD-100532,Indian,Main,Palak Paneer,1,34.0,34.0
ORD-100532,Indian,Starter,Vegetable Samosa,1,16.0,16.0
ORD-100532,Indian,Side,Garlic Naan,1,8.0,8.0
ORD-100533,Arabic,Main,Lamb Mandi,1,62.0,62.0
ORD-100533,Arabic,Starter,Hummus,1,22.0,22.0
ORD-100533,Continental,Dessert,Chocolate Brownie,1,24.0,24.0
ORD-100534,Chinese,Main,Chicken Fried Rice,1,34.0,34.0
ORD-100534,Chinese,Main,Kung Pao Chicken,1,44.0,44.0
ORD-100534,Chinese,Starter,Spring Rolls,1,22.0,22.0
ORD-100534,Chinese,Side,Steamed Rice,1,10.0,10.0
ORD-100534,Chinese,Beverage,Jasmine Tea,2,12.0,24.0
ORD-100535,Italian,Main,Margherita Pizza,1,45.0,45.0
ORD-100535,Italian,Main,Fettuccine Alfredo,1,48.0,48.0
ORD-100535,Italian,Starter,Bruschetta,1,26.0,26.0
ORD-100535,Italian,Dessert,Tiramisu,1,30.0,30.0
ORD-100536,Arabic,Main,Chicken Shawarma Plate,1,38.0,38.0
ORD-100536,Continental,Main,Classic Beef Burger,1,48.0,48.0
ORD-100536,Continental,Starter,Chicken Wings,1,34.0,34.0
ORD-100536,Arabic,Beverage,Mint Lemonade,2,18.0,36.0
ORD-100537,Continental,Main,Classic Beef Burger,2,48.0,96.0
ORD-100537,Continental,Main,Fish and Chips,1,50.0,50.0
ORD-100537,Continental,Starter,Soup of the Day,1,22.0,22.0
ORD-100537,Continental,Side,French Fries,3,16.0,48.0
ORD-100537,Continental,Beverage,Chocolate Milkshake,1,22.0,22.0
ORD-100538,Arabic,Main,Mixed Grill,1,75.0,75.0
ORD-100538,Arabic,Beverage,Mint Lemonade,1,18.0,18.0
ORD-100539,Indian,Main,Dal Makhani,1,32.0,32.0
ORD-100539,Indian,Starter,Vegetable Samosa,1,16.0,16.0
ORD-100539,Indian,Side,Jeera Rice,1,14.0,14.0
ORD-100539,Indian,Beverage,Mango Lassi,1,16.0,16.0
ORD-100540,Italian,Main,Pepperoni Pizza,2,52.0,104.0
ORD-100540,Italian,Starter,Bruschetta,1,26.0,26.0
ORD-100541,Italian,Main,Fettuccine Alfredo,1,48.0,48.0
ORD-100541,Italian,Main,Margherita Pizza,1,45.0,45.0
ORD-100541,Italian,Side,Garlic Bread,2,18.0,36.0
ORD-100542,Arabic,Main,Chicken Shawarma Plate,2,38.0,76.0
ORD-100542,Indian,Starter,Chicken Tikka,1,36.0,36.0
ORD-100543,Italian,Main,Beef Lasagna,1,55.0,55.0
ORD-100543,Italian,Main,Penne Arrabbiata,1,42.0,42.0
ORD-100543,Italian,Starter,Bruschetta,1,26.0,26.0
ORD-100543,Italian,Side,Garlic Bread,2,18.0,36.0
ORD-100543,Italian,Beverage,Italian Lemon Soda,2,18.0,36.0
ORD-100544,Indian,Main,Chicken Biryani,1,42.0,42.0
ORD-100544,Indian,Main,Butter Chicken,1,45.0,45.0
ORD-100544,Indian,Side,Jeera Rice,2,14.0,28.0
ORD-100544,Indian,Dessert,Gulab Jamun,1,18.0,18.0
ORD-100544,Indian,Beverage,Mango Lassi,1,16.0,16.0
ORD-100545,Italian,Main,Beef Lasagna,1,55.0,55.0
ORD-100545,Italian,Starter,Caesar Salad,1,32.0,32.0
ORD-100546,Chinese,Main,Veg Hakka Noodles,1,32.0,32.0
ORD-100546,Chinese,Main,Szechuan Beef,1,52.0,52.0
ORD-100546,Chinese,Starter,Spring Rolls,1,22.0,22.0
ORD-100546,Chinese,Side,Steamed Rice,2,10.0,20.0
ORD-100547,Indian,Main,Dal Makhani,1,32.0,32.0
ORD-100547,Indian,Starter,Chicken Tikka,1,36.0,36.0
ORD-100547,Indian,Side,Jeera Rice,1,14.0,14.0
ORD-100547,Indian,Dessert,Gulab Jamun,1,18.0,18.0
ORD-100547,Continental,Beverage,Chocolate Milkshake,1,22.0,22.0
ORD-100548,Indian,Main,Butter Chicken,2,45.0,90.0
ORD-100548,Indian,Side,Jeera Rice,2,14.0,28.0
ORD-100549,Chinese,Main,Kung Pao Chicken,1,44.0,44.0
ORD-100549,Chinese,Side,Steamed Rice,1,10.0,10.0
ORD-100550,Continental,Main,Grilled Salmon,1,78.0,78.0
ORD-100550,Continental,Main,Grilled Chicken Burger,1,42.0,42.0
ORD-100550,Continental,Starter,Chicken Wings,1,34.0,34.0
ORD-100550,Continental,Beverage,Chocolate Milkshake,1,22.0,22.0
ORD-100551,Chinese,Main,Chicken Manchurian,1,38.0,38.0
ORD-100552,Indian,Main,Chicken Biryani,1,42.0,42.0
ORD-100552,Indian,Starter,Paneer Tikka,1,32.0,32.0
ORD-100552,Indian,Side,Garlic Naan,1,8.0,8.0
ORD-100552,Indian,Beverage,Mango Lassi,1,16.0,16.0
ORD-100553,Italian,Main,Fettuccine Alfredo,1,48.0,48.0
ORD-100554,Arabic,Main,Chicken Shawarma Plate,1,38.0,38.0
ORD-100554,Arabic,Dessert,Kunafa,1,28.0,28.0
ORD-100555,Continental,Main,Fish and Chips,1,50.0,50.0
ORD-100555,Continental,Beverage,Chocolate Milkshake,1,22.0,22.0
ORD-100556,Continental,Main,Grilled Chicken with Mash,1,52.0,52.0
ORD-100556,Continental,Main,Grilled Chicken Burger,1,42.0,42.0
ORD-100556,Continental,Main,Fish and Chips,2,50.0,100.0
ORD-100557,Arabic,Main,Falafel Wrap,1,22.0,22.0
ORD-100557,Chinese,Beverage,Jasmine Tea,1,12.0,12.0
ORD-100558,Italian,Main,Fettuccine Alfredo,1,48.0,48.0
ORD-100558,Italian,Starter,Bruschetta,1,26.0,26.0
ORD-100558,Italian,Side,Garlic Bread,1,18.0,18.0
ORD-100559,Italian,Main,Fettuccine Alfredo,1,48.0,48.0
ORD-100560,Arabic,Main,Mixed Grill,1,75.0,75.0
ORD-100561,Arabic,Main,Chicken Machboos,1,48.0,48.0
ORD-100561,Arabic,Starter,Fattoush,1,24.0,24.0
ORD-100561,Arabic,Dessert,Kunafa,1,28.0,28.0
ORD-100561,Arabic,Beverage,Mint Lemonade,1,18.0,18.0
ORD-100562,Continental,Main,Classic Beef Burger,1,48.0,48.0
ORD-100562,Continental,Main,Grilled Salmon,1,78.0,78.0
ORD-100562,Continental,Starter,Chicken Wings,1,34.0,34.0
ORD-100562,Continental,Dessert,Chocolate Brownie,1,24.0,24.0
ORD-100563,Italian,Main,Pepperoni Pizza,1,52.0,52.0
ORD-100563,Italian,Beverage,Italian Lemon Soda,1,18.0,18.0
ORD-100564,Italian,Main,Beef Lasagna,1,55.0,55.0
ORD-100564,Italian,Side,Garlic Bread,1,18.0,18.0
ORD-100564,Italian,Beverage,Italian Lemon Soda,1,18.0,18.0
ORD-100565,Indian,Main,Palak Paneer,1,34.0,34.0
ORD-100565,Indian,Main,Dal Makhani,1,32.0,32.0
ORD-100565,Indian,Main,Butter Chicken,2,45.0,90.0
ORD-100565,Indian,Starter,Vegetable Samosa,1,16.0,16.0
ORD-100565,Indian,Side,Garlic Naan,4,8.0,32.0
ORD-100566,Italian,Main,Fettuccine Alfredo,2,48.0,96.0
ORD-100566,Italian,Main,Pepperoni Pizza,1,52.0,52.0
ORD-100567,Indian,Main,Butter Chicken,1,45.0,45.0
ORD-100567,Indian,Side,Garlic Naan,1,8.0,8.0
ORD-100568,Italian,Main,Penne Arrabbiata,1,42.0,42.0
ORD-100568,Italian,Main,Margherita Pizza,1,45.0,45.0
ORD-100568,Italian,Starter,Bruschetta,1,26.0,26.0
ORD-100568,Italian,Dessert,Tiramisu,1,30.0,30.0
ORD-100569,Continental,Main,Grilled Chicken Burger,1,42.0,42.0
ORD-100569,Continental,Main,Grilled Salmon,1,78.0,78.0
ORD-100569,Continental,Main,Grilled Chicken with Mash,1,52.0,52.0
ORD-100569,Continental,Beverage,Chocolate Milkshake,1,22.0,22.0
ORD-100570,Continental,Main,Classic Beef Burger,1,48.0,48.0
ORD-100570,Chinese,Starter,Hot and Sour Soup,1,24.0,24.0
ORD-100571,Italian,Main,Beef Lasagna,1,55.0,55.0
ORD-100571,Italian,Beverage,Italian Lemon Soda,1,18.0,18.0
ORD-100572,Continental,Main,Classic Beef Burger,2,48.0,96.0
ORD-100572,Continental,Starter,Chicken Wings,1,34.0,34.0
ORD-100572,Continental,Beverage,Chocolate Milkshake,1,22.0,22.0
ORD-100573,Chinese,Main,Chicken Fried Rice,1,34.0,34.0
ORD-100573,Chinese,Starter,Spring Rolls,1,22.0,22.0
ORD-100574,Arabic,Main,Chicken Machboos,1,48.0,48.0
ORD-100574,Arabic,Main,Lamb Mandi,1,62.0,62.0
ORD-100574,Arabic,Main,Chicken Shawarma Plate,1,38.0,38.0
ORD-100574,Arabic,Starter,Hummus,1,22.0,22.0
ORD-100574,Arabic,Beverage,Mint Lemonade,1,18.0,18.0
ORD-100575,Indian,Main,Butter Chicken,1,45.0,45.0
ORD-100575,Indian,Side,Garlic Naan,1,8.0,8.0
ORD-100576,Indian,Main,Butter Chicken,1,45.0,45.0
ORD-100577,Indian,Main,Palak Paneer,1,34.0,34.0
ORD-100578,Indian,Main,Mutton Biryani,1,52.0,52.0
ORD-100578,Indian,Starter,Chicken Tikka,1,36.0,36.0
ORD-100578,Indian,Side,Jeera Rice,1,14.0,14.0
ORD-100579,Continental,Main,Grilled Chicken with Mash,1,52.0,52.0
ORD-100579,Continental,Main,Classic Beef Burger,1,48.0,48.0
ORD-100579,Continental,Starter,Soup of the Day,1,22.0,22.0
ORD-100580,Chinese,Main,Veg Hakka Noodles,1,32.0,32.0
ORD-100580,Chinese,Beverage,Jasmine Tea,1,12.0,12.0
ORD-100581,Indian,Main,Mutton Biryani,1,52.0,52.0
ORD-100581,Indian,Starter,Paneer Tikka,1,32.0,32.0
ORD-100581,Indian,Side,Jeera Rice,1,14.0,14.0
ORD-100582,Indian,Main,Mutton Biryani,1,52.0,52.0
ORD-100582,Indian,Starter,Chicken Tikka,1,36.0,36.0
ORD-100582,Indian,Side,Garlic Naan,1,8.0,8.0
ORD-100582,Indian,Beverage,Mango Lassi,1,16.0,16.0
ORD-100583,Italian,Main,Penne Arrabbiata,1,42.0,42.0
ORD-100583,Italian,Main,Beef Lasagna,1,55.0,55.0
ORD-100584,Indian,Main,Chicken Biryani,1,42.0,42.0
ORD-100584,Indian,Side,Jeera Rice,1,14.0,14.0
ORD-100584,Indian,Dessert,Gulab Jamun,1,18.0,18.0
ORD-100585,Indian,Main,Chicken Biryani,1,42.0,42.0
ORD-100585,Indian,Starter,Vegetable Samosa,1,16.0,16.0
ORD-100585,Indian,Side,Garlic Naan,1,8.0,8.0
ORD-100586,Continental,Main,Grilled Chicken Burger,2,42.0,84.0
ORD-100586,Continental,Starter,Soup of the Day,1,22.0,22.0
ORD-100586,Continental,Side,French Fries,1,16.0,16.0
ORD-100587,Arabic,Main,Chicken Shawarma Plate,1,38.0,38.0
ORD-100587,Arabic,Starter,Hummus,1,22.0,22.0
ORD-100587,Arabic,Beverage,Mint Lemonade,1,18.0,18.0
ORD-100588,Indian,Main,Chicken Biryani,1,42.0,42.0
ORD-100588,Indian,Side,Garlic Naan,1,8.0,8.0
ORD-100588,Indian,Beverage,Mango Lassi,1,16.0,16.0
ORD-100589,Continental,Main,Classic Beef Burger,1,48.0,48.0
ORD-100589,Arabic,Main,Falafel Wrap,1,22.0,22.0
ORD-100589,Continental,Side,French Fries,1,16.0,16.0
ORD-100590,Indian,Main,Butter Chicken,1,45.0,45.0
ORD-100590,Indian,Main,Dal Makhani,1,32.0,32.0
ORD-100590,Indian,Side,Garlic Naan,2,8.0,16.0
ORD-100590,Indian,Beverage,Mango Lassi,1,16.0,16.0
ORD-100591,Arabic,Main,Chicken Shawarma Plate,1,38.0,38.0
ORD-100592,Continental,Main,Classic Beef Burger,1,48.0,48.0
ORD-100592,Continental,Main,Grilled Chicken Burger,1,42.0,42.0
ORD-100592,Continental,Side,French Fries,1,16.0,16.0
ORD-100592,Continental,Dessert,Chocolate Brownie,1,24.0,24.0
ORD-100593,Arabic,Main,Lamb Mandi,1,62.0,62.0
ORD-100593,Arabic,Main,Falafel Wrap,1,22.0,22.0
ORD-100594,Indian,Main,Dal Makhani,1,32.0,32.0
ORD-100594,Indian,Main,Chicken Biryani,2,42.0,84.0
ORD-100594,Indian,Starter,Chicken Tikka,1,36.0,36.0
ORD-100594,Indian,Side,Jeera Rice,1,14.0,14.0
ORD-100595,Italian,Main,Beef Lasagna,1,55.0,55.0
ORD-100595,Italian,Main,Pepperoni Pizza,1,52.0,52.0
ORD-100595,Italian,Side,Garlic Bread,1,18.0,18.0
ORD-100596,Italian,Main,Beef Lasagna,1,55.0,55.0
ORD-100596,Italian,Beverage,Italian Lemon Soda,1,18.0,18.0
ORD-100597,Indian,Main,Dal Makhani,1,32.0,32.0
ORD-100597,Indian,Main,Palak Paneer,2,34.0,68.0
ORD-100597,Indian,Starter,Paneer Tikka,1,32.0,32.0
ORD-100597,Indian,Side,Garlic Naan,2,8.0,16.0
ORD-100597,Indian,Dessert,Gulab Jamun,1,18.0,18.0
ORD-100598,Arabic,Main,Mixed Grill,1,75.0,75.0
ORD-100598,Arabic,Dessert,Umm Ali,1,26.0,26.0
ORD-100598,Arabic,Beverage,Mint Lemonade,1,18.0,18.0
ORD-100599,Indian,Main,Butter Chicken,1,45.0,45.0
ORD-100599,Indian,Beverage,Mango Lassi,1,16.0,16.0
ORD-100600,Chinese,Main,Chicken Fried Rice,1,34.0,34.0
ORD-100600,Chinese,Main,Veg Hakka Noodles,1,32.0,32.0
ORD-100600,Chinese,Main,Szechuan Beef,1,52.0,52.0
ORD-100600,Italian,Dessert,Tiramisu,1,30.0,30.0
ORD-100600,Chinese,Beverage,Jasmine Tea,2,12.0,24.0
ORD-100601,Indian,Main,Chicken Biryani,1,42.0,42.0
ORD-100601,Indian,Side,Jeera Rice,1,14.0,14.0
ORD-100602,Italian,Main,Fettuccine Alfredo,1,48.0,48.0
ORD-100602,Continental,Main,Grilled Salmon,1,78.0,78.0
ORD-100603,Continental,Main,Grilled Salmon,2,78.0,156.0
ORD-100604,Indian,Main,Butter Chicken,1,45.0,45.0
ORD-100604,Indian,Main,Mutton Biryani,1,52.0,52.0
ORD-100604,Indian,Starter,Paneer Tikka,1,32.0,32.0
ORD-100604,Indian,Dessert,Gulab Jamun,1,18.0,18.0
ORD-100605,Continental,Main,Classic Beef Burger,2,48.0,96.0
ORD-100605,Continental,Starter,Chicken Wings,1,34.0,34.0
ORD-100605,Continental,Beverage,Chocolate Milkshake,2,22.0,44.0
ORD-100606,Arabic,Main,Chicken Shawarma Plate,2,38.0,76.0
ORD-100606,Arabic,Starter,Hummus,1,22.0,22.0
ORD-100606,Arabic,Dessert,Kunafa,1,28.0,28.0
ORD-100607,Indian,Main,Butter Chicken,1,45.0,45.0
ORD-100607,Indian,Side,Garlic Naan,1,8.0,8.0
ORD-100608,Chinese,Main,Chicken Fried Rice,1,34.0,34.0
ORD-100608,Chinese,Side,Steamed Rice,1,10.0,10.0
ORD-100609,Indian,Main,Dal Makhani,1,32.0,32.0
ORD-100609,Indian,Starter,Chicken Tikka,1,36.0,36.0
ORD-100610,Arabic,Main,Lamb Mandi,1,62.0,62.0
ORD-100610,Arabic,Main,Chicken Machboos,1,48.0,48.0
ORD-100610,Arabic,Main,Chicken Shawarma Plate,1,38.0,38.0
ORD-100611,Indian,Main,Butter Chicken,1,45.0,45.0
ORD-100611,Indian,Side,Jeera Rice,1,14.0,14.0
ORD-100612,Indian,Main,Palak Paneer,1,34.0,34.0
ORD-100612,Indian,Side,Garlic Naan,1,8.0,8.0
ORD-100613,Arabic,Main,Lamb Mandi,2,62.0,124.0
ORD-100613,Arabic,Main,Chicken Machboos,1,48.0,48.0
ORD-100613,Arabic,Side,Arabic Rice,3,12.0,36.0
ORD-100613,Arabic,Dessert,Kunafa,1,28.0,28.0
ORD-100614,Indian,Main,Dal Makhani,1,32.0,32.0
ORD-100614,Indian,Starter,Paneer Tikka,1,32.0,32.0
ORD-100614,Indian,Side,Jeera Rice,1,14.0,14.0
ORD-100614,Chinese,Beverage,Jasmine Tea,1,12.0,12.0
ORD-100615,Continental,Main,Classic Beef Burger,1,48.0,48.0
ORD-100615,Continental,Starter,Soup of the Day,1,22.0,22.0
ORD-100615,Continental,Beverage,Chocolate Milkshake,1,22.0,22.0
ORD-100616,Arabic,Main,Lamb Mandi,2,62.0,124.0
ORD-100616,Arabic,Starter,Hummus,1,22.0,22.0
ORD-100616,Arabic,Dessert,Kunafa,1,28.0,28.0
ORD-100617,Chinese,Main,Chicken Manchurian,1,38.0,38.0
ORD-100617,Chinese,Starter,Spring Rolls,1,22.0,22.0
ORD-100618,Continental,Main,Grilled Chicken with Mash,1,52.0,52.0
ORD-100618,Continental,Main,Fish and Chips,1,50.0,50.0
ORD-100618,Continental,Starter,Chicken Wings,1,34.0,34.0
ORD-100619,Italian,Main,Margherita Pizza,1,45.0,45.0
ORD-100619,Continental,Main,Classic Beef Burger,1,48.0,48.0
ORD-100619,Italian,Starter,Bruschetta,1,26.0,26.0
ORD-100620,Continental,Main,Fish and Chips,1,50.0,50.0
ORD-100620,Italian,Main,Pepperoni Pizza,1,52.0,52.0
ORD-100620,Continental,Starter,Chicken Wings,1,34.0,34.0
ORD-100620,Continental,Dessert,New York Cheesecake,1,28.0,28.0
ORD-100621,Italian,Main,Margherita Pizza,1,45.0,45.0
ORD-100622,Italian,Main,Pepperoni Pizza,1,52.0,52.0
ORD-100622,Italian,Starter,Caesar Salad,1,32.0,32.0
ORD-100623,Chinese,Main,Chicken Fried Rice,2,34.0,68.0
ORD-100623,Chinese,Beverage,Jasmine Tea,1,12.0,12.0
ORD-100624,Italian,Main,Pepperoni Pizza,1,52.0,52.0
ORD-100624,Continental,Main,Grilled Chicken with Mash,1,52.0,52.0
ORD-100624,Continental,Starter,Chicken Wings,1,34.0,34.0
ORD-100625,Chinese,Main,Chicken Manchurian,2,38.0,76.0
ORD-100625,Chinese,Main,Chicken Fried Rice,1,34.0,34.0
ORD-100625,Chinese,Starter,Chicken Dim Sum,1,34.0,34.0
ORD-100625,Chinese,Side,Steamed Rice,2,10.0,20.0
ORD-100625,Chinese,Beverage,Jasmine Tea,1,12.0,12.0
ORD-100626,Arabic,Main,Chicken Shawarma Plate,1,38.0,38.0
ORD-100626,Arabic,Main,Lamb Mandi,1,62.0,62.0
ORD-100626,Arabic,Side,Arabic Rice,1,12.0,12.0
ORD-100627,Arabic,Main,Chicken Shawarma Plate,1,38.0,38.0
ORD-100628,Chinese,Main,Chicken Fried Rice,1,34.0,34.0
ORD-100628,Chinese,Main,Szechuan Beef,1,52.0,52.0
ORD-100628,Chinese,Starter,Chicken Dim Sum,1,34.0,34.0
ORD-100628,Chinese,Side,Steamed Rice,2,10.0,20.0
ORD-100629,Indian,Main,Mutton Biryani,1,52.0,52.0
ORD-100629,Indian,Main,Chicken Biryani,1,42.0,42.0
ORD-100629,Indian,Main,Palak Paneer,1,34.0,34.0
ORD-100629,Indian,Side,Garlic Naan,2,8.0,16.0
ORD-100629,Indian,Dessert,Gulab Jamun,1,18.0,18.0
ORD-100629,Continental,Beverage,Chocolate Milkshake,1,22.0,22.0
ORD-100630,Continental,Main,Grilled Chicken Burger,1,42.0,42.0
ORD-100630,Continental,Side,French Fries,1,16.0,16.0
ORD-100630,Continental,Dessert,New York Cheesecake,1,28.0,28.0
ORD-100630,Continental,Beverage,Chocolate Milkshake,1,22.0,22.0
ORD-100631,Italian,Main,Beef Lasagna,1,55.0,55.0
ORD-100631,Italian,Side,Garlic Bread,1,18.0,18.0
ORD-100632,Indian,Main,Palak Paneer,1,34.0,34.0
ORD-100633,Continental,Main,Grilled Chicken Burger,1,42.0,42.0
ORD-100633,Continental,Starter,Chicken Wings,1,34.0,34.0
ORD-100633,Continental,Beverage,Chocolate Milkshake,1,22.0,22.0
ORD-100634,Continental,Main,Grilled Chicken Burger,1,42.0,42.0
ORD-100634,Continental,Main,Classic Beef Burger,1,48.0,48.0
ORD-100634,Continental,Starter,Soup of the Day,1,22.0,22.0
ORD-100634,Continental,Side,French Fries,2,16.0,32.0
ORD-100634,Continental,Beverage,Chocolate Milkshake,2,22.0,44.0
ORD-100635,Indian,Main,Chicken Biryani,1,42.0,42.0
ORD-100635,Indian,Main,Dal Makhani,1,32.0,32.0
ORD-100635,Indian,Main,Butter Chicken,1,45.0,45.0
ORD-100635,Indian,Starter,Chicken Tikka,1,36.0,36.0
ORD-100635,Indian,Side,Garlic Naan,2,8.0,16.0
ORD-100636,Chinese,Main,Szechuan Beef,1,52.0,52.0
ORD-100636,Chinese,Starter,Spring Rolls,1,22.0,22.0
ORD-100636,Chinese,Beverage,Jasmine Tea,1,12.0,12.0
ORD-100637,Indian,Main,Dal Makhani,1,32.0,32.0
ORD-100637,Indian,Main,Chicken Biryani,1,42.0,42.0
ORD-100637,Indian,Starter,Chicken Tikka,1,36.0,36.0
ORD-100637,Indian,Side,Garlic Naan,1,8.0,8.0
ORD-100637,Indian,Beverage,Mango Lassi,1,16.0,16.0
ORD-100638,Arabic,Main,Mixed Grill,1,75.0,75.0
ORD-100638,Arabic,Main,Lamb Mandi,1,62.0,62.0
ORD-100638,Arabic,Starter,Fattoush,1,24.0,24.0
ORD-100639,Chinese,Main,Veg Hakka Noodles,2,32.0,64.0
ORD-100639,Chinese,Main,Chicken Fried Rice,1,34.0,34.0
ORD-100640,Chinese,Main,Chicken Manchurian,1,38.0,38.0
ORD-100640,Chinese,Main,Kung Pao Chicken,1,44.0,44.0
ORD-100640,Chinese,Starter,Spring Rolls,1,22.0,22.0
ORD-100640,Chinese,Side,Steamed Rice,2,10.0,20.0
ORD-100640,Chinese,Dessert,Mango Pudding,1,20.0,20.0
ORD-100641,Indian,Main,Butter Chicken,1,45.0,45.0
ORD-100642,Chinese,Main,Kung Pao Chicken,1,44.0,44.0
ORD-100642,Italian,Main,Beef Lasagna,1,55.0,55.0
ORD-100642,Italian,Main,Margherita Pizza,1,45.0,45.0
ORD-100642,Chinese,Starter,Chicken Dim Sum,1,34.0,34.0
ORD-100642,Chinese,Beverage,Jasmine Tea,1,12.0,12.0
ORD-100643,Arabic,Main,Mixed Grill,1,75.0,75.0
ORD-100643,Arabic,Starter,Mutabbal,1,22.0,22.0
ORD-100643,Arabic,Side,Arabic Rice,1,12.0,12.0
ORD-100643,Arabic,Dessert,Kunafa,1,28.0,28.0
ORD-100644,Italian,Main,Penne Arrabbiata,1,42.0,42.0
ORD-100644,Italian,Starter,Caesar Salad,1,32.0,32.0
ORD-100644,Indian,Dessert,Gulab Jamun,1,18.0,18.0
ORD-100645,Continental,Main,Grilled Salmon,1,78.0,78.0
ORD-100645,Continental,Beverage,Chocolate Milkshake,1,22.0,22.0
ORD-100646,Continental,Main,Grilled Salmon,1,78.0,78.0
ORD-100647,Chinese,Main,Kung Pao Chicken,1,44.0,44.0
ORD-100647,Chinese,Starter,Hot and Sour Soup,1,24.0,24.0
ORD-100647,Chinese,Side,Steamed Rice,1,10.0,10.0
ORD-100648,Italian,Main,Fettuccine Alfredo,1,48.0,48.0
ORD-100648,Italian,Starter,Caesar Salad,1,32.0,32.0
ORD-100648,Italian,Side,Garlic Bread,1,18.0,18.0
ORD-100648,Italian,Beverage,Italian Lemon Soda,1,18.0,18.0
ORD-100649,Indian,Main,Dal Makhani,1,32.0,32.0
ORD-100649,Indian,Main,Palak Paneer,1,34.0,34.0
ORD-100649,Indian,Main,Chicken Biryani,1,42.0,42.0
ORD-100649,Indian,Side,Garlic Naan,2,8.0,16.0
ORD-100649,Indian,Beverage,Mango Lassi,1,16.0,16.0
ORD-100650,Indian,Main,Chicken Biryani,1,42.0,42.0
ORD-100650,Indian,Starter,Chicken Tikka,1,36.0,36.0
ORD-100650,Indian,Side,Jeera Rice,1,14.0,14.0
ORD-100650,Indian,Beverage,Mango Lassi,1,16.0,16.0
ORD-100651,Indian,Main,Butter Chicken,1,45.0,45.0
ORD-100651,Indian,Main,Chicken Biryani,1,42.0,42.0
ORD-100651,Indian,Side,Garlic Naan,1,8.0,8.0
ORD-100652,Italian,Main,Pepperoni Pizza,1,52.0,52.0
ORD-100652,Italian,Main,Penne Arrabbiata,1,42.0,42.0
ORD-100652,Italian,Main,Margherita Pizza,1,45.0,45.0
ORD-100652,Italian,Side,Garlic Bread,2,18.0,36.0
ORD-100653,Indian,Main,Chicken Biryani,1,42.0,42.0
ORD-100653,Indian,Main,Butter Chicken,1,45.0,45.0
ORD-100653,Italian,Starter,Caesar Salad,1,32.0,32.0
ORD-100653,Indian,Side,Garlic Naan,2,8.0,16.0
ORD-100654,Chinese,Main,Chicken Fried Rice,2,34.0,68.0
ORD-100654,Chinese,Starter,Hot and Sour Soup,1,24.0,24.0
ORD-100655,Indian,Main,Mutton Biryani,2,52.0,104.0
ORD-100655,Indian,Side,Garlic Naan,2,8.0,16.0
ORD-100656,Italian,Main,Margherita Pizza,1,45.0,45.0
ORD-100656,Italian,Side,Garlic Bread,1,18.0,18.0
ORD-100657,Indian,Main,Dal Makhani,1,32.0,32.0
ORD-100657,Indian,Side,Garlic Naan,1,8.0,8.0
ORD-100658,Chinese,Main,Chicken Manchurian,1,38.0,38.0
ORD-100658,Chinese,Main,Kung Pao Chicken,1,44.0,44.0
ORD-100658,Chinese,Starter,Spring Rolls,1,22.0,22.0
ORD-100658,Chinese,Beverage,Jasmine Tea,1,12.0,12.0
ORD-100659,Arabic,Main,Chicken Machboos,1,48.0,48.0
ORD-100659,Arabic,Main,Mixed Grill,1,75.0,75.0
ORD-100659,Arabic,Side,Arabic Rice,2,12.0,24.0
ORD-100659,Arabic,Dessert,Kunafa,1,28.0,28.0
ORD-100659,Arabic,Beverage,Mint Lemonade,1,18.0,18.0
ORD-100660,Indian,Main,Butter Chicken,2,45.0,90.0
ORD-100660,Indian,Main,Chicken Biryani,1,42.0,42.0
ORD-100660,Indian,Side,Garlic Naan,3,8.0,24.0
ORD-100660,Indian,Beverage,Mango Lassi,1,16.0,16.0
ORD-100661,Chinese,Main,Chicken Fried Rice,1,34.0,34.0
ORD-100661,Chinese,Main,Kung Pao Chicken,1,44.0,44.0
ORD-100661,Chinese,Starter,Chicken Dim Sum,1,34.0,34.0
ORD-100662,Indian,Main,Dal Makhani,1,32.0,32.0
ORD-100662,Indian,Starter,Chicken Tikka,1,36.0,36.0
ORD-100662,Indian,Side,Jeera Rice,1,14.0,14.0
ORD-100662,Indian,Beverage,Mango Lassi,1,16.0,16.0
ORD-100663,Indian,Main,Chicken Biryani,1,42.0,42.0
ORD-100663,Indian,Side,Garlic Naan,1,8.0,8.0
ORD-100664,Indian,Main,Chicken Biryani,2,42.0,84.0
ORD-100664,Indian,Starter,Chicken Tikka,1,36.0,36.0
ORD-100664,Indian,Dessert,Gulab Jamun,1,18.0,18.0
ORD-100665,Continental,Main,Grilled Chicken with Mash,1,52.0,52.0
ORD-100665,Continental,Dessert,New York Cheesecake,1,28.0,28.0
ORD-100665,Indian,Beverage,Mango Lassi,1,16.0,16.0
ORD-100666,Arabic,Main,Falafel Wrap,1,22.0,22.0
ORD-100666,Arabic,Main,Chicken Shawarma Plate,1,38.0,38.0
ORD-100666,Arabic,Starter,Fattoush,1,24.0,24.0
ORD-100667,Arabic,Main,Chicken Shawarma Plate,1,38.0,38.0
ORD-100667,Arabic,Main,Chicken Machboos,1,48.0,48.0
ORD-100667,Arabic,Starter,Fattoush,1,24.0,24.0
ORD-100667,Arabic,Side,Arabic Rice,2,12.0,24.0
ORD-100667,Arabic,Beverage,Mint Lemonade,1,18.0,18.0
ORD-100668,Chinese,Main,Szechuan Beef,1,52.0,52.0
ORD-100668,Italian,Starter,Bruschetta,1,26.0,26.0
ORD-100668,Chinese,Side,Steamed Rice,1,10.0,10.0
ORD-100668,Chinese,Dessert,Mango Pudding,1,20.0,20.0
ORD-100668,Italian,Beverage,Italian Lemon Soda,1,18.0,18.0
ORD-100669,Chinese,Main,Szechuan Beef,1,52.0,52.0
ORD-100669,Chinese,Starter,Chicken Dim Sum,1,34.0,34.0
ORD-100669,Chinese,Beverage,Jasmine Tea,1,12.0,12.0
ORD-100670,Indian,Main,Mutton Biryani,1,52.0,52.0
ORD-100670,Indian,Side,Jeera Rice,1,14.0,14.0
ORD-100671,Continental,Main,Classic Beef Burger,1,48.0,48.0
ORD-100671,Continental,Side,French Fries,1,16.0,16.0
ORD-100671,Continental,Beverage,Chocolate Milkshake,1,22.0,22.0
ORD-100672,Italian,Main,Margherita Pizza,1,45.0,45.0
ORD-100672,Italian,Main,Fettuccine Alfredo,1,48.0,48.0
ORD-100672,Continental,Dessert,Chocolate Brownie,1,24.0,24.0
ORD-100672,Continental,Beverage,Chocolate Milkshake,1,22.0,22.0
ORD-100673,Chinese,Main,Chicken Manchurian,1,38.0,38.0
ORD-100673,Chinese,Starter,Hot and Sour Soup,1,24.0,24.0
ORD-100673,Chinese,Side,Steamed Rice,1,10.0,10.0
ORD-100673,Chinese,Beverage,Jasmine Tea,1,12.0,12.0
ORD-100674,Italian,Main,Penne Arrabbiata,1,42.0,42.0
ORD-100674,Chinese,Starter,Spring Rolls,1,22.0,22.0
ORD-100674,Italian,Side,Garlic Bread,1,18.0,18.0
ORD-100674,Italian,Dessert,Tiramisu,1,30.0,30.0
ORD-100675,Arabic,Main,Chicken Machboos,1,48.0,48.0
ORD-100675,Arabic,Side,Arabic Rice,1,12.0,12.0
ORD-100676,Indian,Main,Chicken Biryani,1,42.0,42.0
ORD-100676,Indian,Side,Jeera Rice,1,14.0,14.0
ORD-100676,Indian,Beverage,Mango Lassi,1,16.0,16.0
ORD-100677,Chinese,Main,Veg Hakka Noodles,1,32.0,32.0
ORD-100677,Chinese,Starter,Chicken Dim Sum,1,34.0,34.0
ORD-100677,Chinese,Dessert,Mango Pudding,1,20.0,20.0
ORD-100678,Indian,Main,Butter Chicken,1,45.0,45.0
ORD-100678,Indian,Main,Dal Makhani,1,32.0,32.0
ORD-100679,Continental,Main,Grilled Chicken Burger,1,42.0,42.0
ORD-100679,Continental,Main,Classic Beef Burger,1,48.0,48.0
ORD-100680,Italian,Main,Pepperoni Pizza,1,52.0,52.0
ORD-100680,Italian,Beverage,Italian Lemon Soda,1,18.0,18.0
ORD-100681,Italian,Main,Pepperoni Pizza,1,52.0,52.0
ORD-100681,Italian,Beverage,Italian Lemon Soda,1,18.0,18.0
ORD-100682,Arabic,Main,Chicken Machboos,1,48.0,48.0
ORD-100682,Arabic,Beverage,Mint Lemonade,1,18.0,18.0
ORD-100683,Italian,Main,Fettuccine Alfredo,1,48.0,48.0
ORD-100683,Italian,Starter,Caesar Salad,1,32.0,32.0
ORD-100683,Italian,Beverage,Italian Lemon Soda,1,18.0,18.0
ORD-100684,Arabic,Main,Chicken Shawarma Plate,1,38.0,38.0
ORD-100684,Arabic,Main,Chicken Machboos,1,48.0,48.0
ORD-100684,Arabic,Starter,Fattoush,1,24.0,24.0
ORD-100684,Arabic,Beverage,Mint Lemonade,1,18.0,18.0
ORD-100685,Chinese,Main,Chicken Manchurian,1,38.0,38.0
ORD-100685,Chinese,Main,Veg Hakka Noodles,1,32.0,32.0
ORD-100685,Chinese,Starter,Chicken Dim Sum,1,34.0,34.0
ORD-100685,Chinese,Beverage,Jasmine Tea,1,12.0,12.0
ORD-100686,Arabic,Main,Chicken Machboos,1,48.0,48.0
ORD-100686,Continental,Main,Grilled Salmon,1,78.0,78.0
ORD-100687,Italian,Main,Fettuccine Alfredo,1,48.0,48.0
ORD-100687,Indian,Main,Palak Paneer,1,34.0,34.0
ORD-100687,Italian,Main,Pepperoni Pizza,1,52.0,52.0
ORD-100687,Italian,Beverage,Italian Lemon Soda,3,18.0,54.0
ORD-100688,Continental,Main,Grilled Chicken with Mash,1,52.0,52.0
ORD-100688,Continental,Dessert,New York Cheesecake,1,28.0,28.0
ORD-100688,Continental,Beverage,Chocolate Milkshake,1,22.0,22.0
ORD-100689,Italian,Main,Beef Lasagna,1,55.0,55.0
ORD-100689,Italian,Dessert,Tiramisu,1,30.0,30.0
ORD-100690,Indian,Main,Mutton Biryani,1,52.0,52.0
ORD-100690,Indian,Starter,Chicken Tikka,1,36.0,36.0
ORD-100690,Indian,Side,Garlic Naan,1,8.0,8.0
ORD-100690,Indian,Dessert,Gulab Jamun,1,18.0,18.0
ORD-100690,Indian,Beverage,Mango Lassi,1,16.0,16.0
ORD-100691,Continental,Main,Classic Beef Burger,1,48.0,48.0
ORD-100692,Chinese,Main,Szechuan Beef,1,52.0,52.0
ORD-100692,Chinese,Main,Veg Hakka Noodles,1,32.0,32.0
ORD-100693,Indian,Main,Chicken Biryani,1,42.0,42.0
ORD-100693,Indian,Starter,Vegetable Samosa,1,16.0,16.0
ORD-100693,Indian,Side,Garlic Naan,1,8.0,8.0
ORD-100694,Chinese,Main,Chicken Manchurian,1,38.0,38.0
ORD-100694,Chinese,Dessert,Mango Pudding,1,20.0,20.0
ORD-100694,Chinese,Beverage,Jasmine Tea,1,12.0,12.0
ORD-100695,Chinese,Main,Kung Pao Chicken,1,44.0,44.0
ORD-100695,Chinese,Main,Veg Hakka Noodles,1,32.0,32.0
ORD-100695,Chinese,Starter,Spring Rolls,1,22.0,22.0
ORD-100695,Chinese,Beverage,Jasmine Tea,1,12.0,12.0
ORD-100696,Arabic,Main,Chicken Shawarma Plate,2,38.0,76.0
ORD-100696,Arabic,Beverage,Mint Lemonade,1,18.0,18.0
ORD-100697,Arabic,Main,Falafel Wrap,1,22.0,22.0
ORD-100697,Arabic,Main,Chicken Shawarma Plate,1,38.0,38.0
ORD-100698,Indian,Main,Butter Chicken,1,45.0,45.0
ORD-100698,Indian,Starter,Chicken Tikka,1,36.0,36.0
ORD-100698,Indian,Side,Jeera Rice,1,14.0,14.0
ORD-100698,Indian,Dessert,Gulab Jamun,1,18.0,18.0
ORD-100698,Continental,Beverage,Chocolate Milkshake,1,22.0,22.0
ORD-100699,Indian,Main,Palak Paneer,1,34.0,34.0
ORD-100699,Indian,Side,Garlic Naan,1,8.0,8.0
ORD-100700,Indian,Main,Chicken Biryani,1,42.0,42.0
ORD-100700,Indian,Main,Dal Makhani,2,32.0,64.0
ORD-100700,Indian,Starter,Chicken Tikka,1,36.0,36.0
ORD-100700,Indian,Dessert,Gulab Jamun,1,18.0,18.0
ORD-100700,Indian,Beverage,Mango Lassi,3,16.0,48.0
ORD-100701,Indian,Main,Mutton Biryani,1,52.0,52.0
ORD-100701,Chinese,Main,Veg Hakka Noodles,1,32.0,32.0
ORD-100701,Indian,Side,Jeera Rice,2,14.0,28.0
ORD-100702,Chinese,Main,Szechuan Beef,3,52.0,156.0
ORD-100702,Chinese,Side,Steamed Rice,3,10.0,30.0
ORD-100702,Chinese,Dessert,Mango Pudding,1,20.0,20.0
ORD-100703,Italian,Main,Margherita Pizza,1,45.0,45.0
ORD-100703,Italian,Starter,Bruschetta,1,26.0,26.0
ORD-100704,Arabic,Main,Mixed Grill,1,75.0,75.0
ORD-100704,Chinese,Main,Kung Pao Chicken,2,44.0,88.0
ORD-100704,Arabic,Starter,Mutabbal,1,22.0,22.0
ORD-100704,Arabic,Beverage,Mint Lemonade,2,18.0,36.0
ORD-100705,Arabic,Main,Lamb Mandi,1,62.0,62.0
ORD-100705,Arabic,Starter,Hummus,1,22.0,22.0
ORD-100706,Indian,Main,Chicken Biryani,1,42.0,42.0
ORD-100706,Indian,Starter,Paneer Tikka,1,32.0,32.0
ORD-100706,Indian,Side,Garlic Naan,1,8.0,8.0
ORD-100707,Arabic,Main,Falafel Wrap,1,22.0,22.0
ORD-100707,Arabic,Starter,Mutabbal,1,22.0,22.0
ORD-100707,Arabic,Side,Arabic Rice,1,12.0,12.0
ORD-100707,Arabic,Beverage,Mint Lemonade,1,18.0,18.0
ORD-100708,Arabic,Main,Mixed Grill,1,75.0,75.0
ORD-100708,Arabic,Main,Chicken Shawarma Plate,1,38.0,38.0
ORD-100708,Arabic,Starter,Mutabbal,1,22.0,22.0
ORD-100708,Arabic,Beverage,Mint Lemonade,1,18.0,18.0
ORD-100709,Arabic,Main,Chicken Shawarma Plate,1,38.0,38.0
ORD-100710,Italian,Main,Penne Arrabbiata,1,42.0,42.0
ORD-100710,Italian,Beverage,Italian Lemon Soda,1,18.0,18.0
ORD-100711,Chinese,Main,Kung Pao Chicken,1,44.0,44.0
ORD-100711,Chinese,Side,Steamed Rice,1,10.0,10.0
ORD-100711,Chinese,Beverage,Jasmine Tea,1,12.0,12.0
ORD-100712,Chinese,Main,Kung Pao Chicken,1,44.0,44.0
ORD-100712,Chinese,Beverage,Jasmine Tea,1,12.0,12.0
ORD-100713,Chinese,Main,Chicken Fried Rice,1,34.0,34.0
ORD-100713,Italian,Main,Pepperoni Pizza,1,52.0,52.0
ORD-100713,Chinese,Starter,Spring Rolls,1,22.0,22.0
ORD-100713,Chinese,Side,Steamed Rice,2,10.0,20.0
ORD-100713,Chinese,Beverage,Jasmine Tea,2,12.0,24.0
ORD-100714,Indian,Main,Butter Chicken,1,45.0,45.0
ORD-100714,Indian,Side,Garlic Naan,1,8.0,8.0
ORD-100715,Indian,Main,Mutton Biryani,1,52.0,52.0
ORD-100715,Indian,Side,Garlic Naan,1,8.0,8.0
ORD-100716,Arabic,Main,Chicken Machboos,1,48.0,48.0
ORD-100716,Arabic,Side,Arabic Rice,1,12.0,12.0
ORD-100716,Arabic,Beverage,Mint Lemonade,1,18.0,18.0
ORD-100717,Chinese,Main,Chicken Manchurian,1,38.0,38.0
ORD-100717,Chinese,Main,Kung Pao Chicken,1,44.0,44.0
ORD-100717,Chinese,Dessert,Mango Pudding,1,20.0,20.0
ORD-100718,Continental,Main,Fish and Chips,1,50.0,50.0
ORD-100718,Continental,Starter,Chicken Wings,1,34.0,34.0
ORD-100718,Continental,Side,French Fries,1,16.0,16.0
ORD-100719,Italian,Main,Pepperoni Pizza,1,52.0,52.0
ORD-100719,Italian,Starter,Caesar Salad,1,32.0,32.0
ORD-100719,Italian,Dessert,Tiramisu,1,30.0,30.0
ORD-100720,Continental,Main,Fish and Chips,2,50.0,100.0
ORD-100720,Continental,Main,Classic Beef Burger,1,48.0,48.0
ORD-100721,Arabic,Main,Chicken Shawarma Plate,1,38.0,38.0
ORD-100721,Arabic,Side,Arabic Rice,1,12.0,12.0
ORD-100722,Continental,Main,Grilled Chicken with Mash,1,52.0,52.0
ORD-100722,Continental,Main,Fish and Chips,1,50.0,50.0
ORD-100722,Continental,Starter,Chicken Wings,1,34.0,34.0
ORD-100723,Continental,Main,Grilled Salmon,2,78.0,156.0
ORD-100723,Continental,Main,Classic Beef Burger,1,48.0,48.0
ORD-100723,Continental,Starter,Chicken Wings,1,34.0,34.0
ORD-100724,Continental,Main,Classic Beef Burger,1,48.0,48.0
ORD-100724,Indian,Beverage,Mango Lassi,1,16.0,16.0
ORD-100725,Indian,Main,Palak Paneer,1,34.0,34.0
ORD-100725,Indian,Starter,Vegetable Samosa,1,16.0,16.0
ORD-100726,Indian,Main,Butter Chicken,2,45.0,90.0
ORD-100726,Indian,Side,Garlic Naan,2,8.0,16.0
ORD-100727,Arabic,Main,Lamb Mandi,1,62.0,62.0
ORD-100727,Arabic,Starter,Mutabbal,1,22.0,22.0
ORD-100728,Indian,Main,Butter Chicken,1,45.0,45.0
ORD-100728,Indian,Side,Jeera Rice,1,14.0,14.0
ORD-100729,Continental,Main,Classic Beef Burger,1,48.0,48.0
ORD-100729,Continental,Starter,Soup of the Day,1,22.0,22.0
ORD-100729,Continental,Dessert,Chocolate Brownie,1,24.0,24.0
ORD-100730,Indian,Main,Butter Chicken,1,45.0,45.0
ORD-100730,Indian,Starter,Vegetable Samosa,1,16.0,16.0
ORD-100731,Indian,Main,Dal Makhani,1,32.0,32.0
ORD-100731,Indian,Starter,Vegetable Samosa,1,16.0,16.0
ORD-100731,Indian,Side,Garlic Naan,1,8.0,8.0
ORD-100732,Italian,Main,Pepperoni Pizza,1,52.0,52.0
ORD-100732,Indian,Starter,Paneer Tikka,1,32.0,32.0
ORD-100732,Indian,Dessert,Gulab Jamun,1,18.0,18.0
ORD-100732,Italian,Beverage,Italian Lemon Soda,1,18.0,18.0
ORD-100733,Continental,Main,Classic Beef Burger,2,48.0,96.0
ORD-100733,Continental,Side,French Fries,1,16.0,16.0
ORD-100734,Chinese,Main,Chicken Manchurian,1,38.0,38.0
ORD-100734,Chinese,Main,Kung Pao Chicken,1,44.0,44.0
ORD-100735,Arabic,Main,Lamb Mandi,1,62.0,62.0
ORD-100735,Arabic,Starter,Fattoush,1,24.0,24.0
ORD-100735,Arabic,Beverage,Mint Lemonade,1,18.0,18.0
ORD-100736,Arabic,Main,Chicken Machboos,1,48.0,48.0
ORD-100736,Arabic,Starter,Hummus,1,22.0,22.0
ORD-100736,Arabic,Side,Arabic Rice,1,12.0,12.0
ORD-100737,Indian,Main,Chicken Biryani,1,42.0,42.0
ORD-100737,Indian,Starter,Chicken Tikka,1,36.0,36.0
ORD-100738,Indian,Main,Butter Chicken,1,45.0,45.0
ORD-100738,Indian,Beverage,Mango Lassi,1,16.0,16.0
ORD-100739,Chinese,Main,Veg Hakka Noodles,1,32.0,32.0
ORD-100739,Indian,Starter,Vegetable Samosa,1,16.0,16.0
ORD-100740,Italian,Main,Pepperoni Pizza,1,52.0,52.0
ORD-100740,Italian,Main,Penne Arrabbiata,2,42.0,84.0
ORD-100740,Italian,Starter,Caesar Salad,1,32.0,32.0
ORD-100741,Continental,Main,Fish and Chips,1,50.0,50.0
ORD-100741,Continental,Beverage,Chocolate Milkshake,1,22.0,22.0
ORD-100742,Indian,Main,Chicken Biryani,1,42.0,42.0
ORD-100742,Indian,Side,Garlic Naan,1,8.0,8.0
ORD-100742,Indian,Dessert,Gulab Jamun,1,18.0,18.0
ORD-100743,Italian,Main,Beef Lasagna,1,55.0,55.0
ORD-100743,Italian,Main,Margherita Pizza,1,45.0,45.0
ORD-100743,Italian,Main,Pepperoni Pizza,1,52.0,52.0
ORD-100743,Italian,Beverage,Italian Lemon Soda,1,18.0,18.0
ORD-100744,Indian,Main,Chicken Biryani,1,42.0,42.0
ORD-100744,Indian,Starter,Vegetable Samosa,1,16.0,16.0
ORD-100745,Chinese,Main,Kung Pao Chicken,1,44.0,44.0
ORD-100745,Chinese,Side,Steamed Rice,1,10.0,10.0
ORD-100746,Continental,Main,Grilled Chicken Burger,2,42.0,84.0
ORD-100746,Continental,Main,Grilled Chicken with Mash,1,52.0,52.0
ORD-100746,Continental,Starter,Chicken Wings,1,34.0,34.0
ORD-100746,Continental,Side,French Fries,3,16.0,48.0
ORD-100747,Arabic,Main,Chicken Shawarma Plate,2,38.0,76.0
ORD-100747,Arabic,Starter,Fattoush,1,24.0,24.0
ORD-100747,Arabic,Beverage,Mint Lemonade,2,18.0,36.0
ORD-100748,Indian,Main,Butter Chicken,1,45.0,45.0
ORD-100748,Indian,Starter,Vegetable Samosa,1,16.0,16.0
ORD-100748,Indian,Side,Garlic Naan,1,8.0,8.0
ORD-100749,Arabic,Main,Mixed Grill,1,75.0,75.0
ORD-100749,Arabic,Starter,Fattoush,1,24.0,24.0
ORD-100749,Chinese,Beverage,Jasmine Tea,1,12.0,12.0
ORD-100750,Chinese,Main,Chicken Manchurian,1,38.0,38.0
ORD-100750,Chinese,Main,Veg Hakka Noodles,1,32.0,32.0
ORD-100750,Chinese,Starter,Spring Rolls,1,22.0,22.0
ORD-100750,Chinese,Side,Steamed Rice,2,10.0,20.0
ORD-100750,Chinese,Beverage,Jasmine Tea,2,12.0,24.0
ORD-100751,Arabic,Main,Chicken Shawarma Plate,1,38.0,38.0
ORD-100751,Arabic,Main,Lamb Mandi,1,62.0,62.0
ORD-100751,Arabic,Side,Arabic Rice,2,12.0,24.0
ORD-100752,Indian,Main,Palak Paneer,1,34.0,34.0
ORD-100752,Indian,Main,Chicken Biryani,1,42.0,42.0
ORD-100752,Indian,Starter,Paneer Tikka,1,32.0,32.0
ORD-100752,Indian,Side,Garlic Naan,1,8.0,8.0
ORD-100752,Indian,Beverage,Mango Lassi,1,16.0,16.0
ORD-100753,Continental,Main,Grilled Chicken with Mash,1,52.0,52.0
ORD-100753,Continental,Starter,Chicken Wings,1,34.0,34.0
ORD-100753,Continental,Beverage,Chocolate Milkshake,1,22.0,22.0
ORD-100754,Arabic,Main,Falafel Wrap,1,22.0,22.0
ORD-100754,Arabic,Main,Lamb Mandi,1,62.0,62.0
ORD-100755,Arabic,Main,Chicken Machboos,1,48.0,48.0
ORD-100755,Arabic,Main,Falafel Wrap,1,22.0,22.0
ORD-100755,Arabic,Dessert,Kunafa,1,28.0,28.0
ORD-100756,Continental,Main,Classic Beef Burger,1,48.0,48.0
ORD-100756,Continental,Starter,Chicken Wings,1,34.0,34.0
ORD-100757,Continental,Main,Classic Beef Burger,1,48.0,48.0
ORD-100757,Continental,Beverage,Chocolate Milkshake,1,22.0,22.0
ORD-100758,Italian,Main,Margherita Pizza,1,45.0,45.0
ORD-100758,Italian,Starter,Bruschetta,1,26.0,26.0
ORD-100759,Continental,Main,Classic Beef Burger,2,48.0,96.0
ORD-100759,Continental,Main,Grilled Chicken with Mash,1,52.0,52.0
ORD-100759,Continental,Starter,Chicken Wings,1,34.0,34.0
ORD-100760,Indian,Main,Chicken Biryani,1,42.0,42.0
ORD-100760,Indian,Main,Mutton Biryani,1,52.0,52.0
ORD-100760,Indian,Beverage,Mango Lassi,2,16.0,32.0
ORD-100761,Indian,Main,Butter Chicken,1,45.0,45.0
ORD-100761,Indian,Main,Mutton Biryani,1,52.0,52.0
ORD-100761,Indian,Starter,Vegetable Samosa,1,16.0,16.0
ORD-100761,Indian,Side,Garlic Naan,1,8.0,8.0
ORD-100762,Arabic,Main,Chicken Machboos,1,48.0,48.0
ORD-100762,Arabic,Side,Arabic Rice,1,12.0,12.0
ORD-100763,Indian,Main,Butter Chicken,1,45.0,45.0
ORD-100763,Indian,Side,Garlic Naan,1,8.0,8.0
ORD-100764,Indian,Main,Mutton Biryani,1,52.0,52.0
ORD-100764,Indian,Main,Chicken Biryani,1,42.0,42.0
ORD-100764,Indian,Side,Garlic Naan,2,8.0,16.0
ORD-100764,Indian,Beverage,Mango Lassi,1,16.0,16.0
ORD-100765,Indian,Main,Butter Chicken,2,45.0,90.0
ORD-100765,Indian,Side,Garlic Naan,2,8.0,16.0
ORD-100765,Indian,Dessert,Gulab Jamun,1,18.0,18.0
ORD-100765,Indian,Beverage,Mango Lassi,2,16.0,32.0
ORD-100766,Arabic,Main,Chicken Shawarma Plate,1,38.0,38.0
ORD-100766,Arabic,Main,Falafel Wrap,1,22.0,22.0
ORD-100766,Arabic,Side,Arabic Rice,2,12.0,24.0
ORD-100766,Arabic,Beverage,Mint Lemonade,1,18.0,18.0
ORD-100767,Italian,Main,Fettuccine Alfredo,1,48.0,48.0
ORD-100767,Italian,Dessert,Tiramisu,1,30.0,30.0
ORD-100768,Arabic,Main,Chicken Machboos,1,48.0,48.0
ORD-100768,Arabic,Side,Arabic Rice,1,12.0,12.0
ORD-100769,Continental,Main,Classic Beef Burger,1,48.0,48.0
ORD-100769,Continental,Main,Fish and Chips,1,50.0,50.0
ORD-100769,Continental,Dessert,New York Cheesecake,1,28.0,28.0
ORD-100769,Chinese,Beverage,Jasmine Tea,2,12.0,24.0
ORD-100770,Italian,Main,Penne Arrabbiata,1,42.0,42.0
ORD-100770,Italian,Side,Garlic Bread,1,18.0,18.0
ORD-100771,Indian,Main,Dal Makhani,1,32.0,32.0
ORD-100771,Chinese,Main,Veg Hakka Noodles,1,32.0,32.0
ORD-100772,Chinese,Main,Szechuan Beef,1,52.0,52.0
ORD-100772,Chinese,Starter,Chicken Dim Sum,1,34.0,34.0
ORD-100773,Indian,Main,Mutton Biryani,1,52.0,52.0
ORD-100773,Indian,Starter,Paneer Tikka,1,32.0,32.0
ORD-100773,Indian,Side,Jeera Rice,1,14.0,14.0
ORD-100773,Indian,Dessert,Gulab Jamun,1,18.0,18.0
ORD-100774,Indian,Main,Dal Makhani,1,32.0,32.0
ORD-100774,Indian,Side,Garlic Naan,1,8.0,8.0
ORD-100775,Italian,Main,Margherita Pizza,1,45.0,45.0
ORD-100776,Italian,Main,Penne Arrabbiata,1,42.0,42.0
ORD-100776,Italian,Main,Fettuccine Alfredo,1,48.0,48.0
ORD-100776,Italian,Starter,Bruschetta,1,26.0,26.0
ORD-100777,Indian,Main,Butter Chicken,1,45.0,45.0
ORD-100777,Indian,Main,Chicken Biryani,1,42.0,42.0
ORD-100777,Indian,Starter,Vegetable Samosa,1,16.0,16.0
ORD-100777,Indian,Side,Garlic Naan,1,8.0,8.0
ORD-100777,Indian,Dessert,Gulab Jamun,1,18.0,18.0
ORD-100777,Indian,Beverage,Mango Lassi,1,16.0,16.0
ORD-100778,Indian,Main,Butter Chicken,1,45.0,45.0
ORD-100778,Indian,Side,Garlic Naan,1,8.0,8.0
ORD-100779,Arabic,Main,Lamb Mandi,1,62.0,62.0
ORD-100779,Italian,Main,Fettuccine Alfredo,1,48.0,48.0
ORD-100779,Italian,Starter,Caesar Salad,1,32.0,32.0
ORD-100779,Arabic,Beverage,Mint Lemonade,2,18.0,36.0
ORD-100780,Arabic,Main,Chicken Machboos,2,48.0,96.0
ORD-100780,Arabic,Main,Chicken Shawarma Plate,1,38.0,38.0
ORD-100780,Arabic,Starter,Fattoush,1,24.0,24.0
ORD-100780,Arabic,Side,Arabic Rice,1,12.0,12.0
ORD-100780,Arabic,Dessert,Kunafa,1,28.0,28.0
ORD-100781,Italian,Main,Penne Arrabbiata,1,42.0,42.0
ORD-100781,Italian,Beverage,Italian Lemon Soda,1,18.0,18.0
ORD-100782,Arabic,Main,Lamb Mandi,1,62.0,62.0
ORD-100782,Arabic,Main,Chicken Shawarma Plate,1,38.0,38.0
ORD-100782,Arabic,Side,Arabic Rice,2,12.0,24.0
ORD-100782,Arabic,Beverage,Mint Lemonade,1,18.0,18.0
ORD-100783,Indian,Main,Butter Chicken,1,45.0,45.0
ORD-100783,Indian,Starter,Chicken Tikka,1,36.0,36.0
ORD-100783,Indian,Side,Jeera Rice,1,14.0,14.0
ORD-100784,Indian,Main,Butter Chicken,1,45.0,45.0
ORD-100784,Indian,Starter,Chicken Tikka,1,36.0,36.0
ORD-100784,Indian,Side,Garlic Naan,1,8.0,8.0
ORD-100785,Italian,Main,Margherita Pizza,2,45.0,90.0
ORD-100785,Italian,Main,Beef Lasagna,1,55.0,55.0
ORD-100786,Indian,Main,Dal Makhani,1,32.0,32.0
ORD-100786,Indian,Main,Palak Paneer,1,34.0,34.0
ORD-100786,Indian,Side,Jeera Rice,1,14.0,14.0
ORD-100786,Indian,Beverage,Mango Lassi,1,16.0,16.0
ORD-100787,Indian,Main,Palak Paneer,2,34.0,68.0
ORD-100787,Indian,Side,Garlic Naan,2,8.0,16.0
ORD-100788,Arabic,Main,Chicken Shawarma Plate,1,38.0,38.0
ORD-100788,Arabic,Main,Chicken Machboos,1,48.0,48.0
ORD-100788,Arabic,Starter,Hummus,1,22.0,22.0
ORD-100788,Arabic,Side,Arabic Rice,2,12.0,24.0
ORD-100789,Chinese,Main,Chicken Fried Rice,1,34.0,34.0
ORD-100789,Chinese,Starter,Chicken Dim Sum,1,34.0,34.0
ORD-100790,Arabic,Main,Lamb Mandi,1,62.0,62.0
ORD-100790,Chinese,Beverage,Jasmine Tea,1,12.0,12.0
ORD-100791,Chinese,Main,Kung Pao Chicken,1,44.0,44.0
ORD-100791,Chinese,Beverage,Jasmine Tea,1,12.0,12.0
ORD-100792,Italian,Main,Margherita Pizza,1,45.0,45.0
ORD-100792,Italian,Starter,Caesar Salad,1,32.0,32.0
ORD-100792,Italian,Side,Garlic Bread,1,18.0,18.0
ORD-100793,Chinese,Main,Chicken Manchurian,1,38.0,38.0
ORD-100794,Indian,Main,Chicken Biryani,1,42.0,42.0
ORD-100794,Indian,Starter,Vegetable Samosa,1,16.0,16.0
ORD-100794,Indian,Beverage,Mango Lassi,1,16.0,16.0
ORD-100795,Arabic,Main,Lamb Mandi,1,62.0,62.0
ORD-100795,Continental,Main,Grilled Chicken Burger,1,42.0,42.0
ORD-100795,Arabic,Starter,Hummus,1,22.0,22.0
ORD-100795,Arabic,Side,Arabic Rice,1,12.0,12.0
ORD-100796,Italian,Main,Beef Lasagna,1,55.0,55.0
ORD-100797,Arabic,Main,Chicken Shawarma Plate,2,38.0,76.0
ORD-100797,Arabic,Dessert,Umm Ali,1,26.0,26.0
ORD-100798,Continental,Main,Fish and Chips,1,50.0,50.0
ORD-100799,Arabic,Main,Lamb Mandi,1,62.0,62.0
ORD-100799,Arabic,Dessert,Kunafa,1,28.0,28.0
ORD-100800,Italian,Main,Beef Lasagna,1,55.0,55.0
ORD-100800,Italian,Dessert,Tiramisu,1,30.0,30.0
ORD-100800,Italian,Beverage,Italian Lemon Soda,1,18.0,18.0
ORD-100801,Arabic,Main,Mixed Grill,1,75.0,75.0
ORD-100801,Indian,Main,Dal Makhani,1,32.0,32.0
ORD-100801,Arabic,Starter,Hummus,1,22.0,22.0
ORD-100802,Continental,Main,Grilled Salmon,1,78.0,78.0
ORD-100802,Continental,Starter,Chicken Wings,1,34.0,34.0
ORD-100803,Continental,Main,Fish and Chips,1,50.0,50.0
ORD-100803,Continental,Side,French Fries,1,16.0,16.0
ORD-100804,Continental,Main,Classic Beef Burger,2,48.0,96.0
ORD-100804,Continental,Main,Grilled Chicken with Mash,1,52.0,52.0
ORD-100805,Italian,Main,Pepperoni Pizza,1,52.0,52.0
ORD-100806,Chinese,Main,Kung Pao Chicken,1,44.0,44.0
ORD-100806,Chinese,Side,Steamed Rice,1,10.0,10.0
ORD-100806,Chinese,Dessert,Mango Pudding,1,20.0,20.0
ORD-100807,Continental,Main,Fish and Chips,1,50.0,50.0
ORD-100807,Continental,Side,French Fries,1,16.0,16.0
ORD-100807,Indian,Beverage,Mango Lassi,1,16.0,16.0
ORD-100808,Indian,Main,Mutton Biryani,1,52.0,52.0
ORD-100808,Indian,Main,Chicken Biryani,1,42.0,42.0
ORD-100808,Indian,Side,Garlic Naan,2,8.0,16.0
ORD-100809,Arabic,Main,Chicken Machboos,1,48.0,48.0
ORD-100809,Arabic,Dessert,Umm Ali,1,26.0,26.0
ORD-100809,Arabic,Beverage,Mint Lemonade,1,18.0,18.0
ORD-100810,Indian,Main,Butter Chicken,2,45.0,90.0
ORD-100810,Indian,Main,Mutton Biryani,1,52.0,52.0
ORD-100810,Indian,Side,Jeera Rice,3,14.0,42.0
ORD-100810,Indian,Beverage,Mango Lassi,1,16.0,16.0
ORD-100811,Italian,Main,Pepperoni Pizza,1,52.0,52.0
ORD-100811,Italian,Main,Beef Lasagna,1,55.0,55.0
ORD-100811,Italian,Dessert,Tiramisu,1,30.0,30.0
ORD-100811,Italian,Beverage,Italian Lemon Soda,1,18.0,18.0
ORD-100812,Italian,Main,Fettuccine Alfredo,3,48.0,144.0
ORD-100812,Italian,Starter,Caesar Salad,1,32.0,32.0
ORD-100812,Italian,Side,Garlic Bread,1,18.0,18.0
ORD-100812,Italian,Beverage,Italian Lemon Soda,3,18.0,54.0
ORD-100813,Italian,Main,Beef Lasagna,1,55.0,55.0
ORD-100813,Italian,Dessert,Tiramisu,1,30.0,30.0
ORD-100814,Chinese,Main,Szechuan Beef,1,52.0,52.0
ORD-100814,Chinese,Starter,Spring Rolls,1,22.0,22.0
ORD-100814,Chinese,Beverage,Jasmine Tea,1,12.0,12.0
ORD-100815,Italian,Main,Margherita Pizza,1,45.0,45.0
ORD-100815,Italian,Beverage,Italian Lemon Soda,1,18.0,18.0
ORD-100816,Chinese,Main,Szechuan Beef,1,52.0,52.0
ORD-100817,Continental,Main,Grilled Chicken Burger,1,42.0,42.0
ORD-100817,Continental,Main,Grilled Salmon,1,78.0,78.0
ORD-100817,Continental,Starter,Chicken Wings,1,34.0,34.0
ORD-100818,Chinese,Main,Chicken Manchurian,1,38.0,38.0
ORD-100818,Chinese,Main,Kung Pao Chicken,1,44.0,44.0
ORD-100818,Chinese,Main,Chicken Fried Rice,1,34.0,34.0
ORD-100818,Chinese,Beverage,Jasmine Tea,3,12.0,36.0
ORD-100819,Arabic,Main,Chicken Shawarma Plate,1,38.0,38.0
ORD-100819,Arabic,Main,Falafel Wrap,1,22.0,22.0
ORD-100820,Italian,Main,Penne Arrabbiata,1,42.0,42.0
ORD-100820,Italian,Starter,Bruschetta,1,26.0,26.0
ORD-100821,Arabic,Main,Mixed Grill,1,75.0,75.0
ORD-100821,Arabic,Main,Chicken Shawarma Plate,1,38.0,38.0
ORD-100821,Arabic,Starter,Hummus,1,22.0,22.0
ORD-100822,Continental,Main,Fish and Chips,1,50.0,50.0
ORD-100822,Continental,Beverage,Chocolate Milkshake,1,22.0,22.0
ORD-100823,Continental,Main,Grilled Chicken with Mash,1,52.0,52.0
ORD-100823,Continental,Beverage,Chocolate Milkshake,1,22.0,22.0
ORD-100824,Chinese,Main,Kung Pao Chicken,1,44.0,44.0
ORD-100824,Chinese,Starter,Chicken Dim Sum,1,34.0,34.0
ORD-100824,Chinese,Side,Steamed Rice,1,10.0,10.0
ORD-100824,Chinese,Dessert,Mango Pudding,1,20.0,20.0
ORD-100825,Italian,Main,Fettuccine Alfredo,1,48.0,48.0
ORD-100825,Italian,Starter,Caesar Salad,1,32.0,32.0
ORD-100825,Italian,Beverage,Italian Lemon Soda,1,18.0,18.0
ORD-100826,Arabic,Main,Chicken Shawarma Plate,1,38.0,38.0
ORD-100826,Arabic,Side,Arabic Rice,1,12.0,12.0
ORD-100826,Arabic,Dessert,Umm Ali,1,26.0,26.0
ORD-100826,Indian,Beverage,Mango Lassi,1,16.0,16.0
ORD-100827,Indian,Main,Chicken Biryani,1,42.0,42.0
ORD-100827,Indian,Main,Dal Makhani,1,32.0,32.0
ORD-100827,Indian,Starter,Vegetable Samosa,1,16.0,16.0
ORD-100827,Indian,Side,Jeera Rice,2,14.0,28.0
ORD-100827,Indian,Dessert,Gulab Jamun,1,18.0,18.0
ORD-100827,Indian,Beverage,Mango Lassi,2,16.0,32.0
ORD-100828,Arabic,Main,Falafel Wrap,1,22.0,22.0
ORD-100828,Arabic,Starter,Fattoush,1,24.0,24.0
ORD-100829,Chinese,Main,Chicken Fried Rice,1,34.0,34.0
ORD-100830,Continental,Main,Fish and Chips,1,50.0,50.0
ORD-100830,Continental,Main,Classic Beef Burger,1,48.0,48.0
ORD-100830,Continental,Starter,Soup of the Day,1,22.0,22.0
ORD-100830,Continental,Side,French Fries,1,16.0,16.0
ORD-100830,Continental,Beverage,Chocolate Milkshake,2,22.0,44.0
ORD-100831,Indian,Main,Butter Chicken,1,45.0,45.0
ORD-100831,Indian,Side,Garlic Naan,1,8.0,8.0
ORD-100831,Indian,Dessert,Gulab Jamun,1,18.0,18.0
ORD-100832,Indian,Main,Mutton Biryani,1,52.0,52.0
ORD-100832,Indian,Starter,Vegetable Samosa,1,16.0,16.0
ORD-100832,Indian,Side,Jeera Rice,1,14.0,14.0
ORD-100832,Indian,Dessert,Gulab Jamun,1,18.0,18.0
ORD-100832,Indian,Beverage,Mango Lassi,1,16.0,16.0
ORD-100833,Continental,Main,Grilled Chicken Burger,2,42.0,84.0
ORD-100833,Indian,Main,Chicken Biryani,1,42.0,42.0
ORD-100833,Indian,Beverage,Mango Lassi,2,16.0,32.0
ORD-100834,Italian,Main,Penne Arrabbiata,1,42.0,42.0
ORD-100834,Italian,Starter,Bruschetta,1,26.0,26.0
ORD-100835,Indian,Main,Mutton Biryani,1,52.0,52.0
ORD-100835,Indian,Beverage,Mango Lassi,1,16.0,16.0
ORD-100836,Arabic,Main,Lamb Mandi,1,62.0,62.0
ORD-100836,Arabic,Main,Chicken Machboos,1,48.0,48.0
ORD-100836,Arabic,Side,Arabic Rice,2,12.0,24.0
ORD-100836,Arabic,Dessert,Kunafa,1,28.0,28.0
ORD-100837,Chinese,Main,Kung Pao Chicken,1,44.0,44.0
ORD-100837,Chinese,Main,Veg Hakka Noodles,1,32.0,32.0
ORD-100837,Chinese,Side,Steamed Rice,2,10.0,20.0
ORD-100837,Chinese,Dessert,Mango Pudding,1,20.0,20.0
ORD-100837,Chinese,Beverage,Jasmine Tea,2,12.0,24.0
ORD-100838,Italian,Main,Pepperoni Pizza,1,52.0,52.0
ORD-100838,Italian,Main,Beef Lasagna,1,55.0,55.0
ORD-100838,Italian,Beverage,Italian Lemon Soda,2,18.0,36.0
ORD-100839,Indian,Main,Chicken Biryani,1,42.0,42.0
ORD-100839,Indian,Main,Butter Chicken,1,45.0,45.0
ORD-100839,Indian,Dessert,Gulab Jamun,1,18.0,18.0
ORD-100840,Chinese,Main,Chicken Fried Rice,1,34.0,34.0
ORD-100840,Italian,Main,Margherita Pizza,1,45.0,45.0
ORD-100840,Italian,Starter,Bruschetta,1,26.0,26.0
ORD-100840,Chinese,Beverage,Jasmine Tea,2,12.0,24.0
ORD-100841,Chinese,Main,Szechuan Beef,1,52.0,52.0
ORD-100842,Arabic,Main,Mixed Grill,1,75.0,75.0
ORD-100842,Arabic,Main,Lamb Mandi,1,62.0,62.0
ORD-100842,Arabic,Main,Chicken Shawarma Plate,1,38.0,38.0
ORD-100842,Arabic,Starter,Mutabbal,1,22.0,22.0
ORD-100843,Italian,Main,Penne Arrabbiata,2,42.0,84.0
ORD-100843,Italian,Main,Fettuccine Alfredo,1,48.0,48.0
ORD-100843,Italian,Beverage,Italian Lemon Soda,1,18.0,18.0
ORD-100844,Chinese,Main,Veg Hakka Noodles,1,32.0,32.0
ORD-100844,Chinese,Main,Chicken Manchurian,1,38.0,38.0
ORD-100844,Chinese,Main,Kung Pao Chicken,1,44.0,44.0
ORD-100844,Chinese,Side,Steamed Rice,3,10.0,30.0
ORD-100845,Indian,Main,Mutton Biryani,1,52.0,52.0
ORD-100845,Indian,Main,Butter Chicken,1,45.0,45.0
ORD-100845,Indian,Main,Dal Makhani,1,32.0,32.0
ORD-100845,Indian,Starter,Chicken Tikka,1,36.0,36.0
ORD-100845,Indian,Side,Garlic Naan,3,8.0,24.0
ORD-100845,Indian,Beverage,Mango Lassi,2,16.0,32.0
ORD-100846,Continental,Main,Grilled Salmon,1,78.0,78.0
ORD-100846,Continental,Starter,Chicken Wings,1,34.0,34.0
ORD-100846,Continental,Dessert,New York Cheesecake,1,28.0,28.0
ORD-100847,Arabic,Main,Chicken Machboos,1,48.0,48.0
ORD-100848,Arabic,Main,Mixed Grill,1,75.0,75.0
ORD-100848,Arabic,Main,Falafel Wrap,1,22.0,22.0
ORD-100848,Arabic,Main,Chicken Machboos,1,48.0,48.0
ORD-100849,Indian,Main,Chicken Biryani,1,42.0,42.0
ORD-100849,Indian,Starter,Chicken Tikka,1,36.0,36.0
ORD-100850,Chinese,Main,Chicken Fried Rice,1,34.0,34.0
ORD-100850,Chinese,Main,Veg Hakka Noodles,1,32.0,32.0
ORD-100850,Chinese,Starter,Hot and Sour Soup,1,24.0,24.0
ORD-100850,Chinese,Side,Steamed Rice,2,10.0,20.0
ORD-100851,Indian,Main,Palak Paneer,1,34.0,34.0
ORD-100851,Indian,Side,Garlic Naan,1,8.0,8.0
ORD-100851,Indian,Beverage,Mango Lassi,1,16.0,16.0
ORD-100852,Italian,Main,Pepperoni Pizza,1,52.0,52.0
ORD-100852,Italian,Starter,Caesar Salad,1,32.0,32.0
ORD-100852,Italian,Side,Garlic Bread,1,18.0,18.0
ORD-100853,Chinese,Main,Chicken Fried Rice,1,34.0,34.0
ORD-100853,Chinese,Starter,Hot and Sour Soup,1,24.0,24.0
ORD-100854,Arabic,Main,Chicken Machboos,1,48.0,48.0
ORD-100854,Arabic,Beverage,Mint Lemonade,1,18.0,18.0
ORD-100855,Arabic,Main,Chicken Machboos,1,48.0,48.0
ORD-100855,Indian,Dessert,Gulab Jamun,1,18.0,18.0
ORD-100856,Indian,Main,Chicken Biryani,1,42.0,42.0
ORD-100856,Indian,Dessert,Gulab Jamun,1,18.0,18.0
ORD-100856,Indian,Beverage,Mango Lassi,1,16.0,16.0
ORD-100857,Indian,Main,Butter Chicken,1,45.0,45.0
ORD-100857,Indian,Main,Chicken Biryani,1,42.0,42.0
ORD-100857,Indian,Starter,Chicken Tikka,1,36.0,36.0
ORD-100857,Indian,Side,Jeera Rice,2,14.0,28.0
ORD-100857,Indian,Dessert,Gulab Jamun,1,18.0,18.0
ORD-100857,Indian,Beverage,Mango Lassi,2,16.0,32.0
ORD-100858,Arabic,Main,Falafel Wrap,1,22.0,22.0
ORD-100858,Arabic,Side,Arabic Rice,1,12.0,12.0
ORD-100858,Arabic,Dessert,Kunafa,1,28.0,28.0
ORD-100859,Continental,Main,Grilled Salmon,1,78.0,78.0
ORD-100859,Continental,Side,French Fries,1,16.0,16.0
ORD-100859,Continental,Beverage,Chocolate Milkshake,1,22.0,22.0
ORD-100860,Indian,Main,Dal Makhani,1,32.0,32.0
ORD-100860,Indian,Beverage,Mango Lassi,1,16.0,16.0
ORD-100861,Arabic,Main,Chicken Shawarma Plate,1,38.0,38.0
ORD-100861,Arabic,Starter,Hummus,1,22.0,22.0
ORD-100861,Arabic,Side,Arabic Rice,1,12.0,12.0
ORD-100862,Italian,Main,Beef Lasagna,1,55.0,55.0
ORD-100862,Italian,Side,Garlic Bread,1,18.0,18.0
ORD-100863,Chinese,Main,Chicken Fried Rice,1,34.0,34.0
ORD-100863,Chinese,Starter,Spring Rolls,1,22.0,22.0
ORD-100863,Chinese,Dessert,Mango Pudding,1,20.0,20.0
ORD-100864,Continental,Main,Fish and Chips,2,50.0,100.0
ORD-100864,Continental,Side,French Fries,1,16.0,16.0
ORD-100864,Continental,Dessert,New York Cheesecake,1,28.0,28.0
ORD-100864,Continental,Beverage,Chocolate Milkshake,1,22.0,22.0
ORD-100865,Chinese,Main,Chicken Fried Rice,1,34.0,34.0
ORD-100865,Chinese,Main,Chicken Manchurian,1,38.0,38.0
ORD-100865,Chinese,Beverage,Jasmine Tea,2,12.0,24.0
ORD-100866,Italian,Main,Pepperoni Pizza,1,52.0,52.0
ORD-100866,Italian,Main,Margherita Pizza,1,45.0,45.0
ORD-100867,Indian,Main,Mutton Biryani,1,52.0,52.0
ORD-100867,Chinese,Main,Szechuan Beef,1,52.0,52.0
ORD-100867,Indian,Starter,Chicken Tikka,1,36.0,36.0
ORD-100867,Indian,Beverage,Mango Lassi,1,16.0,16.0
ORD-100868,Arabic,Main,Falafel Wrap,1,22.0,22.0
ORD-100868,Arabic,Side,Arabic Rice,1,12.0,12.0
ORD-100868,Arabic,Dessert,Umm Ali,1,26.0,26.0
ORD-100868,Arabic,Beverage,Mint Lemonade,1,18.0,18.0
ORD-100869,Chinese,Main,Chicken Manchurian,1,38.0,38.0
ORD-100869,Chinese,Starter,Hot and Sour Soup,1,24.0,24.0
ORD-100869,Chinese,Side,Steamed Rice,1,10.0,10.0
ORD-100869,Chinese,Beverage,Jasmine Tea,1,12.0,12.0
ORD-100870,Indian,Main,Dal Makhani,1,32.0,32.0
ORD-100870,Indian,Main,Mutton Biryani,1,52.0,52.0
ORD-100870,Indian,Dessert,Gulab Jamun,1,18.0,18.0
ORD-100870,Indian,Beverage,Mango Lassi,1,16.0,16.0
ORD-100871,Indian,Main,Butter Chicken,1,45.0,45.0
ORD-100871,Indian,Starter,Paneer Tikka,1,32.0,32.0
ORD-100871,Indian,Side,Garlic Naan,1,8.0,8.0
ORD-100871,Indian,Dessert,Gulab Jamun,1,18.0,18.0
ORD-100872,Arabic,Main,Falafel Wrap,1,22.0,22.0
ORD-100872,Arabic,Main,Lamb Mandi,1,62.0,62.0
ORD-100872,Arabic,Main,Chicken Machboos,1,48.0,48.0
ORD-100872,Arabic,Starter,Hummus,1,22.0,22.0
ORD-100873,Indian,Main,Butter Chicken,1,45.0,45.0
ORD-100873,Indian,Main,Dal Makhani,1,32.0,32.0
ORD-100873,Indian,Starter,Vegetable Samosa,1,16.0,16.0
ORD-100873,Indian,Dessert,Gulab Jamun,1,18.0,18.0
ORD-100874,Arabic,Main,Mixed Grill,1,75.0,75.0
ORD-100874,Arabic,Main,Chicken Machboos,1,48.0,48.0
ORD-100874,Arabic,Starter,Hummus,1,22.0,22.0
ORD-100875,Arabic,Main,Lamb Mandi,1,62.0,62.0
ORD-100876,Indian,Main,Mutton Biryani,1,52.0,52.0
ORD-100876,Indian,Starter,Chicken Tikka,1,36.0,36.0
ORD-100876,Indian,Side,Garlic Naan,1,8.0,8.0
ORD-100876,Indian,Dessert,Gulab Jamun,1,18.0,18.0
ORD-100877,Italian,Main,Penne Arrabbiata,1,42.0,42.0
ORD-100877,Indian,Starter,Chicken Tikka,1,36.0,36.0
ORD-100877,Indian,Dessert,Gulab Jamun,1,18.0,18.0
ORD-100878,Continental,Main,Grilled Chicken Burger,2,42.0,84.0
ORD-100878,Continental,Main,Grilled Chicken with Mash,1,52.0,52.0
ORD-100878,Continental,Starter,Chicken Wings,1,34.0,34.0
ORD-100879,Arabic,Main,Mixed Grill,1,75.0,75.0
ORD-100879,Arabic,Main,Chicken Machboos,1,48.0,48.0
ORD-100879,Arabic,Beverage,Mint Lemonade,2,18.0,36.0
ORD-100880,Arabic,Main,Chicken Shawarma Plate,1,38.0,38.0
ORD-100880,Arabic,Dessert,Umm Ali,1,26.0,26.0
ORD-100881,Indian,Main,Chicken Biryani,1,42.0,42.0
ORD-100881,Indian,Side,Jeera Rice,1,14.0,14.0
ORD-100882,Continental,Main,Grilled Chicken Burger,1,42.0,42.0
ORD-100883,Continental,Main,Grilled Salmon,2,78.0,156.0
ORD-100883,Continental,Main,Fish and Chips,1,50.0,50.0
ORD-100883,Continental,Side,French Fries,1,16.0,16.0
ORD-100883,Continental,Beverage,Chocolate Milkshake,2,22.0,44.0
ORD-100884,Arabic,Main,Lamb Mandi,1,62.0,62.0
ORD-100884,Arabic,Main,Chicken Shawarma Plate,1,38.0,38.0
ORD-100884,Arabic,Side,Arabic Rice,1,12.0,12.0
ORD-100884,Arabic,Dessert,Kunafa,1,28.0,28.0
ORD-100885,Arabic,Main,Lamb Mandi,1,62.0,62.0
ORD-100885,Arabic,Beverage,Mint Lemonade,1,18.0,18.0
ORD-100886,Indian,Main,Palak Paneer,1,34.0,34.0
ORD-100886,Indian,Side,Garlic Naan,1,8.0,8.0
ORD-100886,Indian,Beverage,Mango Lassi,1,16.0,16.0
ORD-100887,Italian,Main,Beef Lasagna,2,55.0,110.0
ORD-100887,Italian,Starter,Caesar Salad,1,32.0,32.0
ORD-100887,Italian,Beverage,Italian Lemon Soda,2,18.0,36.0
ORD-100888,Chinese,Main,Szechuan Beef,1,52.0,52.0
ORD-100888,Chinese,Main,Veg Hakka Noodles,1,32.0,32.0
ORD-100888,Chinese,Side,Steamed Rice,1,10.0,10.0
ORD-100889,Indian,Main,Chicken Biryani,2,42.0,84.0
ORD-100889,Indian,Starter,Vegetable Samosa,1,16.0,16.0
ORD-100889,Indian,Side,Garlic Naan,1,8.0,8.0
ORD-100889,Indian,Dessert,Gulab Jamun,1,18.0,18.0
ORD-100889,Indian,Beverage,Mango Lassi,2,16.0,32.0
ORD-100890,Indian,Main,Butter Chicken,1,45.0,45.0
ORD-100890,Indian,Starter,Paneer Tikka,1,32.0,32.0
ORD-100890,Indian,Side,Garlic Naan,1,8.0,8.0
ORD-100890,Indian,Beverage,Mango Lassi,1,16.0,16.0
ORD-100891,Italian,Main,Margherita Pizza,1,45.0,45.0
ORD-100891,Italian,Side,Garlic Bread,1,18.0,18.0
ORD-100892,Italian,Main,Fettuccine Alfredo,1,48.0,48.0
ORD-100892,Italian,Starter,Bruschetta,1,26.0,26.0
ORD-100892,Italian,Beverage,Italian Lemon Soda,1,18.0,18.0
ORD-100893,Arabic,Main,Lamb Mandi,1,62.0,62.0
ORD-100893,Arabic,Main,Chicken Machboos,1,48.0,48.0
ORD-100893,Arabic,Starter,Mutabbal,1,22.0,22.0
ORD-100893,Arabic,Side,Arabic Rice,1,12.0,12.0
ORD-100893,Arabic,Dessert,Kunafa,1,28.0,28.0
ORD-100894,Indian,Main,Butter Chicken,1,45.0,45.0
ORD-100894,Indian,Main,Mutton Biryani,1,52.0,52.0
ORD-100894,Indian,Main,Chicken Biryani,1,42.0,42.0
ORD-100894,Indian,Side,Garlic Naan,3,8.0,24.0
ORD-100894,Indian,Dessert,Gulab Jamun,1,18.0,18.0
ORD-100894,Indian,Beverage,Mango Lassi,2,16.0,32.0
ORD-100895,Chinese,Main,Kung Pao Chicken,2,44.0,88.0
ORD-100895,Chinese,Main,Veg Hakka Noodles,1,32.0,32.0
ORD-100895,Chinese,Starter,Hot and Sour Soup,1,24.0,24.0
ORD-100896,Continental,Main,Grilled Chicken Burger,1,42.0,42.0
ORD-100896,Continental,Side,French Fries,1,16.0,16.0
ORD-100896,Continental,Beverage,Chocolate Milkshake,1,22.0,22.0
ORD-100897,Chinese,Main,Chicken Fried Rice,1,34.0,34.0
ORD-100897,Chinese,Main,Szechuan Beef,1,52.0,52.0
ORD-100897,Chinese,Beverage,Jasmine Tea,1,12.0,12.0
ORD-100898,Arabic,Main,Lamb Mandi,1,62.0,62.0
ORD-100898,Arabic,Main,Chicken Shawarma Plate,1,38.0,38.0
ORD-100898,Arabic,Dessert,Umm Ali,1,26.0,26.0
ORD-100898,Arabic,Beverage,Mint Lemonade,2,18.0,36.0
ORD-100899,Arabic,Main,Chicken Shawarma Plate,2,38.0,76.0
ORD-100899,Arabic,Beverage,Mint Lemonade,1,18.0,18.0
ORD-100900,Italian,Main,Pepperoni Pizza,1,52.0,52.0
ORD-100901,Continental,Main,Grilled Salmon,1,78.0,78.0
ORD-100901,Continental,Side,French Fries,1,16.0,16.0
ORD-100901,Continental,Dessert,Chocolate Brownie,1,24.0,24.0
ORD-100901,Continental,Beverage,Chocolate Milkshake,1,22.0,22.0
ORD-100902,Continental,Main,Classic Beef Burger,1,48.0,48.0
ORD-100903,Chinese,Main,Kung Pao Chicken,2,44.0,88.0
ORD-100903,Chinese,Starter,Spring Rolls,1,22.0,22.0
ORD-100903,Chinese,Side,Steamed Rice,2,10.0,20.0
ORD-100903,Chinese,Beverage,Jasmine Tea,1,12.0,12.0
ORD-100904,Continental,Main,Grilled Chicken with Mash,1,52.0,52.0
ORD-100905,Arabic,Main,Falafel Wrap,1,22.0,22.0
ORD-100905,Continental,Beverage,Chocolate Milkshake,1,22.0,22.0
ORD-100906,Indian,Main,Chicken Biryani,1,42.0,42.0
ORD-100906,Indian,Side,Jeera Rice,1,14.0,14.0
ORD-100907,Continental,Main,Fish and Chips,1,50.0,50.0
ORD-100907,Continental,Main,Classic Beef Burger,1,48.0,48.0
ORD-100907,Continental,Dessert,Chocolate Brownie,1,24.0,24.0
ORD-100907,Continental,Beverage,Chocolate Milkshake,1,22.0,22.0
ORD-100908,Italian,Main,Fettuccine Alfredo,1,48.0,48.0
ORD-100908,Italian,Starter,Caesar Salad,1,32.0,32.0
ORD-100909,Italian,Main,Fettuccine Alfredo,1,48.0,48.0
ORD-100909,Arabic,Starter,Hummus,1,22.0,22.0
ORD-100910,Continental,Main,Fish and Chips,1,50.0,50.0
ORD-100910,Continental,Main,Classic Beef Burger,1,48.0,48.0
ORD-100910,Continental,Beverage,Chocolate Milkshake,1,22.0,22.0
ORD-100911,Italian,Main,Pepperoni Pizza,1,52.0,52.0
ORD-100911,Italian,Main,Penne Arrabbiata,1,42.0,42.0
ORD-100911,Italian,Main,Margherita Pizza,1,45.0,45.0
ORD-100911,Italian,Starter,Caesar Salad,1,32.0,32.0
ORD-100911,Italian,Side,Garlic Bread,1,18.0,18.0
ORD-100912,Arabic,Main,Chicken Shawarma Plate,1,38.0,38.0
ORD-100912,Indian,Main,Dal Makhani,1,32.0,32.0
ORD-100912,Arabic,Dessert,Kunafa,1,28.0,28.0
ORD-100913,Indian,Main,Dal Makhani,1,32.0,32.0
ORD-100914,Arabic,Main,Chicken Shawarma Plate,2,38.0,76.0
ORD-100914,Arabic,Dessert,Kunafa,1,28.0,28.0
ORD-100914,Arabic,Beverage,Mint Lemonade,1,18.0,18.0
ORD-100915,Continental,Main,Classic Beef Burger,1,48.0,48.0
ORD-100915,Continental,Main,Grilled Salmon,1,78.0,78.0
ORD-100916,Chinese,Main,Chicken Manchurian,1,38.0,38.0
ORD-100916,Chinese,Starter,Hot and Sour Soup,1,24.0,24.0
ORD-100916,Chinese,Side,Steamed Rice,1,10.0,10.0
ORD-100916,Chinese,Beverage,Jasmine Tea,1,12.0,12.0
ORD-100917,Italian,Main,Beef Lasagna,1,55.0,55.0
ORD-100917,Italian,Main,Pepperoni Pizza,1,52.0,52.0
ORD-100917,Italian,Starter,Bruschetta,1,26.0,26.0
ORD-100918,Indian,Main,Dal Makhani,1,32.0,32.0
ORD-100918,Indian,Side,Garlic Naan,1,8.0,8.0
ORD-100918,Indian,Beverage,Mango Lassi,1,16.0,16.0
ORD-100919,Indian,Main,Mutton Biryani,1,52.0,52.0
ORD-100919,Indian,Main,Butter Chicken,1,45.0,45.0
ORD-100919,Indian,Dessert,Gulab Jamun,1,18.0,18.0
ORD-100920,Arabic,Main,Mixed Grill,1,75.0,75.0
ORD-100920,Arabic,Starter,Mutabbal,1,22.0,22.0
ORD-100921,Arabic,Main,Chicken Shawarma Plate,1,38.0,38.0
ORD-100921,Arabic,Starter,Hummus,1,22.0,22.0
ORD-100921,Arabic,Side,Arabic Rice,1,12.0,12.0
ORD-100921,Arabic,Beverage,Mint Lemonade,1,18.0,18.0
ORD-100922,Continental,Main,Grilled Salmon,1,78.0,78.0
ORD-100922,Continental,Starter,Chicken Wings,1,34.0,34.0
ORD-100923,Continental,Main,Grilled Salmon,1,78.0,78.0
ORD-100923,Continental,Main,Grilled Chicken Burger,1,42.0,42.0
ORD-100923,Continental,Side,French Fries,2,16.0,32.0
ORD-100924,Italian,Main,Pepperoni Pizza,1,52.0,52.0
ORD-100924,Italian,Beverage,Italian Lemon Soda,1,18.0,18.0
ORD-100925,Italian,Main,Margherita Pizza,1,45.0,45.0
ORD-100925,Italian,Main,Penne Arrabbiata,1,42.0,42.0
ORD-100926,Chinese,Main,Chicken Manchurian,1,38.0,38.0
ORD-100926,Chinese,Starter,Spring Rolls,1,22.0,22.0
ORD-100926,Chinese,Dessert,Mango Pudding,1,20.0,20.0
ORD-100927,Continental,Main,Fish and Chips,1,50.0,50.0
ORD-100927,Continental,Side,French Fries,1,16.0,16.0
ORD-100927,Continental,Beverage,Chocolate Milkshake,1,22.0,22.0
ORD-100928,Continental,Main,Classic Beef Burger,1,48.0,48.0
ORD-100928,Indian,Starter,Chicken Tikka,1,36.0,36.0
ORD-100928,Indian,Beverage,Mango Lassi,1,16.0,16.0
ORD-100929,Continental,Main,Fish and Chips,1,50.0,50.0
ORD-100930,Chinese,Main,Chicken Fried Rice,1,34.0,34.0
ORD-100930,Chinese,Main,Kung Pao Chicken,2,44.0,88.0
ORD-100930,Chinese,Starter,Hot and Sour Soup,1,24.0,24.0
ORD-100931,Arabic,Main,Chicken Shawarma Plate,1,38.0,38.0
ORD-100931,Arabic,Main,Lamb Mandi,1,62.0,62.0
ORD-100931,Arabic,Side,Arabic Rice,2,12.0,24.0
ORD-100931,Arabic,Dessert,Umm Ali,1,26.0,26.0
ORD-100932,Arabic,Main,Falafel Wrap,2,22.0,44.0
ORD-100933,Italian,Main,Pepperoni Pizza,1,52.0,52.0
ORD-100933,Italian,Starter,Caesar Salad,1,32.0,32.0
ORD-100934,Indian,Main,Mutton Biryani,1,52.0,52.0
ORD-100934,Indian,Main,Chicken Biryani,1,42.0,42.0
ORD-100934,Indian,Side,Garlic Naan,2,8.0,16.0
ORD-100934,Arabic,Beverage,Mint Lemonade,1,18.0,18.0
ORD-100935,Arabic,Main,Chicken Machboos,1,48.0,48.0
ORD-100935,Arabic,Starter,Mutabbal,1,22.0,22.0
ORD-100935,Arabic,Beverage,Mint Lemonade,1,18.0,18.0
ORD-100936,Indian,Main,Dal Makhani,1,32.0,32.0
ORD-100936,Indian,Side,Garlic Naan,1,8.0,8.0
ORD-100936,Indian,Beverage,Mango Lassi,1,16.0,16.0
ORD-100937,Indian,Main,Butter Chicken,1,45.0,45.0
ORD-100937,Indian,Main,Chicken Biryani,1,42.0,42.0
ORD-100937,Indian,Side,Garlic Naan,1,8.0,8.0
ORD-100937,Indian,Beverage,Mango Lassi,2,16.0,32.0
ORD-100938,Indian,Main,Mutton Biryani,1,52.0,52.0
ORD-100938,Indian,Starter,Vegetable Samosa,1,16.0,16.0
ORD-100938,Indian,Beverage,Mango Lassi,1,16.0,16.0
ORD-100939,Indian,Main,Mutton Biryani,1,52.0,52.0
ORD-100940,Arabic,Main,Chicken Shawarma Plate,2,38.0,76.0
ORD-100940,Arabic,Starter,Fattoush,1,24.0,24.0
ORD-100941,Chinese,Main,Veg Hakka Noodles,1,32.0,32.0
ORD-100941,Chinese,Side,Steamed Rice,1,10.0,10.0
ORD-100942,Chinese,Main,Chicken Fried Rice,1,34.0,34.0
ORD-100942,Chinese,Starter,Chicken Dim Sum,1,34.0,34.0
ORD-100942,Chinese,Beverage,Jasmine Tea,1,12.0,12.0
ORD-100943,Indian,Main,Mutton Biryani,1,52.0,52.0
ORD-100943,Indian,Side,Jeera Rice,1,14.0,14.0
ORD-100943,Indian,Beverage,Mango Lassi,1,16.0,16.0
ORD-100944,Arabic,Main,Lamb Mandi,1,62.0,62.0
ORD-100945,Indian,Main,Butter Chicken,1,45.0,45.0
ORD-100945,Indian,Starter,Chicken Tikka,1,36.0,36.0
ORD-100945,Indian,Beverage,Mango Lassi,1,16.0,16.0
ORD-100946,Italian,Main,Penne Arrabbiata,1,42.0,42.0
ORD-100946,Italian,Main,Beef Lasagna,1,55.0,55.0
ORD-100947,Arabic,Main,Chicken Shawarma Plate,1,38.0,38.0
ORD-100947,Arabic,Side,Arabic Rice,1,12.0,12.0
ORD-100947,Arabic,Beverage,Mint Lemonade,1,18.0,18.0
ORD-100948,Italian,Main,Pepperoni Pizza,1,52.0,52.0
ORD-100948,Italian,Starter,Caesar Salad,1,32.0,32.0
ORD-100949,Italian,Main,Beef Lasagna,1,55.0,55.0
ORD-100950,Indian,Main,Chicken Biryani,1,42.0,42.0
ORD-100950,Indian,Dessert,Gulab Jamun,1,18.0,18.0
ORD-100951,Italian,Main,Margherita Pizza,1,45.0,45.0
ORD-100951,Italian,Main,Fettuccine Alfredo,1,48.0,48.0
ORD-100951,Italian,Starter,Caesar Salad,1,32.0,32.0
ORD-100951,Italian,Dessert,Tiramisu,1,30.0,30.0
ORD-100952,Arabic,Main,Mixed Grill,1,75.0,75.0
ORD-100952,Arabic,Beverage,Mint Lemonade,1,18.0,18.0
ORD-100953,Indian,Main,Chicken Biryani,2,42.0,84.0
ORD-100953,Indian,Side,Garlic Naan,2,8.0,16.0
ORD-100954,Chinese,Main,Kung Pao Chicken,1,44.0,44.0
ORD-100954,Chinese,Side,Steamed Rice,1,10.0,10.0
ORD-100955,Arabic,Main,Lamb Mandi,1,62.0,62.0
ORD-100955,Arabic,Main,Mixed Grill,1,75.0,75.0
ORD-100955,Arabic,Side,Arabic Rice,2,12.0,24.0
ORD-100955,Arabic,Beverage,Mint Lemonade,2,18.0,36.0
ORD-100956,Indian,Main,Chicken Biryani,1,42.0,42.0
ORD-100956,Indian,Starter,Paneer Tikka,1,32.0,32.0
ORD-100956,Indian,Side,Garlic Naan,1,8.0,8.0
ORD-100957,Arabic,Main,Mixed Grill,1,75.0,75.0
ORD-100957,Arabic,Starter,Hummus,1,22.0,22.0
ORD-100958,Indian,Main,Butter Chicken,1,45.0,45.0
ORD-100958,Indian,Side,Jeera Rice,1,14.0,14.0
ORD-100958,Indian,Dessert,Gulab Jamun,1,18.0,18.0
ORD-100959,Indian,Main,Butter Chicken,1,45.0,45.0
ORD-100959,Indian,Beverage,Mango Lassi,1,16.0,16.0
ORD-100960,Indian,Main,Butter Chicken,1,45.0,45.0
ORD-100960,Indian,Main,Mutton Biryani,1,52.0,52.0
ORD-100960,Indian,Side,Garlic Naan,1,8.0,8.0
ORD-100961,Arabic,Main,Chicken Shawarma Plate,2,38.0,76.0
ORD-100962,Indian,Main,Chicken Biryani,1,42.0,42.0
ORD-100962,Indian,Main,Mutton Biryani,1,52.0,52.0
ORD-100962,Indian,Starter,Paneer Tikka,1,32.0,32.0
ORD-100962,Indian,Side,Jeera Rice,2,14.0,28.0
ORD-100963,Indian,Main,Dal Makhani,1,32.0,32.0
ORD-100963,Indian,Side,Garlic Naan,1,8.0,8.0
ORD-100964,Indian,Main,Dal Makhani,1,32.0,32.0
ORD-100964,Indian,Starter,Chicken Tikka,1,36.0,36.0
ORD-100964,Indian,Side,Garlic Naan,1,8.0,8.0
ORD-100964,Indian,Beverage,Mango Lassi,1,16.0,16.0
ORD-100965,Arabic,Main,Falafel Wrap,1,22.0,22.0
ORD-100965,Arabic,Starter,Hummus,1,22.0,22.0
ORD-100965,Arabic,Side,Arabic Rice,1,12.0,12.0
ORD-100966,Indian,Main,Butter Chicken,1,45.0,45.0
ORD-100966,Indian,Main,Dal Makhani,1,32.0,32.0
ORD-100966,Indian,Side,Jeera Rice,1,14.0,14.0
ORD-100966,Indian,Beverage,Mango Lassi,1,16.0,16.0
ORD-100967,Chinese,Main,Szechuan Beef,1,52.0,52.0
ORD-100967,Chinese,Dessert,Mango Pudding,1,20.0,20.0
ORD-100968,Indian,Main,Butter Chicken,1,45.0,45.0
ORD-100968,Indian,Side,Jeera Rice,1,14.0,14.0
ORD-100969,Italian,Main,Margherita Pizza,1,45.0,45.0
ORD-100969,Chinese,Main,Szechuan Beef,1,52.0,52.0
ORD-100969,Chinese,Starter,Spring Rolls,1,22.0,22.0
ORD-100969,Italian,Dessert,Tiramisu,1,30.0,30.0
ORD-100970,Arabic,Main,Chicken Shawarma Plate,1,38.0,38.0
ORD-100970,Arabic,Starter,Hummus,1,22.0,22.0
ORD-100970,Arabic,Side,Arabic Rice,1,12.0,12.0
ORD-100970,Arabic,Dessert,Kunafa,1,28.0,28.0
ORD-100970,Arabic,Beverage,Mint Lemonade,1,18.0,18.0
ORD-100971,Indian,Main,Palak Paneer,1,34.0,34.0
ORD-100971,Indian,Main,Dal Makhani,1,32.0,32.0
ORD-100971,Indian,Starter,Paneer Tikka,1,32.0,32.0
ORD-100971,Indian,Side,Jeera Rice,2,14.0,28.0
ORD-100971,Indian,Beverage,Mango Lassi,1,16.0,16.0
ORD-100972,Chinese,Main,Chicken Fried Rice,2,34.0,68.0
ORD-100972,Chinese,Starter,Chicken Dim Sum,1,34.0,34.0
ORD-100972,Chinese,Beverage,Jasmine Tea,1,12.0,12.0
ORD-100973,Arabic,Main,Chicken Shawarma Plate,1,38.0,38.0
ORD-100973,Arabic,Main,Lamb Mandi,1,62.0,62.0
ORD-100973,Arabic,Main,Mixed Grill,1,75.0,75.0
ORD-100973,Arabic,Dessert,Kunafa,1,28.0,28.0
ORD-100973,Chinese,Beverage,Jasmine Tea,1,12.0,12.0
ORD-100974,Arabic,Main,Mixed Grill,1,75.0,75.0
ORD-100974,Arabic,Beverage,Mint Lemonade,1,18.0,18.0
ORD-100975,Arabic,Main,Mixed Grill,1,75.0,75.0
ORD-100975,Arabic,Main,Falafel Wrap,1,22.0,22.0
ORD-100975,Arabic,Starter,Mutabbal,1,22.0,22.0
ORD-100975,Arabic,Beverage,Mint Lemonade,2,18.0,36.0
ORD-100976,Indian,Main,Palak Paneer,1,34.0,34.0
ORD-100976,Indian,Starter,Vegetable Samosa,1,16.0,16.0
ORD-100976,Indian,Side,Jeera Rice,1,14.0,14.0
ORD-100977,Indian,Main,Butter Chicken,1,45.0,45.0
ORD-100977,Indian,Side,Jeera Rice,1,14.0,14.0
ORD-100978,Indian,Main,Chicken Biryani,1,42.0,42.0
ORD-100978,Indian,Starter,Paneer Tikka,1,32.0,32.0
ORD-100978,Indian,Dessert,Gulab Jamun,1,18.0,18.0
ORD-100979,Arabic,Main,Chicken Machboos,2,48.0,96.0
ORD-100979,Arabic,Beverage,Mint Lemonade,1,18.0,18.0
ORD-100980,Chinese,Main,Kung Pao Chicken,1,44.0,44.0
ORD-100980,Chinese,Side,Steamed Rice,1,10.0,10.0
ORD-100980,Chinese,Dessert,Mango Pudding,1,20.0,20.0
ORD-100980,Chinese,Beverage,Jasmine Tea,1,12.0,12.0
ORD-100981,Continental,Main,Grilled Salmon,1,78.0,78.0
ORD-100981,Continental,Main,Classic Beef Burger,2,48.0,96.0
ORD-100981,Continental,Starter,Chicken Wings,1,34.0,34.0
ORD-100981,Continental,Side,French Fries,1,16.0,16.0
ORD-100982,Indian,Main,Butter Chicken,1,45.0,45.0
ORD-100982,Indian,Main,Chicken Biryani,1,42.0,42.0
ORD-100982,Indian,Starter,Chicken Tikka,1,36.0,36.0
ORD-100982,Indian,Side,Jeera Rice,2,14.0,28.0
ORD-100982,Indian,Beverage,Mango Lassi,2,16.0,32.0
ORD-100983,Continental,Main,Classic Beef Burger,1,48.0,48.0
ORD-100983,Continental,Side,French Fries,1,16.0,16.0
ORD-100984,Italian,Main,Margherita Pizza,2,45.0,90.0
ORD-100985,Arabic,Main,Falafel Wrap,1,22.0,22.0
ORD-100985,Arabic,Starter,Hummus,1,22.0,22.0
ORD-100985,Arabic,Side,Arabic Rice,1,12.0,12.0
ORD-100986,Arabic,Main,Lamb Mandi,1,62.0,62.0
ORD-100986,Arabic,Beverage,Mint Lemonade,1,18.0,18.0
ORD-100987,Indian,Main,Butter Chicken,1,45.0,45.0
ORD-100987,Indian,Side,Garlic Naan,1,8.0,8.0
ORD-100987,Indian,Beverage,Mango Lassi,1,16.0,16.0
ORD-100988,Continental,Main,Fish and Chips,1,50.0,50.0
ORD-100988,Continental,Starter,Chicken Wings,1,34.0,34.0
ORD-100988,Continental,Side,French Fries,1,16.0,16.0
ORD-100988,Continental,Dessert,New York Cheesecake,1,28.0,28.0
ORD-100989,Arabic,Main,Lamb Mandi,1,62.0,62.0
ORD-100989,Arabic,Main,Chicken Shawarma Plate,1,38.0,38.0
ORD-100989,Arabic,Dessert,Kunafa,1,28.0,28.0
ORD-100990,Chinese,Main,Chicken Manchurian,1,38.0,38.0
ORD-100990,Chinese,Starter,Spring Rolls,1,22.0,22.0
ORD-100990,Chinese,Beverage,Jasmine Tea,1,12.0,12.0
ORD-100991,Italian,Main,Penne Arrabbiata,1,42.0,42.0
ORD-100991,Italian,Main,Beef Lasagna,1,55.0,55.0
ORD-100991,Italian,Side,Garlic Bread,1,18.0,18.0
ORD-100991,Italian,Beverage,Italian Lemon Soda,1,18.0,18.0
ORD-100992,Indian,Main,Mutton Biryani,1,52.0,52.0
ORD-100992,Indian,Beverage,Mango Lassi,1,16.0,16.0
ORD-100993,Chinese,Main,Kung Pao Chicken,1,44.0,44.0
ORD-100993,Chinese,Main,Veg Hakka Noodles,1,32.0,32.0
ORD-100993,Chinese,Beverage,Jasmine Tea,2,12.0,24.0
ORD-100994,Continental,Main,Grilled Chicken Burger,1,42.0,42.0
ORD-100994,Arabic,Main,Chicken Machboos,1,48.0,48.0
ORD-100994,Continental,Starter,Soup of the Day,1,22.0,22.0
ORD-100994,Continental,Beverage,Chocolate Milkshake,2,22.0,44.0
ORD-100995,Indian,Main,Chicken Biryani,2,42.0,84.0
ORD-100995,Indian,Starter,Paneer Tikka,1,32.0,32.0
ORD-100995,Indian,Side,Garlic Naan,2,8.0,16.0
ORD-100995,Indian,Beverage,Mango Lassi,2,16.0,32.0
ORD-100996,Arabic,Main,Lamb Mandi,1,62.0,62.0
ORD-100996,Arabic,Main,Chicken Shawarma Plate,2,38.0,76.0
ORD-100996,Arabic,Starter,Hummus,1,22.0,22.0
ORD-100997,Italian,Main,Penne Arrabbiata,1,42.0,42.0
ORD-100997,Italian,Starter,Bruschetta,1,26.0,26.0
ORD-100998,Arabic,Main,Chicken Shawarma Plate,1,38.0,38.0
ORD-100998,Arabic,Side,Arabic Rice,1,12.0,12.0
ORD-100998,Arabic,Beverage,Mint Lemonade,1,18.0,18.0
ORD-100999,Italian,Main,Margherita Pizza,2,45.0,90.0
ORD-100999,Italian,Main,Fettuccine Alfredo,1,48.0,48.0
ORD-100999,Italian,Dessert,Tiramisu,1,30.0,30.0
ORD-100999,Italian,Beverage,Italian Lemon Soda,2,18.0,36.0
ORD-101000,Indian,Main,Chicken Biryani,1,42.0,42.0
ORD-101000,Indian,Starter,Vegetable Samosa,1,16.0,16.0
ORD-101001,Italian,Main,Penne Arrabbiata,1,42.0,42.0
ORD-101001,Italian,Starter,Bruschetta,1,26.0,26.0
ORD-101001,Italian,Beverage,Italian Lemon Soda,1,18.0,18.0
ORD-101002,Continental,Main,Grilled Chicken Burger,1,42.0,42.0
ORD-101002,Continental,Main,Grilled Salmon,1,78.0,78.0
ORD-101002,Continental,Starter,Soup of the Day,1,22.0,22.0
ORD-101002,Continental,Beverage,Chocolate Milkshake,2,22.0,44.0
ORD-101003,Arabic,Main,Lamb Mandi,1,62.0,62.0
ORD-101003,Arabic,Main,Mixed Grill,1,75.0,75.0
ORD-101003,Arabic,Starter,Mutabbal,1,22.0,22.0
ORD-101003,Arabic,Beverage,Mint Lemonade,1,18.0,18.0
ORD-101004,Chinese,Main,Chicken Fried Rice,2,34.0,68.0
ORD-101004,Chinese,Beverage,Jasmine Tea,1,12.0,12.0
ORD-101005,Continental,Main,Classic Beef Burger,1,48.0,48.0
ORD-101005,Continental,Starter,Chicken Wings,1,34.0,34.0
ORD-101005,Continental,Side,French Fries,1,16.0,16.0
ORD-101005,Continental,Dessert,Chocolate Brownie,1,24.0,24.0
ORD-101006,Indian,Main,Chicken Biryani,1,42.0,42.0
ORD-101006,Indian,Side,Garlic Naan,1,8.0,8.0
ORD-101007,Chinese,Main,Szechuan Beef,1,52.0,52.0
ORD-101007,Chinese,Main,Kung Pao Chicken,1,44.0,44.0
ORD-101007,Italian,Starter,Bruschetta,1,26.0,26.0
ORD-101007,Chinese,Dessert,Mango Pudding,1,20.0,20.0
ORD-101008,Indian,Main,Butter Chicken,1,45.0,45.0
ORD-101008,Indian,Side,Garlic Naan,1,8.0,8.0
ORD-101009,Continental,Main,Classic Beef Burger,1,48.0,48.0
ORD-101009,Continental,Main,Grilled Chicken Burger,1,42.0,42.0
ORD-101010,Italian,Main,Fettuccine Alfredo,1,48.0,48.0
ORD-101010,Italian,Starter,Bruschetta,1,26.0,26.0
ORD-101011,Continental,Main,Grilled Salmon,1,78.0,78.0
ORD-101012,Italian,Main,Fettuccine Alfredo,1,48.0,48.0
ORD-101012,Italian,Main,Margherita Pizza,1,45.0,45.0
ORD-101012,Italian,Starter,Caesar Salad,1,32.0,32.0
ORD-101013,Italian,Main,Fettuccine Alfredo,1,48.0,48.0
ORD-101013,Italian,Starter,Bruschetta,1,26.0,26.0
ORD-101013,Italian,Dessert,Tiramisu,1,30.0,30.0
ORD-101013,Italian,Beverage,Italian Lemon Soda,1,18.0,18.0
ORD-101014,Arabic,Main,Chicken Shawarma Plate,2,38.0,76.0
ORD-101014,Arabic,Dessert,Umm Ali,1,26.0,26.0
ORD-101015,Arabic,Main,Chicken Shawarma Plate,1,38.0,38.0
ORD-101015,Arabic,Main,Chicken Machboos,2,48.0,96.0
ORD-101015,Arabic,Dessert,Kunafa,1,28.0,28.0
ORD-101015,Arabic,Beverage,Mint Lemonade,3,18.0,54.0
ORD-101016,Indian,Main,Dal Makhani,1,32.0,32.0
ORD-101016,Indian,Main,Chicken Biryani,1,42.0,42.0
ORD-101016,Indian,Beverage,Mango Lassi,1,16.0,16.0
ORD-101017,Arabic,Main,Chicken Shawarma Plate,1,38.0,38.0
ORD-101018,Arabic,Main,Chicken Machboos,1,48.0,48.0
ORD-101018,Arabic,Main,Mixed Grill,1,75.0,75.0
ORD-101018,Arabic,Main,Chicken Shawarma Plate,1,38.0,38.0
ORD-101018,Arabic,Side,Arabic Rice,3,12.0,36.0
ORD-101018,Arabic,Beverage,Mint Lemonade,1,18.0,18.0
ORD-101019,Indian,Main,Palak Paneer,1,34.0,34.0
ORD-101019,Indian,Starter,Vegetable Samosa,1,16.0,16.0
ORD-101019,Indian,Side,Garlic Naan,1,8.0,8.0
ORD-101020,Continental,Main,Fish and Chips,1,50.0,50.0
ORD-101021,Continental,Main,Classic Beef Burger,1,48.0,48.0
ORD-101021,Continental,Starter,Chicken Wings,1,34.0,34.0
ORD-101021,Continental,Beverage,Chocolate Milkshake,1,22.0,22.0
ORD-101022,Arabic,Main,Chicken Shawarma Plate,1,38.0,38.0
ORD-101022,Arabic,Side,Arabic Rice,1,12.0,12.0
ORD-101022,Arabic,Beverage,Mint Lemonade,1,18.0,18.0
ORD-101023,Indian,Main,Butter Chicken,1,45.0,45.0
ORD-101024,Indian,Main,Butter Chicken,1,45.0,45.0
ORD-101024,Indian,Main,Chicken Biryani,1,42.0,42.0
ORD-101024,Indian,Starter,Chicken Tikka,1,36.0,36.0
ORD-101025,Chinese,Main,Chicken Fried Rice,2,34.0,68.0
ORD-101025,Chinese,Starter,Chicken Dim Sum,1,34.0,34.0
ORD-101026,Arabic,Main,Lamb Mandi,1,62.0,62.0
ORD-101026,Arabic,Starter,Fattoush,1,24.0,24.0
ORD-101026,Arabic,Beverage,Mint Lemonade,1,18.0,18.0
ORD-101027,Chinese,Main,Chicken Fried Rice,1,34.0,34.0
ORD-101027,Chinese,Main,Chicken Manchurian,1,38.0,38.0
ORD-101027,Chinese,Main,Szechuan Beef,1,52.0,52.0
ORD-101027,Chinese,Side,Steamed Rice,3,10.0,30.0
ORD-101028,Indian,Main,Dal Makhani,1,32.0,32.0
ORD-101028,Indian,Side,Jeera Rice,1,14.0,14.0
ORD-101028,Indian,Dessert,Gulab Jamun,1,18.0,18.0
ORD-101029,Indian,Main,Chicken Biryani,1,42.0,42.0
ORD-101029,Indian,Starter,Vegetable Samosa,1,16.0,16.0
ORD-101029,Indian,Side,Garlic Naan,1,8.0,8.0
ORD-101029,Indian,Beverage,Mango Lassi,1,16.0,16.0
ORD-101030,Indian,Main,Butter Chicken,2,45.0,90.0
ORD-101030,Indian,Main,Mutton Biryani,1,52.0,52.0
ORD-101030,Indian,Beverage,Mango Lassi,1,16.0,16.0
ORD-101031,Chinese,Main,Chicken Fried Rice,1,34.0,34.0
ORD-101032,Continental,Main,Fish and Chips,1,50.0,50.0
ORD-101032,Continental,Starter,Chicken Wings,1,34.0,34.0
ORD-101032,Indian,Beverage,Mango Lassi,1,16.0,16.0
ORD-101033,Indian,Main,Palak Paneer,1,34.0,34.0
ORD-101033,Arabic,Main,Chicken Machboos,1,48.0,48.0
ORD-101033,Indian,Side,Jeera Rice,1,14.0,14.0
ORD-101034,Continental,Main,Fish and Chips,1,50.0,50.0
ORD-101034,Indian,Main,Palak Paneer,1,34.0,34.0
ORD-101034,Continental,Side,French Fries,1,16.0,16.0
ORD-101034,Continental,Beverage,Chocolate Milkshake,2,22.0,44.0
ORD-101035,Continental,Main,Grilled Salmon,1,78.0,78.0
ORD-101035,Continental,Main,Classic Beef Burger,1,48.0,48.0
ORD-101035,Continental,Starter,Chicken Wings,1,34.0,34.0
ORD-101036,Chinese,Main,Szechuan Beef,1,52.0,52.0
ORD-101036,Chinese,Starter,Hot and Sour Soup,1,24.0,24.0
ORD-101037,Continental,Main,Grilled Salmon,1,78.0,78.0
ORD-101037,Continental,Main,Classic Beef Burger,1,48.0,48.0
ORD-101037,Continental,Beverage,Chocolate Milkshake,2,22.0,44.0
ORD-101038,Continental,Main,Grilled Salmon,1,78.0,78.0
ORD-101038,Continental,Main,Fish and Chips,1,50.0,50.0
ORD-101038,Continental,Side,French Fries,2,16.0,32.0
ORD-101039,Continental,Main,Grilled Chicken with Mash,1,52.0,52.0
ORD-101039,Continental,Main,Classic Beef Burger,1,48.0,48.0
ORD-101040,Arabic,Main,Chicken Machboos,1,48.0,48.0
ORD-101040,Arabic,Side,Arabic Rice,1,12.0,12.0
ORD-101040,Arabic,Beverage,Mint Lemonade,1,18.0,18.0
ORD-101041,Chinese,Main,Kung Pao Chicken,1,44.0,44.0
ORD-101041,Chinese,Main,Szechuan Beef,1,52.0,52.0
ORD-101042,Indian,Main,Dal Makhani,1,32.0,32.0
ORD-101042,Indian,Main,Mutton Biryani,1,52.0,52.0
ORD-101042,Indian,Side,Garlic Naan,1,8.0,8.0
ORD-101042,Indian,Dessert,Gulab Jamun,1,18.0,18.0
ORD-101043,Chinese,Main,Szechuan Beef,2,52.0,104.0
ORD-101043,Chinese,Main,Veg Hakka Noodles,1,32.0,32.0
ORD-101044,Chinese,Main,Chicken Manchurian,1,38.0,38.0
ORD-101044,Chinese,Main,Chicken Fried Rice,1,34.0,34.0
ORD-101044,Chinese,Starter,Spring Rolls,1,22.0,22.0
ORD-101044,Chinese,Side,Steamed Rice,1,10.0,10.0
ORD-101044,Chinese,Dessert,Mango Pudding,1,20.0,20.0
ORD-101044,Chinese,Beverage,Jasmine Tea,1,12.0,12.0
ORD-101045,Chinese,Main,Szechuan Beef,1,52.0,52.0
ORD-101045,Chinese,Main,Veg Hakka Noodles,1,32.0,32.0
ORD-101045,Chinese,Starter,Hot and Sour Soup,1,24.0,24.0
ORD-101045,Chinese,Dessert,Mango Pudding,1,20.0,20.0
ORD-101045,Chinese,Beverage,Jasmine Tea,2,12.0,24.0
ORD-101046,Italian,Main,Pepperoni Pizza,1,52.0,52.0
ORD-101046,Italian,Starter,Bruschetta,1,26.0,26.0
ORD-101046,Italian,Side,Garlic Bread,1,18.0,18.0
ORD-101047,Continental,Main,Classic Beef Burger,1,48.0,48.0
ORD-101047,Continental,Starter,Chicken Wings,1,34.0,34.0
ORD-101048,Chinese,Main,Kung Pao Chicken,1,44.0,44.0
ORD-101048,Chinese,Side,Steamed Rice,1,10.0,10.0
ORD-101049,Chinese,Main,Chicken Fried Rice,1,34.0,34.0
ORD-101049,Chinese,Main,Chicken Manchurian,2,38.0,76.0
ORD-101049,Chinese,Dessert,Mango Pudding,1,20.0,20.0
ORD-101049,Chinese,Beverage,Jasmine Tea,3,12.0,36.0
ORD-101050,Italian,Main,Penne Arrabbiata,1,42.0,42.0
ORD-101050,Italian,Starter,Bruschetta,1,26.0,26.0
ORD-101051,Italian,Main,Pepperoni Pizza,1,52.0,52.0
ORD-101051,Italian,Beverage,Italian Lemon Soda,1,18.0,18.0
ORD-101052,Arabic,Main,Mixed Grill,2,75.0,150.0
ORD-101052,Arabic,Starter,Fattoush,1,24.0,24.0
ORD-101053,Indian,Main,Butter Chicken,1,45.0,45.0
ORD-101053,Continental,Starter,Soup of the Day,1,22.0,22.0
ORD-101053,Indian,Side,Jeera Rice,1,14.0,14.0
ORD-101053,Continental,Dessert,New York Cheesecake,1,28.0,28.0
ORD-101053,Indian,Beverage,Mango Lassi,1,16.0,16.0
ORD-101054,Arabic,Main,Mixed Grill,1,75.0,75.0
ORD-101054,Arabic,Main,Falafel Wrap,1,22.0,22.0
ORD-101054,Arabic,Starter,Hummus,1,22.0,22.0
ORD-101055,Italian,Main,Margherita Pizza,1,45.0,45.0
ORD-101055,Italian,Side,Garlic Bread,1,18.0,18.0
ORD-101056,Italian,Main,Penne Arrabbiata,1,42.0,42.0
ORD-101056,Chinese,Main,Chicken Manchurian,2,38.0,76.0
ORD-101056,Italian,Starter,Bruschetta,1,26.0,26.0
ORD-101056,Italian,Beverage,Italian Lemon Soda,1,18.0,18.0
ORD-101057,Italian,Main,Margherita Pizza,1,45.0,45.0
ORD-101057,Italian,Side,Garlic Bread,1,18.0,18.0
ORD-101058,Continental,Main,Grilled Chicken with Mash,1,52.0,52.0
ORD-101058,Continental,Starter,Soup of the Day,1,22.0,22.0
ORD-101059,Indian,Main,Chicken Biryani,2,42.0,84.0
ORD-101059,Indian,Main,Butter Chicken,1,45.0,45.0
ORD-101060,Indian,Main,Mutton Biryani,1,52.0,52.0
ORD-101061,Italian,Main,Pepperoni Pizza,1,52.0,52.0
ORD-101061,Italian,Starter,Caesar Salad,1,32.0,32.0
ORD-101061,Italian,Beverage,Italian Lemon Soda,1,18.0,18.0
ORD-101062,Arabic,Main,Chicken Shawarma Plate,1,38.0,38.0
ORD-101062,Arabic,Beverage,Mint Lemonade,1,18.0,18.0
ORD-101063,Indian,Main,Butter Chicken,1,45.0,45.0
ORD-101063,Indian,Main,Chicken Biryani,1,42.0,42.0
ORD-101063,Indian,Starter,Chicken Tikka,1,36.0,36.0
ORD-101063,Indian,Side,Jeera Rice,1,14.0,14.0
ORD-101064,Chinese,Main,Kung Pao Chicken,1,44.0,44.0
ORD-101064,Chinese,Starter,Spring Rolls,1,22.0,22.0
ORD-101064,Chinese,Beverage,Jasmine Tea,1,12.0,12.0
ORD-101065,Chinese,Main,Chicken Fried Rice,1,34.0,34.0
ORD-101065,Chinese,Beverage,Jasmine Tea,1,12.0,12.0
ORD-101066,Italian,Main,Pepperoni Pizza,1,52.0,52.0
ORD-101066,Italian,Main,Margherita Pizza,1,45.0,45.0
ORD-101066,Italian,Starter,Bruschetta,1,26.0,26.0
ORD-101066,Italian,Side,Garlic Bread,2,18.0,36.0
ORD-101066,Italian,Beverage,Italian Lemon Soda,2,18.0,36.0
ORD-101067,Continental,Main,Grilled Salmon,1,78.0,78.0
ORD-101067,Continental,Dessert,New York Cheesecake,1,28.0,28.0
ORD-101068,Continental,Main,Classic Beef Burger,1,48.0,48.0
ORD-101068,Continental,Dessert,New York Cheesecake,1,28.0,28.0
ORD-101069,Indian,Main,Butter Chicken,1,45.0,45.0
ORD-101070,Indian,Main,Palak Paneer,1,34.0,34.0
ORD-101070,Arabic,Starter,Fattoush,1,24.0,24.0
ORD-101070,Indian,Side,Garlic Naan,1,8.0,8.0
ORD-101071,Chinese,Main,Chicken Manchurian,2,38.0,76.0
ORD-101071,Chinese,Side,Steamed Rice,1,10.0,10.0
ORD-101072,Indian,Main,Chicken Biryani,1,42.0,42.0
ORD-101072,Indian,Starter,Vegetable Samosa,1,16.0,16.0
ORD-101072,Indian,Side,Jeera Rice,1,14.0,14.0
ORD-101073,Arabic,Main,Chicken Machboos,2,48.0,96.0
ORD-101073,Arabic,Main,Mixed Grill,1,75.0,75.0
ORD-101073,Arabic,Beverage,Mint Lemonade,3,18.0,54.0
ORD-101074,Indian,Main,Chicken Biryani,2,42.0,84.0
ORD-101074,Indian,Side,Jeera Rice,1,14.0,14.0
ORD-101075,Indian,Main,Butter Chicken,1,45.0,45.0
ORD-101075,Indian,Side,Garlic Naan,1,8.0,8.0
ORD-101075,Indian,Beverage,Mango Lassi,1,16.0,16.0
ORD-101076,Italian,Main,Beef Lasagna,1,55.0,55.0
ORD-101076,Italian,Beverage,Italian Lemon Soda,1,18.0,18.0
ORD-101077,Italian,Main,Pepperoni Pizza,1,52.0,52.0
ORD-101077,Italian,Main,Margherita Pizza,1,45.0,45.0
ORD-101077,Italian,Dessert,Tiramisu,1,30.0,30.0
ORD-101077,Italian,Beverage,Italian Lemon Soda,1,18.0,18.0
ORD-101078,Arabic,Main,Chicken Machboos,1,48.0,48.0
ORD-101078,Arabic,Main,Mixed Grill,1,75.0,75.0
ORD-101078,Arabic,Starter,Mutabbal,1,22.0,22.0
ORD-101078,Arabic,Side,Arabic Rice,1,12.0,12.0
ORD-101078,Arabic,Dessert,Kunafa,1,28.0,28.0
ORD-101079,Chinese,Main,Chicken Fried Rice,1,34.0,34.0
ORD-101079,Chinese,Main,Szechuan Beef,1,52.0,52.0
ORD-101080,Chinese,Main,Szechuan Beef,1,52.0,52.0
ORD-101080,Chinese,Main,Chicken Fried Rice,1,34.0,34.0
ORD-101080,Chinese,Beverage,Jasmine Tea,2,12.0,24.0
ORD-101081,Indian,Main,Butter Chicken,2,45.0,90.0
ORD-101081,Indian,Side,Garlic Naan,1,8.0,8.0
ORD-101082,Italian,Main,Margherita Pizza,1,45.0,45.0
ORD-101082,Italian,Starter,Bruschetta,1,26.0,26.0
ORD-101082,Italian,Beverage,Italian Lemon Soda,1,18.0,18.0
ORD-101083,Chinese,Main,Kung Pao Chicken,1,44.0,44.0
ORD-101083,Chinese,Starter,Spring Rolls,1,22.0,22.0
ORD-101083,Chinese,Dessert,Mango Pudding,1,20.0,20.0
ORD-101084,Arabic,Main,Mixed Grill,1,75.0,75.0
ORD-101084,Arabic,Beverage,Mint Lemonade,1,18.0,18.0
ORD-101085,Italian,Main,Margherita Pizza,1,45.0,45.0
ORD-101085,Italian,Main,Penne Arrabbiata,1,42.0,42.0
ORD-101086,Indian,Main,Palak Paneer,1,34.0,34.0
ORD-101086,Indian,Main,Chicken Biryani,1,42.0,42.0
ORD-101087,Italian,Main,Beef Lasagna,1,55.0,55.0
ORD-101087,Italian,Dessert,Tiramisu,1,30.0,30.0
ORD-101087,Italian,Beverage,Italian Lemon Soda,1,18.0,18.0
ORD-101088,Indian,Main,Chicken Biryani,1,42.0,42.0
ORD-101088,Indian,Main,Dal Makhani,1,32.0,32.0
ORD-101088,Indian,Side,Jeera Rice,2,14.0,28.0
ORD-101088,Indian,Dessert,Gulab Jamun,1,18.0,18.0
ORD-101088,Indian,Beverage,Mango Lassi,2,16.0,32.0
ORD-101089,Chinese,Main,Veg Hakka Noodles,1,32.0,32.0
ORD-101089,Chinese,Starter,Chicken Dim Sum,1,34.0,34.0
ORD-101090,Chinese,Main,Chicken Manchurian,2,38.0,76.0
ORD-101091,Continental,Main,Classic Beef Burger,1,48.0,48.0
ORD-101091,Continental,Side,French Fries,1,16.0,16.0
ORD-101091,Continental,Beverage,Chocolate Milkshake,1,22.0,22.0
ORD-101092,Indian,Main,Butter Chicken,1,45.0,45.0
ORD-101092,Indian,Side,Jeera Rice,1,14.0,14.0
ORD-101092,Indian,Dessert,Gulab Jamun,1,18.0,18.0
ORD-101093,Chinese,Main,Szechuan Beef,1,52.0,52.0
ORD-101093,Chinese,Starter,Spring Rolls,1,22.0,22.0
ORD-101093,Chinese,Beverage,Jasmine Tea,1,12.0,12.0
ORD-101094,Chinese,Main,Chicken Manchurian,1,38.0,38.0
ORD-101094,Chinese,Starter,Chicken Dim Sum,1,34.0,34.0
ORD-101095,Indian,Main,Chicken Biryani,1,42.0,42.0
ORD-101096,Indian,Main,Mutton Biryani,1,52.0,52.0
ORD-101096,Indian,Starter,Chicken Tikka,1,36.0,36.0
ORD-101096,Indian,Side,Jeera Rice,1,14.0,14.0
ORD-101096,Indian,Beverage,Mango Lassi,1,16.0,16.0
ORD-101097,Continental,Main,Grilled Chicken Burger,1,42.0,42.0
ORD-101097,Continental,Beverage,Chocolate Milkshake,1,22.0,22.0
ORD-101098,Indian,Main,Chicken Biryani,1,42.0,42.0
ORD-101098,Indian,Starter,Paneer Tikka,1,32.0,32.0
ORD-101098,Indian,Side,Jeera Rice,1,14.0,14.0
ORD-101099,Indian,Main,Chicken Biryani,1,42.0,42.0
ORD-101099,Indian,Main,Dal Makhani,1,32.0,32.0
ORD-101099,Indian,Main,Butter Chicken,1,45.0,45.0
ORD-101099,Indian,Starter,Chicken Tikka,1,36.0,36.0
ORD-101099,Indian,Side,Garlic Naan,3,8.0,24.0
ORD-101099,Indian,Beverage,Mango Lassi,3,16.0,48.0
ORD-101100,Indian,Main,Palak Paneer,1,34.0,34.0
ORD-101101,Italian,Main,Penne Arrabbiata,1,42.0,42.0
ORD-101101,Italian,Main,Fettuccine Alfredo,1,48.0,48.0
ORD-101101,Italian,Starter,Bruschetta,1,26.0,26.0
ORD-101102,Chinese,Main,Chicken Fried Rice,1,34.0,34.0
ORD-101102,Chinese,Main,Veg Hakka Noodles,1,32.0,32.0
ORD-101102,Chinese,Starter,Hot and Sour Soup,1,24.0,24.0
ORD-101103,Arabic,Main,Lamb Mandi,1,62.0,62.0
ORD-101103,Arabic,Main,Chicken Shawarma Plate,1,38.0,38.0
ORD-101103,Arabic,Starter,Hummus,1,22.0,22.0
ORD-101103,Arabic,Beverage,Mint Lemonade,2,18.0,36.0
ORD-101104,Indian,Main,Chicken Biryani,1,42.0,42.0
ORD-101104,Continental,Starter,Chicken Wings,1,34.0,34.0
ORD-101105,Chinese,Main,Veg Hakka Noodles,1,32.0,32.0
ORD-101105,Chinese,Main,Chicken Manchurian,1,38.0,38.0
ORD-101105,Chinese,Main,Chicken Fried Rice,1,34.0,34.0
ORD-101105,Chinese,Side,Steamed Rice,1,10.0,10.0
ORD-101106,Italian,Main,Penne Arrabbiata,2,42.0,84.0
ORD-101106,Italian,Side,Garlic Bread,2,18.0,36.0
ORD-101107,Continental,Main,Grilled Salmon,1,78.0,78.0
ORD-101108,Italian,Main,Margherita Pizza,1,45.0,45.0
ORD-101108,Italian,Beverage,Italian Lemon Soda,1,18.0,18.0
ORD-101109,Continental,Main,Grilled Salmon,1,78.0,78.0
ORD-101109,Continental,Main,Grilled Chicken with Mash,1,52.0,52.0
ORD-101110,Arabic,Main,Chicken Shawarma Plate,1,38.0,38.0
ORD-101110,Arabic,Side,Arabic Rice,1,12.0,12.0
ORD-101110,Arabic,Beverage,Mint Lemonade,1,18.0,18.0
ORD-101111,Continental,Main,Grilled Chicken with Mash,2,52.0,104.0
ORD-101111,Continental,Dessert,Chocolate Brownie,1,24.0,24.0
ORD-101112,Indian,Main,Butter Chicken,1,45.0,45.0
ORD-101112,Indian,Main,Chicken Biryani,1,42.0,42.0
ORD-101112,Indian,Starter,Paneer Tikka,1,32.0,32.0
ORD-101112,Indian,Side,Jeera Rice,2,14.0,28.0
ORD-101113,Indian,Main,Chicken Biryani,2,42.0,84.0
ORD-101113,Indian,Side,Jeera Rice,1,14.0,14.0
ORD-101114,Italian,Main,Margherita Pizza,1,45.0,45.0
ORD-101114,Italian,Main,Fettuccine Alfredo,1,48.0,48.0
ORD-101114,Italian,Main,Pepperoni Pizza,1,52.0,52.0
ORD-101114,Italian,Side,Garlic Bread,1,18.0,18.0
ORD-101115,Chinese,Main,Kung Pao Chicken,1,44.0,44.0
ORD-101115,Chinese,Main,Chicken Manchurian,1,38.0,38.0
ORD-101115,Chinese,Starter,Spring Rolls,1,22.0,22.0
ORD-101115,Chinese,Side,Steamed Rice,2,10.0,20.0
ORD-101115,Chinese,Beverage,Jasmine Tea,2,12.0,24.0
ORD-101116,Indian,Main,Butter Chicken,2,45.0,90.0
ORD-101116,Indian,Starter,Chicken Tikka,1,36.0,36.0
ORD-101116,Indian,Side,Jeera Rice,2,14.0,28.0
ORD-101117,Italian,Main,Margherita Pizza,1,45.0,45.0
ORD-101117,Indian,Starter,Paneer Tikka,1,32.0,32.0
ORD-101117,Italian,Side,Garlic Bread,1,18.0,18.0
ORD-101117,Indian,Beverage,Mango Lassi,1,16.0,16.0
ORD-101118,Continental,Main,Grilled Chicken with Mash,1,52.0,52.0
ORD-101118,Continental,Starter,Soup of the Day,1,22.0,22.0
ORD-101119,Italian,Main,Pepperoni Pizza,1,52.0,52.0
ORD-101120,Chinese,Main,Kung Pao Chicken,1,44.0,44.0
ORD-101120,Chinese,Starter,Spring Rolls,1,22.0,22.0
ORD-101120,Chinese,Beverage,Jasmine Tea,1,12.0,12.0
ORD-101121,Continental,Main,Classic Beef Burger,1,48.0,48.0
ORD-101122,Arabic,Main,Lamb Mandi,2,62.0,124.0
ORD-101122,Arabic,Main,Chicken Shawarma Plate,1,38.0,38.0
ORD-101122,Arabic,Starter,Fattoush,1,24.0,24.0
ORD-101122,Arabic,Side,Arabic Rice,1,12.0,12.0
ORD-101122,Arabic,Dessert,Kunafa,1,28.0,28.0
ORD-101122,Arabic,Beverage,Mint Lemonade,3,18.0,54.0
ORD-101123,Italian,Main,Fettuccine Alfredo,1,48.0,48.0
ORD-101123,Italian,Dessert,Tiramisu,1,30.0,30.0
ORD-101123,Italian,Beverage,Italian Lemon Soda,1,18.0,18.0
ORD-101124,Continental,Main,Grilled Chicken with Mash,1,52.0,52.0
ORD-101125,Continental,Main,Grilled Chicken Burger,1,42.0,42.0
ORD-101125,Continental,Side,French Fries,1,16.0,16.0
ORD-101126,Italian,Main,Margherita Pizza,2,45.0,90.0
ORD-101126,Italian,Starter,Bruschetta,1,26.0,26.0
ORD-101126,Italian,Side,Garlic Bread,1,18.0,18.0
ORD-101126,Italian,Dessert,Tiramisu,1,30.0,30.0
ORD-101127,Italian,Main,Penne Arrabbiata,1,42.0,42.0
ORD-101127,Italian,Dessert,Tiramisu,1,30.0,30.0
ORD-101128,Arabic,Main,Lamb Mandi,2,62.0,124.0
ORD-101128,Arabic,Main,Chicken Machboos,1,48.0,48.0
ORD-101129,Italian,Main,Beef Lasagna,1,55.0,55.0
ORD-101129,Italian,Starter,Caesar Salad,1,32.0,32.0
ORD-101129,Italian,Dessert,Tiramisu,1,30.0,30.0
ORD-101130,Indian,Main,Mutton Biryani,1,52.0,52.0
ORD-101130,Indian,Main,Chicken Biryani,1,42.0,42.0
ORD-101130,Indian,Starter,Paneer Tikka,1,32.0,32.0
ORD-101130,Indian,Side,Garlic Naan,1,8.0,8.0
ORD-101131,Arabic,Main,Mixed Grill,1,75.0,75.0
ORD-101131,Arabic,Beverage,Mint Lemonade,1,18.0,18.0
ORD-101132,Italian,Main,Pepperoni Pizza,1,52.0,52.0
ORD-101133,Chinese,Main,Kung Pao Chicken,1,44.0,44.0
ORD-101133,Chinese,Main,Szechuan Beef,1,52.0,52.0
ORD-101133,Chinese,Starter,Hot and Sour Soup,1,24.0,24.0
ORD-101133,Chinese,Beverage,Jasmine Tea,2,12.0,24.0
ORD-101134,Arabic,Main,Lamb Mandi,1,62.0,62.0
ORD-101134,Arabic,Dessert,Kunafa,1,28.0,28.0
ORD-101135,Continental,Main,Grilled Chicken with Mash,1,52.0,52.0
ORD-101135,Continental,Beverage,Chocolate Milkshake,1,22.0,22.0
ORD-101136,Continental,Main,Grilled Chicken Burger,1,42.0,42.0
ORD-101137,Continental,Main,Grilled Chicken Burger,1,42.0,42.0
ORD-101137,Continental,Starter,Soup of the Day,1,22.0,22.0
ORD-101138,Indian,Main,Palak Paneer,1,34.0,34.0
ORD-101138,Indian,Main,Chicken Biryani,1,42.0,42.0
ORD-101138,Indian,Starter,Paneer Tikka,1,32.0,32.0
ORD-101138,Indian,Side,Jeera Rice,2,14.0,28.0
ORD-101138,Indian,Dessert,Gulab Jamun,1,18.0,18.0
ORD-101138,Indian,Beverage,Mango Lassi,1,16.0,16.0
ORD-101139,Indian,Main,Butter Chicken,1,45.0,45.0
ORD-101139,Indian,Main,Chicken Biryani,1,42.0,42.0
ORD-101139,Indian,Side,Garlic Naan,2,8.0,16.0
ORD-101139,Indian,Dessert,Gulab Jamun,1,18.0,18.0
ORD-101139,Indian,Beverage,Mango Lassi,2,16.0,32.0
ORD-101140,Continental,Main,Grilled Chicken with Mash,1,52.0,52.0
ORD-101140,Continental,Side,French Fries,1,16.0,16.0
ORD-101141,Continental,Main,Grilled Chicken with Mash,1,52.0,52.0
ORD-101141,Continental,Starter,Chicken Wings,1,34.0,34.0
ORD-101141,Continental,Beverage,Chocolate Milkshake,1,22.0,22.0
ORD-101142,Continental,Main,Grilled Chicken with Mash,1,52.0,52.0
ORD-101142,Continental,Side,French Fries,1,16.0,16.0
ORD-101142,Continental,Dessert,New York Cheesecake,1,28.0,28.0
ORD-101143,Continental,Main,Classic Beef Burger,2,48.0,96.0
ORD-101143,Continental,Side,French Fries,1,16.0,16.0
ORD-101143,Continental,Beverage,Chocolate Milkshake,2,22.0,44.0
ORD-101144,Italian,Main,Fettuccine Alfredo,1,48.0,48.0
ORD-101145,Arabic,Main,Lamb Mandi,1,62.0,62.0
ORD-101145,Arabic,Beverage,Mint Lemonade,1,18.0,18.0
ORD-101146,Italian,Main,Margherita Pizza,1,45.0,45.0
ORD-101146,Italian,Starter,Bruschetta,1,26.0,26.0
ORD-101146,Italian,Side,Garlic Bread,1,18.0,18.0
ORD-101146,Arabic,Beverage,Mint Lemonade,1,18.0,18.0
ORD-101147,Chinese,Main,Veg Hakka Noodles,1,32.0,32.0
ORD-101147,Indian,Main,Chicken Biryani,1,42.0,42.0
ORD-101147,Indian,Starter,Paneer Tikka,1,32.0,32.0
ORD-101147,Indian,Dessert,Gulab Jamun,1,18.0,18.0
ORD-101148,Indian,Main,Mutton Biryani,2,52.0,104.0
ORD-101148,Indian,Side,Jeera Rice,2,14.0,28.0
ORD-101149,Arabic,Main,Chicken Shawarma Plate,1,38.0,38.0
ORD-101149,Arabic,Main,Chicken Machboos,1,48.0,48.0
ORD-101149,Arabic,Main,Falafel Wrap,2,22.0,44.0
ORD-101149,Arabic,Starter,Hummus,1,22.0,22.0
ORD-101149,Arabic,Side,Arabic Rice,1,12.0,12.0
ORD-101149,Arabic,Beverage,Mint Lemonade,2,18.0,36.0
ORD-101150,Indian,Main,Dal Makhani,1,32.0,32.0
ORD-101150,Indian,Main,Chicken Biryani,1,42.0,42.0
ORD-101150,Indian,Side,Jeera Rice,2,14.0,28.0
ORD-101151,Italian,Main,Pepperoni Pizza,1,52.0,52.0
ORD-101151,Italian,Starter,Bruschetta,1,26.0,26.0
ORD-101152,Indian,Main,Chicken Biryani,2,42.0,84.0
ORD-101152,Indian,Starter,Vegetable Samosa,1,16.0,16.0
ORD-101152,Indian,Side,Garlic Naan,2,8.0,16.0
ORD-101152,Indian,Dessert,Gulab Jamun,1,18.0,18.0
ORD-101152,Indian,Beverage,Mango Lassi,1,16.0,16.0
ORD-101153,Arabic,Main,Chicken Machboos,1,48.0,48.0
ORD-101153,Arabic,Main,Lamb Mandi,1,62.0,62.0
ORD-101153,Arabic,Side,Arabic Rice,2,12.0,24.0
ORD-101154,Indian,Main,Chicken Biryani,1,42.0,42.0
ORD-101154,Indian,Main,Butter Chicken,1,45.0,45.0
ORD-101154,Indian,Starter,Chicken Tikka,1,36.0,36.0
ORD-101154,Indian,Side,Garlic Naan,1,8.0,8.0
ORD-101154,Indian,Beverage,Mango Lassi,2,16.0,32.0
ORD-101155,Arabic,Main,Chicken Shawarma Plate,1,38.0,38.0
ORD-101155,Arabic,Starter,Mutabbal,1,22.0,22.0
ORD-101156,Arabic,Main,Lamb Mandi,1,62.0,62.0
ORD-101156,Arabic,Starter,Hummus,1,22.0,22.0
ORD-101157,Chinese,Main,Veg Hakka Noodles,2,32.0,64.0
ORD-101157,Chinese,Main,Chicken Manchurian,1,38.0,38.0
ORD-101157,Chinese,Starter,Chicken Dim Sum,1,34.0,34.0
ORD-101157,Chinese,Side,Steamed Rice,1,10.0,10.0
ORD-101157,Chinese,Dessert,Mango Pudding,1,20.0,20.0
ORD-101157,Chinese,Beverage,Jasmine Tea,2,12.0,24.0
ORD-101158,Arabic,Main,Falafel Wrap,1,22.0,22.0
ORD-101158,Arabic,Starter,Fattoush,1,24.0,24.0
ORD-101159,Chinese,Main,Chicken Fried Rice,1,34.0,34.0
ORD-101159,Chinese,Main,Kung Pao Chicken,1,44.0,44.0
ORD-101159,Chinese,Starter,Spring Rolls,1,22.0,22.0
ORD-101159,Chinese,Beverage,Jasmine Tea,1,12.0,12.0
ORD-101160,Arabic,Main,Falafel Wrap,1,22.0,22.0
ORD-101160,Arabic,Main,Chicken Shawarma Plate,1,38.0,38.0
ORD-101160,Arabic,Main,Mixed Grill,1,75.0,75.0
ORD-101160,Indian,Starter,Paneer Tikka,1,32.0,32.0
ORD-101160,Indian,Beverage,Mango Lassi,1,16.0,16.0
ORD-101161,Chinese,Main,Szechuan Beef,1,52.0,52.0
ORD-101161,Chinese,Side,Steamed Rice,1,10.0,10.0
ORD-101161,Chinese,Beverage,Jasmine Tea,1,12.0,12.0
ORD-101162,Chinese,Main,Veg Hakka Noodles,1,32.0,32.0
ORD-101162,Chinese,Main,Chicken Fried Rice,1,34.0,34.0
ORD-101162,Chinese,Starter,Chicken Dim Sum,1,34.0,34.0
ORD-101163,Arabic,Main,Lamb Mandi,1,62.0,62.0
ORD-101163,Arabic,Main,Chicken Machboos,1,48.0,48.0
ORD-101164,Arabic,Main,Lamb Mandi,1,62.0,62.0
ORD-101164,Arabic,Side,Arabic Rice,1,12.0,12.0
ORD-101165,Arabic,Main,Falafel Wrap,1,22.0,22.0
ORD-101165,Arabic,Starter,Hummus,1,22.0,22.0
ORD-101165,Arabic,Side,Arabic Rice,1,12.0,12.0
ORD-101165,Arabic,Dessert,Kunafa,1,28.0,28.0
ORD-101166,Continental,Main,Grilled Chicken with Mash,1,52.0,52.0
ORD-101166,Continental,Main,Classic Beef Burger,1,48.0,48.0
ORD-101166,Continental,Side,French Fries,2,16.0,32.0
ORD-101166,Continental,Dessert,Chocolate Brownie,1,24.0,24.0
ORD-101167,Indian,Main,Mutton Biryani,2,52.0,104.0
ORD-101167,Indian,Side,Jeera Rice,1,14.0,14.0
ORD-101167,Indian,Beverage,Mango Lassi,1,16.0,16.0
ORD-101168,Arabic,Main,Mixed Grill,1,75.0,75.0
ORD-101168,Arabic,Starter,Fattoush,1,24.0,24.0
ORD-101168,Arabic,Dessert,Umm Ali,1,26.0,26.0
ORD-101168,Arabic,Beverage,Mint Lemonade,1,18.0,18.0
ORD-101169,Italian,Main,Fettuccine Alfredo,1,48.0,48.0
ORD-101169,Italian,Main,Margherita Pizza,1,45.0,45.0
ORD-101169,Italian,Starter,Caesar Salad,1,32.0,32.0
ORD-101169,Italian,Side,Garlic Bread,1,18.0,18.0
ORD-101170,Indian,Main,Dal Makhani,1,32.0,32.0
ORD-101170,Continental,Main,Classic Beef Burger,1,48.0,48.0
ORD-101170,Indian,Main,Mutton Biryani,1,52.0,52.0
ORD-101170,Indian,Side,Garlic Naan,3,8.0,24.0
ORD-101171,Indian,Main,Butter Chicken,2,45.0,90.0
ORD-101171,Indian,Starter,Chicken Tikka,1,36.0,36.0
ORD-101171,Indian,Side,Garlic Naan,1,8.0,8.0
ORD-101171,Indian,Beverage,Mango Lassi,2,16.0,32.0
ORD-101172,Indian,Main,Dal Makhani,1,32.0,32.0
ORD-101172,Indian,Main,Chicken Biryani,1,42.0,42.0
ORD-101172,Indian,Main,Mutton Biryani,1,52.0,52.0
ORD-101172,Indian,Starter,Vegetable Samosa,1,16.0,16.0
ORD-101172,Indian,Dessert,Gulab Jamun,1,18.0,18.0
ORD-101172,Indian,Beverage,Mango Lassi,2,16.0,32.0
ORD-101173,Indian,Main,Mutton Biryani,1,52.0,52.0
ORD-101173,Indian,Main,Dal Makhani,1,32.0,32.0
ORD-101173,Indian,Starter,Chicken Tikka,1,36.0,36.0
ORD-101173,Indian,Side,Garlic Naan,1,8.0,8.0
ORD-101173,Indian,Beverage,Mango Lassi,1,16.0,16.0
ORD-101174,Italian,Main,Pepperoni Pizza,1,52.0,52.0
ORD-101174,Italian,Dessert,Tiramisu,1,30.0,30.0
ORD-101175,Indian,Main,Dal Makhani,1,32.0,32.0
ORD-101175,Indian,Side,Jeera Rice,1,14.0,14.0
ORD-101176,Indian,Main,Butter Chicken,1,45.0,45.0
ORD-101176,Indian,Starter,Paneer Tikka,1,32.0,32.0
ORD-101176,Indian,Beverage,Mango Lassi,1,16.0,16.0
ORD-101177,Chinese,Main,Szechuan Beef,1,52.0,52.0
ORD-101177,Chinese,Starter,Hot and Sour Soup,1,24.0,24.0
ORD-101178,Arabic,Main,Chicken Machboos,1,48.0,48.0
ORD-101178,Arabic,Starter,Hummus,1,22.0,22.0
ORD-101179,Arabic,Main,Mixed Grill,1,75.0,75.0
ORD-101179,Arabic,Main,Lamb Mandi,1,62.0,62.0
ORD-101180,Indian,Main,Chicken Biryani,2,42.0,84.0
ORD-101180,Indian,Starter,Vegetable Samosa,1,16.0,16.0
ORD-101180,Indian,Side,Garlic Naan,2,8.0,16.0
ORD-101180,Indian,Dessert,Gulab Jamun,1,18.0,18.0
ORD-101181,Arabic,Main,Chicken Shawarma Plate,2,38.0,76.0
ORD-101181,Arabic,Main,Chicken Machboos,1,48.0,48.0
ORD-101181,Arabic,Side,Arabic Rice,2,12.0,24.0
ORD-101181,Arabic,Dessert,Umm Ali,1,26.0,26.0
ORD-101181,Arabic,Beverage,Mint Lemonade,3,18.0,54.0
ORD-101182,Indian,Main,Butter Chicken,1,45.0,45.0
ORD-101182,Indian,Main,Palak Paneer,1,34.0,34.0
ORD-101182,Indian,Starter,Vegetable Samosa,1,16.0,16.0
ORD-101182,Indian,Beverage,Mango Lassi,2,16.0,32.0
ORD-101183,Indian,Main,Butter Chicken,1,45.0,45.0
ORD-101183,Indian,Main,Dal Makhani,1,32.0,32.0
ORD-101183,Indian,Side,Garlic Naan,1,8.0,8.0
ORD-101183,Indian,Beverage,Mango Lassi,1,16.0,16.0
ORD-101184,Indian,Main,Dal Makhani,1,32.0,32.0
ORD-101184,Indian,Side,Garlic Naan,1,8.0,8.0
ORD-101185,Indian,Main,Butter Chicken,1,45.0,45.0
ORD-101185,Indian,Side,Garlic Naan,1,8.0,8.0
ORD-101186,Arabic,Main,Chicken Machboos,1,48.0,48.0
ORD-101186,Arabic,Starter,Fattoush,1,24.0,24.0
ORD-101186,Arabic,Side,Arabic Rice,1,12.0,12.0
ORD-101186,Arabic,Dessert,Kunafa,1,28.0,28.0
ORD-101187,Italian,Main,Fettuccine Alfredo,1,48.0,48.0
ORD-101187,Italian,Dessert,Tiramisu,1,30.0,30.0
ORD-101188,Indian,Main,Butter Chicken,1,45.0,45.0
ORD-101188,Indian,Main,Chicken Biryani,1,42.0,42.0
ORD-101188,Indian,Starter,Paneer Tikka,1,32.0,32.0
ORD-101188,Indian,Side,Garlic Naan,2,8.0,16.0
ORD-101189,Italian,Main,Pepperoni Pizza,2,52.0,104.0
ORD-101189,Italian,Starter,Caesar Salad,1,32.0,32.0
ORD-101189,Italian,Dessert,Tiramisu,1,30.0,30.0
ORD-101190,Continental,Main,Classic Beef Burger,1,48.0,48.0
ORD-101190,Continental,Side,French Fries,1,16.0,16.0
ORD-101190,Continental,Beverage,Chocolate Milkshake,1,22.0,22.0
ORD-101191,Continental,Main,Grilled Chicken with Mash,1,52.0,52.0
ORD-101191,Continental,Side,French Fries,1,16.0,16.0
ORD-101192,Italian,Main,Beef Lasagna,1,55.0,55.0
ORD-101192,Arabic,Beverage,Mint Lemonade,1,18.0,18.0
ORD-101193,Continental,Main,Fish and Chips,1,50.0,50.0
ORD-101193,Continental,Beverage,Chocolate Milkshake,1,22.0,22.0
ORD-101194,Indian,Main,Chicken Biryani,1,42.0,42.0
ORD-101195,Indian,Main,Dal Makhani,1,32.0,32.0
ORD-101195,Chinese,Main,Szechuan Beef,1,52.0,52.0
ORD-101195,Indian,Main,Butter Chicken,1,45.0,45.0
ORD-101196,Indian,Main,Dal Makhani,1,32.0,32.0
ORD-101196,Chinese,Starter,Spring Rolls,1,22.0,22.0
ORD-101197,Continental,Main,Classic Beef Burger,1,48.0,48.0
ORD-101197,Continental,Side,French Fries,1,16.0,16.0
ORD-101198,Indian,Main,Mutton Biryani,1,52.0,52.0
ORD-101198,Indian,Side,Garlic Naan,1,8.0,8.0
ORD-101199,Arabic,Main,Lamb Mandi,2,62.0,124.0
ORD-101199,Arabic,Starter,Hummus,1,22.0,22.0
ORD-101199,Arabic,Beverage,Mint Lemonade,1,18.0,18.0
ORD-101200,Arabic,Main,Falafel Wrap,2,22.0,44.0
ORD-101200,Arabic,Starter,Hummus,1,22.0,22.0
ORD-101200,Arabic,Beverage,Mint Lemonade,2,18.0,36.0
ORD-101201,Indian,Main,Palak Paneer,2,34.0,68.0
ORD-101201,Indian,Starter,Vegetable Samosa,1,16.0,16.0
ORD-101201,Indian,Side,Garlic Naan,1,8.0,8.0
ORD-101202,Continental,Main,Fish and Chips,1,50.0,50.0
ORD-101202,Continental,Starter,Chicken Wings,1,34.0,34.0
ORD-101203,Arabic,Main,Chicken Machboos,1,48.0,48.0
ORD-101203,Arabic,Starter,Fattoush,1,24.0,24.0
ORD-101203,Arabic,Side,Arabic Rice,1,12.0,12.0
ORD-101203,Arabic,Beverage,Mint Lemonade,1,18.0,18.0
ORD-101204,Chinese,Main,Chicken Manchurian,1,38.0,38.0
ORD-101205,Continental,Main,Grilled Chicken Burger,1,42.0,42.0
ORD-101205,Continental,Main,Fish and Chips,1,50.0,50.0
ORD-101205,Continental,Starter,Chicken Wings,1,34.0,34.0
ORD-101206,Continental,Main,Grilled Chicken with Mash,1,52.0,52.0
ORD-101206,Continental,Main,Fish and Chips,1,50.0,50.0
ORD-101206,Continental,Side,French Fries,2,16.0,32.0
ORD-101207,Arabic,Main,Mixed Grill,1,75.0,75.0
ORD-101207,Arabic,Main,Falafel Wrap,1,22.0,22.0
ORD-101207,Arabic,Main,Lamb Mandi,1,62.0,62.0
ORD-101207,Arabic,Beverage,Mint Lemonade,1,18.0,18.0
ORD-101208,Chinese,Main,Chicken Fried Rice,1,34.0,34.0
ORD-101208,Chinese,Side,Steamed Rice,1,10.0,10.0
ORD-101208,Chinese,Dessert,Mango Pudding,1,20.0,20.0
ORD-101209,Italian,Main,Pepperoni Pizza,1,52.0,52.0
ORD-101209,Italian,Starter,Bruschetta,1,26.0,26.0
ORD-101209,Italian,Beverage,Italian Lemon Soda,1,18.0,18.0
ORD-101210,Chinese,Main,Veg Hakka Noodles,1,32.0,32.0
ORD-101210,Chinese,Main,Chicken Fried Rice,1,34.0,34.0
ORD-101210,Chinese,Side,Steamed Rice,1,10.0,10.0
ORD-101211,Indian,Main,Chicken Biryani,1,42.0,42.0
ORD-101211,Arabic,Main,Chicken Machboos,1,48.0,48.0
ORD-101211,Indian,Starter,Paneer Tikka,1,32.0,32.0
ORD-101211,Indian,Dessert,Gulab Jamun,1,18.0,18.0
ORD-101212,Arabic,Main,Lamb Mandi,1,62.0,62.0
ORD-101212,Arabic,Starter,Fattoush,1,24.0,24.0
ORD-101212,Arabic,Side,Arabic Rice,1,12.0,12.0
ORD-101212,Arabic,Beverage,Mint Lemonade,1,18.0,18.0
ORD-101213,Chinese,Main,Szechuan Beef,1,52.0,52.0
ORD-101213,Chinese,Main,Kung Pao Chicken,1,44.0,44.0
ORD-101213,Chinese,Starter,Spring Rolls,1,22.0,22.0
ORD-101214,Chinese,Main,Chicken Fried Rice,1,34.0,34.0
ORD-101214,Chinese,Starter,Spring Rolls,1,22.0,22.0
ORD-101215,Continental,Main,Grilled Chicken with Mash,1,52.0,52.0
ORD-101215,Continental,Starter,Soup of the Day,1,22.0,22.0
ORD-101215,Continental,Side,French Fries,1,16.0,16.0
ORD-101216,Italian,Main,Penne Arrabbiata,2,42.0,84.0
ORD-101217,Continental,Main,Grilled Chicken Burger,2,42.0,84.0
ORD-101218,Arabic,Main,Falafel Wrap,1,22.0,22.0
ORD-101218,Arabic,Starter,Fattoush,1,24.0,24.0
ORD-101218,Arabic,Beverage,Mint Lemonade,1,18.0,18.0
ORD-101219,Chinese,Main,Chicken Fried Rice,1,34.0,34.0
ORD-101220,Italian,Main,Beef Lasagna,1,55.0,55.0
ORD-101220,Italian,Starter,Bruschetta,1,26.0,26.0
ORD-101220,Italian,Dessert,Tiramisu,1,30.0,30.0
ORD-101221,Italian,Main,Margherita Pizza,1,45.0,45.0
ORD-101221,Italian,Dessert,Tiramisu,1,30.0,30.0
ORD-101222,Arabic,Main,Chicken Shawarma Plate,1,38.0,38.0
ORD-101222,Arabic,Starter,Hummus,1,22.0,22.0
ORD-101223,Indian,Main,Dal Makhani,1,32.0,32.0
ORD-101223,Indian,Main,Palak Paneer,1,34.0,34.0
ORD-101223,Indian,Starter,Chicken Tikka,1,36.0,36.0
ORD-101223,Indian,Side,Jeera Rice,2,14.0,28.0
ORD-101224,Arabic,Main,Chicken Shawarma Plate,1,38.0,38.0
ORD-101224,Arabic,Side,Arabic Rice,1,12.0,12.0
ORD-101225,Indian,Main,Butter Chicken,1,45.0,45.0
ORD-101225,Indian,Starter,Chicken Tikka,1,36.0,36.0
ORD-101225,Indian,Dessert,Gulab Jamun,1,18.0,18.0
ORD-101225,Indian,Beverage,Mango Lassi,1,16.0,16.0
ORD-101226,Italian,Main,Margherita Pizza,1,45.0,45.0
ORD-101226,Italian,Starter,Caesar Salad,1,32.0,32.0
ORD-101227,Indian,Main,Mutton Biryani,1,52.0,52.0
ORD-101227,Indian,Side,Jeera Rice,1,14.0,14.0
ORD-101228,Indian,Main,Butter Chicken,1,45.0,45.0
ORD-101228,Indian,Starter,Chicken Tikka,1,36.0,36.0
ORD-101228,Indian,Side,Garlic Naan,1,8.0,8.0
ORD-101228,Indian,Beverage,Mango Lassi,1,16.0,16.0
ORD-101229,Arabic,Main,Mixed Grill,1,75.0,75.0
ORD-101229,Arabic,Starter,Fattoush,1,24.0,24.0
ORD-101229,Arabic,Beverage,Mint Lemonade,1,18.0,18.0
ORD-101230,Arabic,Main,Lamb Mandi,1,62.0,62.0
ORD-101230,Arabic,Main,Mixed Grill,1,75.0,75.0
ORD-101230,Arabic,Starter,Hummus,1,22.0,22.0
ORD-101230,Arabic,Side,Arabic Rice,2,12.0,24.0
ORD-101230,Arabic,Beverage,Mint Lemonade,1,18.0,18.0
ORD-101231,Indian,Main,Butter Chicken,1,45.0,45.0
ORD-101231,Indian,Starter,Chicken Tikka,1,36.0,36.0
ORD-101232,Arabic,Main,Mixed Grill,1,75.0,75.0
ORD-101232,Arabic,Main,Chicken Shawarma Plate,1,38.0,38.0
ORD-101232,Arabic,Side,Arabic Rice,2,12.0,24.0
ORD-101233,Italian,Main,Penne Arrabbiata,1,42.0,42.0
ORD-101233,Italian,Starter,Caesar Salad,1,32.0,32.0
ORD-101233,Continental,Dessert,Chocolate Brownie,1,24.0,24.0
ORD-101234,Italian,Main,Margherita Pizza,1,45.0,45.0
ORD-101234,Italian,Beverage,Italian Lemon Soda,1,18.0,18.0
ORD-101235,Indian,Main,Dal Makhani,1,32.0,32.0
ORD-101235,Indian,Main,Palak Paneer,1,34.0,34.0
ORD-101235,Indian,Main,Mutton Biryani,1,52.0,52.0
ORD-101235,Indian,Side,Garlic Naan,3,8.0,24.0
ORD-101235,Indian,Beverage,Mango Lassi,2,16.0,32.0
ORD-101236,Arabic,Main,Falafel Wrap,1,22.0,22.0
ORD-101236,Arabic,Beverage,Mint Lemonade,1,18.0,18.0
ORD-101237,Italian,Main,Pepperoni Pizza,1,52.0,52.0
ORD-101238,Arabic,Main,Falafel Wrap,1,22.0,22.0
ORD-101239,Arabic,Main,Chicken Machboos,1,48.0,48.0
ORD-101239,Arabic,Main,Lamb Mandi,1,62.0,62.0
ORD-101240,Arabic,Main,Chicken Machboos,1,48.0,48.0
ORD-101240,Arabic,Starter,Fattoush,1,24.0,24.0
ORD-101240,Arabic,Side,Arabic Rice,1,12.0,12.0
ORD-101241,Italian,Main,Margherita Pizza,1,45.0,45.0
ORD-101241,Italian,Starter,Caesar Salad,1,32.0,32.0
ORD-101241,Italian,Side,Garlic Bread,1,18.0,18.0
ORD-101241,Italian,Beverage,Italian Lemon Soda,1,18.0,18.0
ORD-101242,Continental,Main,Classic Beef Burger,1,48.0,48.0
ORD-101242,Continental,Beverage,Chocolate Milkshake,1,22.0,22.0
ORD-101243,Chinese,Main,Chicken Manchurian,1,38.0,38.0
ORD-101243,Chinese,Starter,Chicken Dim Sum,1,34.0,34.0
ORD-101243,Chinese,Side,Steamed Rice,1,10.0,10.0
ORD-101243,Chinese,Dessert,Mango Pudding,1,20.0,20.0
ORD-101244,Arabic,Main,Chicken Shawarma Plate,1,38.0,38.0
ORD-101244,Arabic,Starter,Fattoush,1,24.0,24.0
ORD-101245,Continental,Main,Grilled Chicken with Mash,2,52.0,104.0
ORD-101245,Continental,Main,Grilled Salmon,1,78.0,78.0
ORD-101245,Continental,Dessert,Chocolate Brownie,1,24.0,24.0
ORD-101246,Continental,Main,Grilled Chicken Burger,1,42.0,42.0
ORD-101246,Continental,Main,Grilled Salmon,1,78.0,78.0
ORD-101246,Continental,Dessert,New York Cheesecake,1,28.0,28.0
ORD-101247,Indian,Main,Mutton Biryani,1,52.0,52.0
ORD-101247,Indian,Side,Garlic Naan,1,8.0,8.0
ORD-101247,Indian,Dessert,Gulab Jamun,1,18.0,18.0
ORD-101248,Arabic,Main,Chicken Machboos,1,48.0,48.0
ORD-101248,Arabic,Dessert,Kunafa,1,28.0,28.0
ORD-101248,Arabic,Beverage,Mint Lemonade,1,18.0,18.0
ORD-101249,Chinese,Main,Kung Pao Chicken,1,44.0,44.0
ORD-101249,Chinese,Dessert,Mango Pudding,1,20.0,20.0
ORD-101250,Continental,Main,Grilled Chicken with Mash,2,52.0,104.0
ORD-101250,Continental,Main,Classic Beef Burger,1,48.0,48.0
ORD-101250,Continental,Beverage,Chocolate Milkshake,1,22.0,22.0
ORD-101251,Indian,Main,Dal Makhani,1,32.0,32.0
ORD-101251,Indian,Main,Butter Chicken,1,45.0,45.0
ORD-101251,Indian,Starter,Vegetable Samosa,1,16.0,16.0
ORD-101252,Chinese,Main,Szechuan Beef,1,52.0,52.0
ORD-101252,Chinese,Main,Veg Hakka Noodles,1,32.0,32.0
ORD-101253,Chinese,Main,Kung Pao Chicken,1,44.0,44.0
ORD-101253,Chinese,Beverage,Jasmine Tea,1,12.0,12.0
ORD-101254,Continental,Main,Classic Beef Burger,1,48.0,48.0
ORD-101254,Continental,Main,Fish and Chips,1,50.0,50.0
ORD-101255,Italian,Main,Beef Lasagna,1,55.0,55.0
ORD-101255,Italian,Beverage,Italian Lemon Soda,1,18.0,18.0
ORD-101256,Chinese,Main,Chicken Manchurian,1,38.0,38.0
ORD-101256,Chinese,Beverage,Jasmine Tea,1,12.0,12.0
ORD-101257,Chinese,Main,Kung Pao Chicken,1,44.0,44.0
ORD-101257,Chinese,Beverage,Jasmine Tea,1,12.0,12.0
ORD-101258,Arabic,Main,Chicken Shawarma Plate,1,38.0,38.0
ORD-101258,Arabic,Beverage,Mint Lemonade,1,18.0,18.0
ORD-101259,Arabic,Main,Chicken Shawarma Plate,1,38.0,38.0
ORD-101259,Arabic,Beverage,Mint Lemonade,1,18.0,18.0
ORD-101260,Continental,Main,Grilled Chicken Burger,1,42.0,42.0
ORD-101260,Continental,Starter,Chicken Wings,1,34.0,34.0
ORD-101260,Continental,Side,French Fries,1,16.0,16.0
ORD-101261,Continental,Main,Grilled Chicken Burger,1,42.0,42.0
ORD-101261,Continental,Starter,Chicken Wings,1,34.0,34.0
ORD-101261,Continental,Beverage,Chocolate Milkshake,1,22.0,22.0
ORD-101262,Indian,Main,Butter Chicken,1,45.0,45.0
ORD-101262,Indian,Main,Chicken Biryani,1,42.0,42.0
ORD-101262,Indian,Starter,Paneer Tikka,1,32.0,32.0
ORD-101263,Italian,Main,Fettuccine Alfredo,1,48.0,48.0
ORD-101263,Italian,Starter,Caesar Salad,1,32.0,32.0
ORD-101263,Italian,Dessert,Tiramisu,1,30.0,30.0
ORD-101264,Continental,Main,Classic Beef Burger,1,48.0,48.0
ORD-101264,Continental,Main,Grilled Chicken Burger,1,42.0,42.0
ORD-101264,Continental,Side,French Fries,1,16.0,16.0
ORD-101264,Continental,Beverage,Chocolate Milkshake,2,22.0,44.0
ORD-101265,Arabic,Main,Chicken Machboos,1,48.0,48.0
ORD-101265,Arabic,Dessert,Umm Ali,1,26.0,26.0
ORD-101266,Arabic,Main,Chicken Shawarma Plate,1,38.0,38.0
ORD-101266,Arabic,Starter,Fattoush,1,24.0,24.0
ORD-101266,Arabic,Side,Arabic Rice,1,12.0,12.0
ORD-101266,Continental,Beverage,Chocolate Milkshake,1,22.0,22.0
ORD-101267,Chinese,Main,Chicken Manchurian,1,38.0,38.0
ORD-101267,Chinese,Main,Veg Hakka Noodles,1,32.0,32.0
ORD-101267,Chinese,Starter,Hot and Sour Soup,1,24.0,24.0
ORD-101267,Chinese,Beverage,Jasmine Tea,1,12.0,12.0
ORD-101268,Indian,Main,Palak Paneer,1,34.0,34.0
ORD-101268,Indian,Main,Chicken Biryani,1,42.0,42.0
ORD-101268,Indian,Main,Butter Chicken,1,45.0,45.0
ORD-101268,Indian,Side,Jeera Rice,3,14.0,42.0
ORD-101269,Arabic,Main,Chicken Shawarma Plate,1,38.0,38.0
ORD-101269,Arabic,Starter,Hummus,1,22.0,22.0
ORD-101270,Indian,Main,Mutton Biryani,1,52.0,52.0
ORD-101270,Indian,Side,Garlic Naan,1,8.0,8.0
ORD-101270,Indian,Beverage,Mango Lassi,1,16.0,16.0
ORD-101271,Arabic,Main,Chicken Machboos,1,48.0,48.0
ORD-101271,Italian,Main,Beef Lasagna,1,55.0,55.0
ORD-101271,Italian,Starter,Caesar Salad,1,32.0,32.0
ORD-101271,Arabic,Beverage,Mint Lemonade,2,18.0,36.0
ORD-101272,Chinese,Main,Chicken Manchurian,1,38.0,38.0
ORD-101272,Chinese,Starter,Chicken Dim Sum,1,34.0,34.0
ORD-101273,Italian,Main,Fettuccine Alfredo,1,48.0,48.0
ORD-101273,Italian,Main,Pepperoni Pizza,1,52.0,52.0
ORD-101274,Indian,Main,Chicken Biryani,1,42.0,42.0
ORD-101274,Indian,Side,Jeera Rice,1,14.0,14.0
ORD-101275,Indian,Main,Butter Chicken,1,45.0,45.0
ORD-101275,Continental,Starter,Chicken Wings,1,34.0,34.0
ORD-101275,Indian,Side,Garlic Naan,1,8.0,8.0
ORD-101276,Indian,Main,Dal Makhani,1,32.0,32.0
ORD-101276,Indian,Beverage,Mango Lassi,1,16.0,16.0
ORD-101277,Italian,Main,Margherita Pizza,1,45.0,45.0
ORD-101277,Italian,Main,Fettuccine Alfredo,1,48.0,48.0
ORD-101277,Italian,Main,Beef Lasagna,1,55.0,55.0
ORD-101277,Italian,Dessert,Tiramisu,1,30.0,30.0
ORD-101278,Indian,Main,Dal Makhani,1,32.0,32.0
ORD-101278,Indian,Starter,Chicken Tikka,1,36.0,36.0
ORD-101278,Indian,Side,Garlic Naan,1,8.0,8.0
ORD-101279,Indian,Main,Butter Chicken,2,45.0,90.0
ORD-101279,Continental,Starter,Chicken Wings,1,34.0,34.0
ORD-101279,Indian,Side,Jeera Rice,1,14.0,14.0
ORD-101279,Indian,Beverage,Mango Lassi,2,16.0,32.0
ORD-101280,Italian,Main,Fettuccine Alfredo,1,48.0,48.0
ORD-101281,Indian,Main,Butter Chicken,1,45.0,45.0
ORD-101281,Indian,Side,Jeera Rice,1,14.0,14.0
ORD-101281,Indian,Beverage,Mango Lassi,1,16.0,16.0
ORD-101282,Chinese,Main,Veg Hakka Noodles,1,32.0,32.0
ORD-101282,Chinese,Starter,Hot and Sour Soup,1,24.0,24.0
ORD-101282,Chinese,Side,Steamed Rice,1,10.0,10.0
ORD-101282,Chinese,Beverage,Jasmine Tea,1,12.0,12.0
ORD-101283,Chinese,Main,Veg Hakka Noodles,1,32.0,32.0
ORD-101283,Chinese,Side,Steamed Rice,1,10.0,10.0
ORD-101283,Chinese,Dessert,Mango Pudding,1,20.0,20.0
ORD-101283,Chinese,Beverage,Jasmine Tea,1,12.0,12.0
ORD-101284,Continental,Main,Fish and Chips,1,50.0,50.0
ORD-101284,Continental,Side,French Fries,1,16.0,16.0
ORD-101285,Italian,Main,Fettuccine Alfredo,1,48.0,48.0
ORD-101285,Italian,Starter,Bruschetta,1,26.0,26.0
ORD-101286,Arabic,Main,Falafel Wrap,1,22.0,22.0
ORD-101286,Arabic,Side,Arabic Rice,1,12.0,12.0
ORD-101287,Continental,Main,Fish and Chips,1,50.0,50.0
ORD-101287,Continental,Side,French Fries,1,16.0,16.0
ORD-101288,Italian,Main,Margherita Pizza,1,45.0,45.0
ORD-101288,Italian,Starter,Caesar Salad,1,32.0,32.0
ORD-101288,Italian,Beverage,Italian Lemon Soda,1,18.0,18.0
ORD-101289,Continental,Main,Grilled Chicken Burger,1,42.0,42.0
ORD-101289,Continental,Side,French Fries,1,16.0,16.0
ORD-101289,Continental,Beverage,Chocolate Milkshake,1,22.0,22.0
ORD-101290,Indian,Main,Butter Chicken,1,45.0,45.0
ORD-101290,Indian,Main,Chicken Biryani,2,42.0,84.0
ORD-101290,Indian,Starter,Vegetable Samosa,1,16.0,16.0
ORD-101290,Indian,Side,Jeera Rice,1,14.0,14.0
ORD-101291,Indian,Main,Palak Paneer,2,34.0,68.0
ORD-101291,Indian,Main,Dal Makhani,1,32.0,32.0
ORD-101291,Indian,Side,Jeera Rice,3,14.0,42.0
ORD-101291,Indian,Beverage,Mango Lassi,1,16.0,16.0
ORD-101292,Italian,Main,Penne Arrabbiata,1,42.0,42.0
ORD-101292,Italian,Side,Garlic Bread,1,18.0,18.0
ORD-101292,Italian,Dessert,Tiramisu,1,30.0,30.0
ORD-101293,Italian,Main,Pepperoni Pizza,1,52.0,52.0
ORD-101293,Italian,Starter,Bruschetta,1,26.0,26.0
ORD-101293,Italian,Dessert,Tiramisu,1,30.0,30.0
ORD-101293,Italian,Beverage,Italian Lemon Soda,1,18.0,18.0
ORD-101294,Indian,Main,Dal Makhani,1,32.0,32.0
ORD-101294,Indian,Side,Garlic Naan,1,8.0,8.0
ORD-101295,Indian,Main,Dal Makhani,1,32.0,32.0
ORD-101295,Chinese,Starter,Spring Rolls,1,22.0,22.0
ORD-101295,Indian,Dessert,Gulab Jamun,1,18.0,18.0
ORD-101296,Italian,Main,Pepperoni Pizza,1,52.0,52.0
ORD-101296,Italian,Starter,Bruschetta,1,26.0,26.0
ORD-101297,Indian,Main,Chicken Biryani,1,42.0,42.0
ORD-101297,Indian,Starter,Paneer Tikka,1,32.0,32.0
ORD-101297,Indian,Side,Garlic Naan,1,8.0,8.0
ORD-101298,Indian,Main,Mutton Biryani,1,52.0,52.0
ORD-101298,Indian,Starter,Paneer Tikka,1,32.0,32.0
ORD-101298,Indian,Side,Garlic Naan,1,8.0,8.0
ORD-101298,Indian,Beverage,Mango Lassi,1,16.0,16.0
ORD-101299,Indian,Main,Butter Chicken,1,45.0,45.0
ORD-101299,Indian,Side,Jeera Rice,1,14.0,14.0
ORD-101299,Chinese,Dessert,Mango Pudding,1,20.0,20.0
ORD-101300,Continental,Main,Classic Beef Burger,1,48.0,48.0
ORD-101300,Continental,Starter,Chicken Wings,1,34.0,34.0
ORD-101300,Continental,Side,French Fries,1,16.0,16.0
ORD-101301,Chinese,Main,Veg Hakka Noodles,1,32.0,32.0
ORD-101301,Chinese,Main,Chicken Manchurian,1,38.0,38.0
ORD-101301,Chinese,Starter,Spring Rolls,1,22.0,22.0
ORD-101301,Chinese,Dessert,Mango Pudding,1,20.0,20.0
ORD-101302,Arabic,Main,Lamb Mandi,1,62.0,62.0
ORD-101302,Arabic,Starter,Hummus,1,22.0,22.0
ORD-101302,Arabic,Beverage,Mint Lemonade,1,18.0,18.0
ORD-101303,Italian,Main,Pepperoni Pizza,1,52.0,52.0
ORD-101303,Italian,Side,Garlic Bread,1,18.0,18.0
ORD-101303,Italian,Beverage,Italian Lemon Soda,1,18.0,18.0
ORD-101304,Continental,Main,Classic Beef Burger,1,48.0,48.0
ORD-101304,Chinese,Starter,Chicken Dim Sum,1,34.0,34.0
ORD-101305,Arabic,Main,Falafel Wrap,1,22.0,22.0
ORD-101305,Arabic,Starter,Hummus,1,22.0,22.0
ORD-101305,Arabic,Side,Arabic Rice,1,12.0,12.0
ORD-101306,Chinese,Main,Veg Hakka Noodles,1,32.0,32.0
ORD-101306,Chinese,Main,Chicken Manchurian,2,38.0,76.0
ORD-101306,Chinese,Side,Steamed Rice,1,10.0,10.0
ORD-101307,Continental,Main,Classic Beef Burger,1,48.0,48.0
ORD-101307,Italian,Beverage,Italian Lemon Soda,1,18.0,18.0
ORD-101308,Indian,Main,Chicken Biryani,1,42.0,42.0
ORD-101308,Indian,Main,Dal Makhani,1,32.0,32.0
ORD-101308,Chinese,Starter,Hot and Sour Soup,1,24.0,24.0
ORD-101309,Italian,Main,Beef Lasagna,1,55.0,55.0
ORD-101309,Italian,Main,Penne Arrabbiata,1,42.0,42.0
ORD-101309,Italian,Starter,Bruschetta,1,26.0,26.0
ORD-101309,Italian,Side,Garlic Bread,1,18.0,18.0
ORD-101310,Chinese,Main,Chicken Fried Rice,1,34.0,34.0
ORD-101310,Chinese,Side,Steamed Rice,1,10.0,10.0
ORD-101310,Chinese,Beverage,Jasmine Tea,1,12.0,12.0
ORD-101311,Indian,Main,Butter Chicken,2,45.0,90.0
ORD-101311,Indian,Starter,Vegetable Samosa,1,16.0,16.0
ORD-101311,Indian,Side,Garlic Naan,2,8.0,16.0
ORD-101312,Arabic,Main,Chicken Machboos,2,48.0,96.0
ORD-101313,Indian,Main,Mutton Biryani,1,52.0,52.0
ORD-101313,Indian,Starter,Paneer Tikka,1,32.0,32.0
ORD-101313,Indian,Side,Garlic Naan,1,8.0,8.0
ORD-101313,Indian,Dessert,Gulab Jamun,1,18.0,18.0
ORD-101314,Italian,Main,Beef Lasagna,1,55.0,55.0
ORD-101314,Italian,Main,Pepperoni Pizza,1,52.0,52.0
ORD-101314,Italian,Starter,Caesar Salad,1,32.0,32.0
ORD-101314,Italian,Side,Garlic Bread,1,18.0,18.0
ORD-101314,Italian,Beverage,Italian Lemon Soda,1,18.0,18.0
ORD-101315,Chinese,Main,Veg Hakka Noodles,1,32.0,32.0
ORD-101315,Chinese,Side,Steamed Rice,1,10.0,10.0
ORD-101316,Continental,Main,Grilled Salmon,1,78.0,78.0
ORD-101316,Continental,Beverage,Chocolate Milkshake,1,22.0,22.0
ORD-101317,Indian,Main,Mutton Biryani,1,52.0,52.0
ORD-101317,Indian,Side,Garlic Naan,1,8.0,8.0
ORD-101318,Continental,Main,Fish and Chips,1,50.0,50.0
ORD-101318,Continental,Side,French Fries,1,16.0,16.0
ORD-101318,Continental,Beverage,Chocolate Milkshake,1,22.0,22.0
ORD-101319,Arabic,Main,Chicken Shawarma Plate,1,38.0,38.0
ORD-101319,Arabic,Starter,Hummus,1,22.0,22.0
ORD-101319,Arabic,Dessert,Kunafa,1,28.0,28.0
ORD-101319,Arabic,Beverage,Mint Lemonade,1,18.0,18.0
ORD-101320,Chinese,Main,Kung Pao Chicken,1,44.0,44.0
ORD-101320,Chinese,Main,Szechuan Beef,1,52.0,52.0
ORD-101321,Arabic,Main,Chicken Shawarma Plate,1,38.0,38.0
ORD-101321,Arabic,Starter,Hummus,1,22.0,22.0
ORD-101321,Arabic,Side,Arabic Rice,1,12.0,12.0
ORD-101322,Italian,Main,Margherita Pizza,1,45.0,45.0
ORD-101322,Italian,Starter,Caesar Salad,1,32.0,32.0
ORD-101322,Italian,Beverage,Italian Lemon Soda,1,18.0,18.0
ORD-101323,Continental,Main,Fish and Chips,1,50.0,50.0
ORD-101323,Continental,Side,French Fries,1,16.0,16.0
ORD-101323,Continental,Beverage,Chocolate Milkshake,1,22.0,22.0
ORD-101324,Continental,Main,Classic Beef Burger,1,48.0,48.0
ORD-101324,Continental,Side,French Fries,1,16.0,16.0
ORD-101324,Continental,Beverage,Chocolate Milkshake,1,22.0,22.0
ORD-101325,Italian,Main,Fettuccine Alfredo,1,48.0,48.0
ORD-101325,Italian,Side,Garlic Bread,1,18.0,18.0
ORD-101325,Italian,Beverage,Italian Lemon Soda,1,18.0,18.0
ORD-101326,Arabic,Main,Chicken Shawarma Plate,2,38.0,76.0
ORD-101326,Arabic,Main,Lamb Mandi,1,62.0,62.0
ORD-101326,Arabic,Starter,Hummus,1,22.0,22.0
ORD-101326,Arabic,Dessert,Kunafa,1,28.0,28.0
ORD-101327,Indian,Main,Butter Chicken,1,45.0,45.0
ORD-101327,Indian,Side,Jeera Rice,1,14.0,14.0
ORD-101328,Italian,Main,Margherita Pizza,1,45.0,45.0
ORD-101328,Arabic,Main,Chicken Shawarma Plate,1,38.0,38.0
ORD-101328,Italian,Main,Beef Lasagna,1,55.0,55.0
ORD-101328,Italian,Starter,Bruschetta,1,26.0,26.0
ORD-101328,Italian,Beverage,Italian Lemon Soda,1,18.0,18.0
ORD-101329,Continental,Main,Grilled Chicken Burger,1,42.0,42.0
ORD-101329,Continental,Main,Fish and Chips,1,50.0,50.0
ORD-101330,Continental,Main,Grilled Chicken with Mash,1,52.0,52.0
ORD-101330,Continental,Main,Classic Beef Burger,1,48.0,48.0
ORD-101330,Continental,Starter,Chicken Wings,1,34.0,34.0
ORD-101330,Continental,Dessert,Chocolate Brownie,1,24.0,24.0
ORD-101331,Indian,Main,Butter Chicken,2,45.0,90.0
ORD-101331,Indian,Main,Palak Paneer,1,34.0,34.0
ORD-101331,Indian,Starter,Vegetable Samosa,1,16.0,16.0
ORD-101331,Indian,Side,Garlic Naan,3,8.0,24.0
ORD-101331,Indian,Beverage,Mango Lassi,1,16.0,16.0
ORD-101332,Continental,Main,Fish and Chips,1,50.0,50.0
ORD-101332,Italian,Starter,Bruschetta,1,26.0,26.0
ORD-101332,Continental,Side,French Fries,1,16.0,16.0
ORD-101333,Arabic,Main,Chicken Shawarma Plate,2,38.0,76.0
ORD-101333,Arabic,Starter,Hummus,1,22.0,22.0
ORD-101334,Indian,Main,Butter Chicken,1,45.0,45.0
ORD-101334,Indian,Starter,Paneer Tikka,1,32.0,32.0
ORD-101334,Indian,Side,Garlic Naan,1,8.0,8.0
ORD-101335,Continental,Main,Classic Beef Burger,1,48.0,48.0
ORD-101335,Continental,Main,Grilled Chicken with Mash,1,52.0,52.0
ORD-101335,Continental,Main,Fish and Chips,1,50.0,50.0
ORD-101336,Arabic,Main,Falafel Wrap,1,22.0,22.0
ORD-101336,Arabic,Main,Chicken Shawarma Plate,1,38.0,38.0
ORD-101337,Continental,Main,Classic Beef Burger,1,48.0,48.0
ORD-101337,Continental,Side,French Fries,1,16.0,16.0
ORD-101338,Italian,Main,Penne Arrabbiata,2,42.0,84.0
ORD-101338,Italian,Side,Garlic Bread,2,18.0,36.0
ORD-101338,Italian,Dessert,Tiramisu,1,30.0,30.0
ORD-101339,Chinese,Main,Veg Hakka Noodles,1,32.0,32.0
ORD-101339,Chinese,Starter,Hot and Sour Soup,1,24.0,24.0
ORD-101339,Chinese,Side,Steamed Rice,1,10.0,10.0
ORD-101340,Indian,Main,Mutton Biryani,1,52.0,52.0
ORD-101340,Indian,Side,Garlic Naan,1,8.0,8.0
ORD-101340,Indian,Beverage,Mango Lassi,1,16.0,16.0
ORD-101341,Indian,Main,Palak Paneer,1,34.0,34.0
ORD-101341,Indian,Side,Garlic Naan,1,8.0,8.0
ORD-101342,Arabic,Main,Mixed Grill,1,75.0,75.0
ORD-101342,Arabic,Main,Chicken Machboos,1,48.0,48.0
ORD-101342,Arabic,Beverage,Mint Lemonade,2,18.0,36.0
ORD-101343,Italian,Main,Pepperoni Pizza,1,52.0,52.0
ORD-101343,Italian,Main,Fettuccine Alfredo,1,48.0,48.0
ORD-101344,Indian,Main,Mutton Biryani,1,52.0,52.0
ORD-101344,Indian,Side,Jeera Rice,1,14.0,14.0
ORD-101344,Indian,Beverage,Mango Lassi,1,16.0,16.0
ORD-101345,Italian,Main,Pepperoni Pizza,1,52.0,52.0
ORD-101345,Italian,Starter,Bruschetta,1,26.0,26.0
ORD-101346,Indian,Main,Mutton Biryani,1,52.0,52.0
ORD-101346,Indian,Main,Butter Chicken,1,45.0,45.0
ORD-101346,Indian,Side,Jeera Rice,2,14.0,28.0
ORD-101347,Indian,Main,Chicken Biryani,1,42.0,42.0
ORD-101347,Indian,Starter,Paneer Tikka,1,32.0,32.0
ORD-101347,Indian,Side,Jeera Rice,1,14.0,14.0
ORD-101348,Continental,Main,Grilled Chicken with Mash,1,52.0,52.0
ORD-101348,Continental,Main,Classic Beef Burger,1,48.0,48.0
ORD-101348,Indian,Starter,Vegetable Samosa,1,16.0,16.0
ORD-101348,Continental,Side,French Fries,2,16.0,32.0
ORD-101348,Continental,Dessert,New York Cheesecake,1,28.0,28.0
ORD-101348,Continental,Beverage,Chocolate Milkshake,2,22.0,44.0
ORD-101349,Italian,Main,Margherita Pizza,1,45.0,45.0
ORD-101349,Continental,Starter,Chicken Wings,1,34.0,34.0
ORD-101350,Italian,Main,Pepperoni Pizza,1,52.0,52.0
ORD-101350,Italian,Main,Fettuccine Alfredo,1,48.0,48.0
ORD-101350,Italian,Starter,Caesar Salad,1,32.0,32.0
ORD-101350,Italian,Side,Garlic Bread,2,18.0,36.0
ORD-101350,Chinese,Beverage,Jasmine Tea,2,12.0,24.0
ORD-101351,Italian,Main,Beef Lasagna,1,55.0,55.0
ORD-101351,Italian,Dessert,Tiramisu,1,30.0,30.0
ORD-101351,Italian,Beverage,Italian Lemon Soda,1,18.0,18.0
ORD-101352,Italian,Main,Beef Lasagna,1,55.0,55.0
ORD-101352,Italian,Beverage,Italian Lemon Soda,1,18.0,18.0
ORD-101353,Arabic,Main,Mixed Grill,1,75.0,75.0
ORD-101353,Arabic,Main,Chicken Shawarma Plate,1,38.0,38.0
ORD-101353,Arabic,Side,Arabic Rice,1,12.0,12.0
ORD-101354,Italian,Main,Beef Lasagna,1,55.0,55.0
ORD-101354,Continental,Main,Grilled Chicken with Mash,1,52.0,52.0
ORD-101354,Italian,Dessert,Tiramisu,1,30.0,30.0
ORD-101355,Arabic,Main,Chicken Shawarma Plate,1,38.0,38.0
ORD-101355,Arabic,Main,Lamb Mandi,1,62.0,62.0
ORD-101355,Arabic,Starter,Hummus,1,22.0,22.0
ORD-101355,Arabic,Dessert,Kunafa,1,28.0,28.0
ORD-101356,Indian,Main,Dal Makhani,1,32.0,32.0
ORD-101356,Indian,Starter,Paneer Tikka,1,32.0,32.0
ORD-101356,Indian,Side,Garlic Naan,1,8.0,8.0
ORD-101356,Indian,Dessert,Gulab Jamun,1,18.0,18.0
ORD-101357,Chinese,Main,Chicken Manchurian,1,38.0,38.0
ORD-101357,Chinese,Beverage,Jasmine Tea,1,12.0,12.0
ORD-101358,Continental,Main,Fish and Chips,1,50.0,50.0
ORD-101358,Continental,Starter,Chicken Wings,1,34.0,34.0
ORD-101358,Continental,Beverage,Chocolate Milkshake,1,22.0,22.0
ORD-101359,Continental,Main,Classic Beef Burger,1,48.0,48.0
ORD-101359,Continental,Beverage,Chocolate Milkshake,1,22.0,22.0
ORD-101360,Arabic,Main,Falafel Wrap,1,22.0,22.0
ORD-101360,Arabic,Side,Arabic Rice,1,12.0,12.0
ORD-101360,Arabic,Dessert,Kunafa,1,28.0,28.0
ORD-101361,Arabic,Main,Chicken Shawarma Plate,1,38.0,38.0
ORD-101361,Arabic,Dessert,Umm Ali,1,26.0,26.0
ORD-101362,Indian,Main,Chicken Biryani,1,42.0,42.0
ORD-101362,Italian,Main,Pepperoni Pizza,1,52.0,52.0
ORD-101362,Indian,Beverage,Mango Lassi,1,16.0,16.0
ORD-101363,Chinese,Main,Veg Hakka Noodles,1,32.0,32.0
ORD-101363,Chinese,Starter,Chicken Dim Sum,1,34.0,34.0
ORD-101363,Chinese,Side,Steamed Rice,1,10.0,10.0
ORD-101364,Chinese,Main,Veg Hakka Noodles,1,32.0,32.0
ORD-101364,Chinese,Main,Chicken Fried Rice,1,34.0,34.0
ORD-101364,Chinese,Starter,Chicken Dim Sum,1,34.0,34.0
ORD-101364,Chinese,Dessert,Mango Pudding,1,20.0,20.0
ORD-101364,Chinese,Beverage,Jasmine Tea,2,12.0,24.0
ORD-101365,Continental,Main,Grilled Chicken Burger,2,42.0,84.0
ORD-101365,Continental,Main,Classic Beef Burger,1,48.0,48.0
ORD-101365,Continental,Starter,Soup of the Day,1,22.0,22.0
ORD-101365,Continental,Side,French Fries,1,16.0,16.0
ORD-101365,Continental,Dessert,Chocolate Brownie,1,24.0,24.0
ORD-101366,Continental,Main,Grilled Chicken Burger,1,42.0,42.0
ORD-101366,Continental,Main,Classic Beef Burger,1,48.0,48.0
ORD-101366,Continental,Beverage,Chocolate Milkshake,2,22.0,44.0
ORD-101367,Italian,Main,Margherita Pizza,1,45.0,45.0
ORD-101367,Continental,Starter,Chicken Wings,1,34.0,34.0
ORD-101367,Continental,Dessert,New York Cheesecake,1,28.0,28.0
ORD-101367,Continental,Beverage,Chocolate Milkshake,1,22.0,22.0
ORD-101368,Continental,Main,Grilled Chicken Burger,1,42.0,42.0
ORD-101368,Chinese,Starter,Spring Rolls,1,22.0,22.0
ORD-101369,Italian,Main,Margherita Pizza,1,45.0,45.0
ORD-101369,Italian,Main,Penne Arrabbiata,1,42.0,42.0
ORD-101369,Italian,Main,Pepperoni Pizza,1,52.0,52.0
ORD-101369,Italian,Side,Garlic Bread,2,18.0,36.0
ORD-101369,Italian,Dessert,Tiramisu,1,30.0,30.0
ORD-101369,Italian,Beverage,Italian Lemon Soda,2,18.0,36.0
ORD-101370,Continental,Main,Classic Beef Burger,1,48.0,48.0
ORD-101370,Continental,Starter,Soup of the Day,1,22.0,22.0
ORD-101370,Continental,Dessert,Chocolate Brownie,1,24.0,24.0
ORD-101371,Indian,Main,Palak Paneer,1,34.0,34.0
ORD-101371,Indian,Side,Jeera Rice,1,14.0,14.0
ORD-101372,Indian,Main,Mutton Biryani,1,52.0,52.0
ORD-101372,Indian,Side,Jeera Rice,1,14.0,14.0
ORD-101372,Indian,Dessert,Gulab Jamun,1,18.0,18.0
ORD-101373,Arabic,Main,Chicken Shawarma Plate,1,38.0,38.0
ORD-101373,Arabic,Starter,Hummus,1,22.0,22.0
ORD-101374,Italian,Main,Beef Lasagna,1,55.0,55.0
ORD-101374,Italian,Main,Pepperoni Pizza,1,52.0,52.0
ORD-101374,Italian,Beverage,Italian Lemon Soda,1,18.0,18.0
ORD-101375,Continental,Main,Fish and Chips,1,50.0,50.0
ORD-101375,Continental,Starter,Chicken Wings,1,34.0,34.0
ORD-101375,Continental,Side,French Fries,1,16.0,16.0
ORD-101375,Continental,Dessert,New York Cheesecake,1,28.0,28.0
ORD-101376,Indian,Main,Mutton Biryani,1,52.0,52.0
ORD-101376,Indian,Starter,Paneer Tikka,1,32.0,32.0
ORD-101376,Indian,Side,Garlic Naan,1,8.0,8.0
ORD-101376,Indian,Beverage,Mango Lassi,1,16.0,16.0
ORD-101377,Indian,Main,Palak Paneer,1,34.0,34.0
ORD-101377,Indian,Starter,Paneer Tikka,1,32.0,32.0
ORD-101377,Indian,Side,Jeera Rice,1,14.0,14.0
ORD-101377,Indian,Beverage,Mango Lassi,1,16.0,16.0
ORD-101378,Indian,Main,Dal Makhani,1,32.0,32.0
ORD-101378,Indian,Starter,Paneer Tikka,1,32.0,32.0
ORD-101378,Indian,Side,Jeera Rice,1,14.0,14.0
ORD-101379,Indian,Main,Palak Paneer,1,34.0,34.0
ORD-101379,Indian,Starter,Chicken Tikka,1,36.0,36.0
ORD-101379,Indian,Side,Garlic Naan,1,8.0,8.0
ORD-101379,Indian,Dessert,Gulab Jamun,1,18.0,18.0
ORD-101380,Indian,Main,Chicken Biryani,1,42.0,42.0
ORD-101380,Indian,Main,Butter Chicken,1,45.0,45.0
ORD-101380,Indian,Main,Palak Paneer,1,34.0,34.0
ORD-101380,Indian,Starter,Paneer Tikka,1,32.0,32.0
ORD-101380,Indian,Side,Garlic Naan,2,8.0,16.0
ORD-101380,Indian,Dessert,Gulab Jamun,1,18.0,18.0
ORD-101381,Continental,Main,Fish and Chips,1,50.0,50.0
ORD-101381,Continental,Main,Grilled Chicken with Mash,1,52.0,52.0
ORD-101381,Continental,Starter,Chicken Wings,1,34.0,34.0
ORD-101381,Continental,Side,French Fries,2,16.0,32.0
ORD-101381,Continental,Beverage,Chocolate Milkshake,1,22.0,22.0
ORD-101382,Chinese,Main,Chicken Manchurian,2,38.0,76.0
ORD-101383,Arabic,Main,Lamb Mandi,1,62.0,62.0
ORD-101383,Arabic,Beverage,Mint Lemonade,1,18.0,18.0
ORD-101384,Continental,Main,Grilled Chicken with Mash,1,52.0,52.0
ORD-101384,Continental,Main,Fish and Chips,1,50.0,50.0
ORD-101384,Continental,Dessert,New York Cheesecake,1,28.0,28.0
ORD-101385,Italian,Main,Margherita Pizza,1,45.0,45.0
ORD-101385,Italian,Main,Beef Lasagna,1,55.0,55.0
ORD-101385,Italian,Starter,Bruschetta,1,26.0,26.0
ORD-101385,Italian,Dessert,Tiramisu,1,30.0,30.0
ORD-101385,Italian,Beverage,Italian Lemon Soda,1,18.0,18.0
ORD-101386,Arabic,Main,Chicken Shawarma Plate,1,38.0,38.0
ORD-101386,Arabic,Side,Arabic Rice,1,12.0,12.0
ORD-101386,Arabic,Beverage,Mint Lemonade,1,18.0,18.0
ORD-101387,Continental,Main,Grilled Salmon,1,78.0,78.0
ORD-101387,Continental,Starter,Chicken Wings,1,34.0,34.0
ORD-101387,Continental,Side,French Fries,1,16.0,16.0
ORD-101388,Indian,Main,Chicken Biryani,1,42.0,42.0
ORD-101388,Indian,Main,Dal Makhani,1,32.0,32.0
ORD-101388,Indian,Starter,Chicken Tikka,1,36.0,36.0
ORD-101388,Indian,Side,Garlic Naan,1,8.0,8.0
ORD-101388,Indian,Beverage,Mango Lassi,2,16.0,32.0
ORD-101389,Arabic,Main,Chicken Machboos,1,48.0,48.0
ORD-101389,Arabic,Starter,Fattoush,1,24.0,24.0
ORD-101390,Italian,Main,Penne Arrabbiata,2,42.0,84.0
ORD-101390,Italian,Starter,Caesar Salad,1,32.0,32.0
ORD-101390,Italian,Dessert,Tiramisu,1,30.0,30.0
ORD-101391,Italian,Main,Beef Lasagna,1,55.0,55.0
ORD-101391,Arabic,Beverage,Mint Lemonade,1,18.0,18.0
ORD-101392,Continental,Main,Grilled Salmon,1,78.0,78.0
ORD-101393,Italian,Main,Penne Arrabbiata,1,42.0,42.0
ORD-101393,Italian,Main,Pepperoni Pizza,1,52.0,52.0
ORD-101393,Italian,Beverage,Italian Lemon Soda,2,18.0,36.0
ORD-101394,Indian,Main,Chicken Biryani,1,42.0,42.0
ORD-101394,Indian,Starter,Paneer Tikka,1,32.0,32.0
ORD-101394,Indian,Side,Garlic Naan,1,8.0,8.0
ORD-101395,Continental,Main,Grilled Chicken Burger,2,42.0,84.0
ORD-101395,Continental,Side,French Fries,1,16.0,16.0
ORD-101395,Continental,Beverage,Chocolate Milkshake,1,22.0,22.0
ORD-101396,Italian,Main,Margherita Pizza,1,45.0,45.0
ORD-101396,Italian,Main,Pepperoni Pizza,1,52.0,52.0
ORD-101397,Chinese,Main,Chicken Fried Rice,1,34.0,34.0
ORD-101397,Chinese,Main,Kung Pao Chicken,1,44.0,44.0
ORD-101398,Continental,Main,Fish and Chips,1,50.0,50.0
ORD-101398,Continental,Side,French Fries,1,16.0,16.0
ORD-101399,Continental,Main,Classic Beef Burger,1,48.0,48.0
ORD-101399,Italian,Main,Penne Arrabbiata,1,42.0,42.0
ORD-101399,Italian,Main,Margherita Pizza,1,45.0,45.0
ORD-101400,Italian,Main,Beef Lasagna,1,55.0,55.0
ORD-101400,Italian,Dessert,Tiramisu,1,30.0,30.0
ORD-101401,Chinese,Main,Chicken Fried Rice,1,34.0,34.0
ORD-101401,Chinese,Starter,Chicken Dim Sum,1,34.0,34.0
ORD-101401,Chinese,Dessert,Mango Pudding,1,20.0,20.0
ORD-101402,Chinese,Main,Veg Hakka Noodles,2,32.0,64.0
ORD-101402,Chinese,Side,Steamed Rice,2,10.0,20.0
ORD-101403,Arabic,Main,Chicken Shawarma Plate,1,38.0,38.0
ORD-101403,Arabic,Dessert,Kunafa,1,28.0,28.0
ORD-101404,Italian,Main,Penne Arrabbiata,1,42.0,42.0
ORD-101404,Italian,Main,Beef Lasagna,1,55.0,55.0
ORD-101404,Italian,Dessert,Tiramisu,1,30.0,30.0
ORD-101405,Continental,Main,Fish and Chips,1,50.0,50.0
ORD-101405,Continental,Beverage,Chocolate Milkshake,1,22.0,22.0
ORD-101406,Arabic,Main,Lamb Mandi,1,62.0,62.0
ORD-101406,Arabic,Main,Mixed Grill,1,75.0,75.0
ORD-101406,Arabic,Main,Chicken Machboos,1,48.0,48.0
ORD-101407,Indian,Main,Mutton Biryani,1,52.0,52.0
ORD-101407,Indian,Starter,Vegetable Samosa,1,16.0,16.0
ORD-101407,Indian,Side,Garlic Naan,1,8.0,8.0
ORD-101407,Indian,Beverage,Mango Lassi,1,16.0,16.0
ORD-101408,Italian,Main,Margherita Pizza,1,45.0,45.0
ORD-101408,Italian,Starter,Bruschetta,1,26.0,26.0
ORD-101408,Italian,Dessert,Tiramisu,1,30.0,30.0
ORD-101409,Italian,Main,Beef Lasagna,1,55.0,55.0
ORD-101409,Italian,Main,Penne Arrabbiata,1,42.0,42.0
ORD-101409,Italian,Main,Margherita Pizza,1,45.0,45.0
ORD-101409,Italian,Starter,Caesar Salad,1,32.0,32.0
ORD-101409,Italian,Side,Garlic Bread,2,18.0,36.0
ORD-101409,Italian,Beverage,Italian Lemon Soda,2,18.0,36.0
ORD-101410,Indian,Main,Chicken Biryani,1,42.0,42.0
ORD-101410,Indian,Main,Palak Paneer,1,34.0,34.0
ORD-101410,Indian,Starter,Vegetable Samosa,1,16.0,16.0
ORD-101410,Indian,Side,Garlic Naan,1,8.0,8.0
ORD-101410,Indian,Dessert,Gulab Jamun,1,18.0,18.0
ORD-101410,Indian,Beverage,Mango Lassi,1,16.0,16.0
ORD-101411,Continental,Main,Fish and Chips,1,50.0,50.0
ORD-101411,Continental,Main,Grilled Chicken Burger,1,42.0,42.0
ORD-101411,Continental,Starter,Chicken Wings,1,34.0,34.0
ORD-101411,Continental,Beverage,Chocolate Milkshake,1,22.0,22.0
ORD-101412,Arabic,Main,Lamb Mandi,1,62.0,62.0
ORD-101412,Arabic,Beverage,Mint Lemonade,1,18.0,18.0
ORD-101413,Arabic,Main,Chicken Shawarma Plate,1,38.0,38.0
ORD-101413,Arabic,Main,Chicken Machboos,1,48.0,48.0
ORD-101413,Arabic,Beverage,Mint Lemonade,2,18.0,36.0
ORD-101414,Arabic,Main,Chicken Shawarma Plate,2,38.0,76.0
ORD-101414,Arabic,Main,Lamb Mandi,1,62.0,62.0
ORD-101414,Arabic,Starter,Fattoush,1,24.0,24.0
ORD-101414,Arabic,Side,Arabic Rice,3,12.0,36.0
ORD-101414,Arabic,Beverage,Mint Lemonade,3,18.0,54.0
ORD-101415,Italian,Main,Pepperoni Pizza,1,52.0,52.0
ORD-101415,Italian,Main,Beef Lasagna,1,55.0,55.0
ORD-101415,Italian,Starter,Caesar Salad,1,32.0,32.0
ORD-101416,Chinese,Main,Chicken Manchurian,1,38.0,38.0
ORD-101416,Chinese,Main,Kung Pao Chicken,1,44.0,44.0
ORD-101416,Chinese,Beverage,Jasmine Tea,2,12.0,24.0
ORD-101417,Arabic,Main,Chicken Machboos,1,48.0,48.0
ORD-101417,Arabic,Main,Falafel Wrap,1,22.0,22.0
ORD-101418,Arabic,Main,Chicken Shawarma Plate,1,38.0,38.0
ORD-101418,Arabic,Side,Arabic Rice,1,12.0,12.0
ORD-101419,Italian,Main,Fettuccine Alfredo,1,48.0,48.0
ORD-101419,Continental,Starter,Chicken Wings,1,34.0,34.0
ORD-101420,Italian,Main,Margherita Pizza,1,45.0,45.0
ORD-101420,Chinese,Starter,Hot and Sour Soup,1,24.0,24.0
ORD-101421,Arabic,Main,Falafel Wrap,1,22.0,22.0
ORD-101421,Arabic,Starter,Hummus,1,22.0,22.0
ORD-101421,Arabic,Side,Arabic Rice,1,12.0,12.0
ORD-101422,Chinese,Main,Chicken Fried Rice,1,34.0,34.0
ORD-101422,Chinese,Main,Kung Pao Chicken,2,44.0,88.0
ORD-101422,Chinese,Starter,Spring Rolls,1,22.0,22.0
ORD-101423,Continental,Main,Grilled Chicken Burger,1,42.0,42.0
ORD-101423,Continental,Main,Grilled Salmon,1,78.0,78.0
ORD-101424,Italian,Main,Margherita Pizza,1,45.0,45.0
ORD-101424,Italian,Main,Beef Lasagna,1,55.0,55.0
ORD-101425,Indian,Main,Chicken Biryani,1,42.0,42.0
ORD-101425,Indian,Main,Butter Chicken,1,45.0,45.0
ORD-101426,Arabic,Main,Mixed Grill,1,75.0,75.0
ORD-101426,Arabic,Starter,Fattoush,1,24.0,24.0
ORD-101426,Arabic,Side,Arabic Rice,1,12.0,12.0
ORD-101426,Arabic,Beverage,Mint Lemonade,1,18.0,18.0
ORD-101427,Continental,Main,Fish and Chips,1,50.0,50.0
ORD-101428,Indian,Main,Chicken Biryani,2,42.0,84.0
ORD-101428,Indian,Starter,Vegetable Samosa,1,16.0,16.0
ORD-101428,Indian,Side,Garlic Naan,2,8.0,16.0
ORD-101429,Chinese,Main,Kung Pao Chicken,1,44.0,44.0
ORD-101429,Chinese,Main,Veg Hakka Noodles,1,32.0,32.0
ORD-101430,Indian,Main,Palak Paneer,1,34.0,34.0
ORD-101430,Indian,Side,Garlic Naan,1,8.0,8.0
ORD-101431,Indian,Main,Mutton Biryani,1,52.0,52.0
ORD-101431,Arabic,Main,Chicken Machboos,1,48.0,48.0
ORD-101431,Indian,Starter,Chicken Tikka,1,36.0,36.0
ORD-101431,Indian,Side,Garlic Naan,1,8.0,8.0
ORD-101432,Chinese,Main,Veg Hakka Noodles,1,32.0,32.0
ORD-101432,Chinese,Main,Chicken Manchurian,1,38.0,38.0
ORD-101432,Chinese,Main,Chicken Fried Rice,1,34.0,34.0
ORD-101433,Indian,Main,Chicken Biryani,1,42.0,42.0
ORD-101433,Indian,Side,Jeera Rice,1,14.0,14.0
ORD-101434,Arabic,Main,Mixed Grill,1,75.0,75.0
ORD-101434,Arabic,Starter,Mutabbal,1,22.0,22.0
ORD-101434,Arabic,Dessert,Kunafa,1,28.0,28.0
ORD-101435,Arabic,Main,Falafel Wrap,2,22.0,44.0
ORD-101435,Arabic,Starter,Hummus,1,22.0,22.0
ORD-101435,Arabic,Beverage,Mint Lemonade,1,18.0,18.0
ORD-101436,Arabic,Main,Chicken Shawarma Plate,1,38.0,38.0
ORD-101436,Arabic,Main,Chicken Machboos,1,48.0,48.0
ORD-101436,Arabic,Side,Arabic Rice,2,12.0,24.0
ORD-101436,Arabic,Beverage,Mint Lemonade,2,18.0,36.0
ORD-101437,Arabic,Main,Mixed Grill,1,75.0,75.0
ORD-101437,Arabic,Side,Arabic Rice,1,12.0,12.0
ORD-101437,Arabic,Beverage,Mint Lemonade,1,18.0,18.0
ORD-101438,Arabic,Main,Falafel Wrap,1,22.0,22.0
ORD-101438,Arabic,Beverage,Mint Lemonade,1,18.0,18.0
ORD-101439,Italian,Main,Fettuccine Alfredo,1,48.0,48.0
ORD-101439,Italian,Starter,Bruschetta,1,26.0,26.0
ORD-101439,Italian,Side,Garlic Bread,1,18.0,18.0
ORD-101439,Italian,Dessert,Tiramisu,1,30.0,30.0
ORD-101440,Arabic,Main,Falafel Wrap,1,22.0,22.0
ORD-101440,Arabic,Starter,Hummus,1,22.0,22.0
ORD-101441,Chinese,Main,Chicken Fried Rice,1,34.0,34.0
ORD-101441,Chinese,Main,Kung Pao Chicken,1,44.0,44.0
ORD-101441,Chinese,Side,Steamed Rice,2,10.0,20.0
ORD-101442,Indian,Main,Chicken Biryani,1,42.0,42.0
ORD-101442,Indian,Main,Butter Chicken,1,45.0,45.0
ORD-101442,Indian,Side,Garlic Naan,1,8.0,8.0
ORD-101443,Italian,Main,Penne Arrabbiata,1,42.0,42.0
ORD-101443,Italian,Starter,Caesar Salad,1,32.0,32.0
ORD-101444,Italian,Main,Margherita Pizza,1,45.0,45.0
ORD-101445,Indian,Main,Chicken Biryani,1,42.0,42.0
ORD-101445,Indian,Starter,Chicken Tikka,1,36.0,36.0
ORD-101445,Indian,Side,Jeera Rice,1,14.0,14.0
ORD-101446,Indian,Main,Butter Chicken,1,45.0,45.0
ORD-101446,Indian,Starter,Paneer Tikka,1,32.0,32.0
ORD-101446,Indian,Side,Jeera Rice,1,14.0,14.0
ORD-101446,Indian,Beverage,Mango Lassi,1,16.0,16.0
ORD-101447,Indian,Main,Butter Chicken,1,45.0,45.0
ORD-101447,Indian,Starter,Paneer Tikka,1,32.0,32.0
ORD-101447,Indian,Side,Jeera Rice,1,14.0,14.0
ORD-101448,Italian,Main,Pepperoni Pizza,1,52.0,52.0
ORD-101448,Italian,Starter,Caesar Salad,1,32.0,32.0
ORD-101449,Indian,Main,Palak Paneer,1,34.0,34.0
ORD-101449,Indian,Main,Chicken Biryani,1,42.0,42.0
ORD-101449,Indian,Side,Garlic Naan,1,8.0,8.0
ORD-101450,Chinese,Main,Kung Pao Chicken,1,44.0,44.0
ORD-101450,Chinese,Starter,Hot and Sour Soup,1,24.0,24.0
ORD-101450,Chinese,Dessert,Mango Pudding,1,20.0,20.0
ORD-101451,Arabic,Main,Chicken Shawarma Plate,1,38.0,38.0
ORD-101451,Arabic,Beverage,Mint Lemonade,1,18.0,18.0
ORD-101452,Chinese,Main,Chicken Manchurian,1,38.0,38.0
ORD-101452,Arabic,Main,Falafel Wrap,1,22.0,22.0
ORD-101452,Arabic,Main,Mixed Grill,1,75.0,75.0
ORD-101452,Chinese,Side,Steamed Rice,2,10.0,20.0
ORD-101453,Chinese,Main,Szechuan Beef,2,52.0,104.0
ORD-101453,Chinese,Main,Chicken Manchurian,1,38.0,38.0
ORD-101454,Continental,Main,Grilled Salmon,2,78.0,156.0
ORD-101454,Continental,Main,Classic Beef Burger,1,48.0,48.0
ORD-101454,Continental,Starter,Soup of the Day,1,22.0,22.0
ORD-101455,Continental,Main,Grilled Chicken with Mash,1,52.0,52.0
ORD-101455,Continental,Main,Fish and Chips,1,50.0,50.0
ORD-101455,Continental,Beverage,Chocolate Milkshake,2,22.0,44.0
ORD-101456,Indian,Main,Butter Chicken,1,45.0,45.0
ORD-101456,Indian,Main,Mutton Biryani,1,52.0,52.0
ORD-101457,Continental,Main,Grilled Salmon,1,78.0,78.0
ORD-101457,Continental,Side,French Fries,1,16.0,16.0
ORD-101457,Continental,Beverage,Chocolate Milkshake,1,22.0,22.0
ORD-101458,Indian,Main,Palak Paneer,1,34.0,34.0
ORD-101458,Indian,Starter,Paneer Tikka,1,32.0,32.0
ORD-101458,Indian,Side,Garlic Naan,1,8.0,8.0
ORD-101459,Indian,Main,Mutton Biryani,1,52.0,52.0
ORD-101459,Indian,Starter,Vegetable Samosa,1,16.0,16.0
ORD-101459,Indian,Side,Garlic Naan,1,8.0,8.0
ORD-101460,Indian,Main,Palak Paneer,1,34.0,34.0
ORD-101460,Indian,Side,Garlic Naan,1,8.0,8.0
ORD-101460,Indian,Beverage,Mango Lassi,1,16.0,16.0
ORD-101461,Continental,Main,Grilled Salmon,1,78.0,78.0
ORD-101461,Continental,Main,Grilled Chicken Burger,1,42.0,42.0
ORD-101461,Continental,Side,French Fries,1,16.0,16.0
ORD-101462,Indian,Main,Palak Paneer,1,34.0,34.0
ORD-101462,Indian,Starter,Chicken Tikka,1,36.0,36.0
ORD-101462,Indian,Side,Jeera Rice,1,14.0,14.0
ORD-101462,Indian,Beverage,Mango Lassi,1,16.0,16.0
ORD-101463,Continental,Main,Fish and Chips,1,50.0,50.0
ORD-101464,Arabic,Main,Falafel Wrap,1,22.0,22.0
ORD-101464,Arabic,Main,Chicken Shawarma Plate,1,38.0,38.0
ORD-101464,Arabic,Beverage,Mint Lemonade,1,18.0,18.0
ORD-101465,Indian,Main,Palak Paneer,1,34.0,34.0
ORD-101465,Indian,Side,Jeera Rice,1,14.0,14.0
ORD-101466,Continental,Main,Grilled Chicken Burger,2,42.0,84.0
ORD-101466,Continental,Main,Classic Beef Burger,1,48.0,48.0
ORD-101467,Continental,Main,Classic Beef Burger,1,48.0,48.0
ORD-101467,Continental,Starter,Chicken Wings,1,34.0,34.0
ORD-101467,Continental,Side,French Fries,1,16.0,16.0
ORD-101467,Chinese,Dessert,Mango Pudding,1,20.0,20.0
ORD-101468,Continental,Main,Classic Beef Burger,1,48.0,48.0
ORD-101468,Continental,Main,Grilled Chicken with Mash,2,52.0,104.0
ORD-101468,Continental,Beverage,Chocolate Milkshake,3,22.0,66.0
ORD-101469,Arabic,Main,Chicken Shawarma Plate,1,38.0,38.0
ORD-101469,Arabic,Dessert,Umm Ali,1,26.0,26.0
ORD-101470,Arabic,Main,Chicken Shawarma Plate,1,38.0,38.0
ORD-101470,Arabic,Beverage,Mint Lemonade,1,18.0,18.0
ORD-101471,Indian,Main,Mutton Biryani,1,52.0,52.0
ORD-101471,Indian,Main,Chicken Biryani,1,42.0,42.0
ORD-101471,Indian,Starter,Paneer Tikka,1,32.0,32.0
ORD-101471,Indian,Side,Garlic Naan,1,8.0,8.0
ORD-101471,Indian,Dessert,Gulab Jamun,1,18.0,18.0
ORD-101472,Chinese,Main,Kung Pao Chicken,3,44.0,132.0
ORD-101472,Chinese,Dessert,Mango Pudding,1,20.0,20.0
ORD-101472,Chinese,Beverage,Jasmine Tea,3,12.0,36.0
ORD-101473,Continental,Main,Classic Beef Burger,1,48.0,48.0
ORD-101473,Continental,Dessert,New York Cheesecake,1,28.0,28.0
ORD-101474,Chinese,Main,Chicken Fried Rice,1,34.0,34.0
ORD-101474,Chinese,Starter,Hot and Sour Soup,1,24.0,24.0
ORD-101474,Chinese,Beverage,Jasmine Tea,1,12.0,12.0
ORD-101475,Arabic,Main,Mixed Grill,1,75.0,75.0
ORD-101475,Arabic,Beverage,Mint Lemonade,1,18.0,18.0
ORD-101476,Indian,Main,Butter Chicken,1,45.0,45.0
ORD-101476,Indian,Main,Mutton Biryani,1,52.0,52.0
ORD-101476,Indian,Side,Garlic Naan,2,8.0,16.0
ORD-101477,Indian,Main,Butter Chicken,1,45.0,45.0
ORD-101477,Indian,Main,Chicken Biryani,2,42.0,84.0
ORD-101477,Indian,Starter,Chicken Tikka,1,36.0,36.0
ORD-101477,Indian,Side,Garlic Naan,1,8.0,8.0
ORD-101478,Indian,Main,Butter Chicken,1,45.0,45.0
ORD-101478,Indian,Starter,Vegetable Samosa,1,16.0,16.0
ORD-101478,Indian,Side,Garlic Naan,1,8.0,8.0
ORD-101479,Indian,Main,Chicken Biryani,1,42.0,42.0
ORD-101479,Indian,Main,Dal Makhani,1,32.0,32.0
ORD-101479,Indian,Side,Garlic Naan,2,8.0,16.0
ORD-101479,Indian,Dessert,Gulab Jamun,1,18.0,18.0
ORD-101480,Arabic,Main,Chicken Shawarma Plate,1,38.0,38.0
ORD-101480,Arabic,Main,Falafel Wrap,1,22.0,22.0
ORD-101480,Arabic,Starter,Hummus,1,22.0,22.0
ORD-101481,Indian,Main,Palak Paneer,1,34.0,34.0
ORD-101481,Indian,Main,Dal Makhani,1,32.0,32.0
ORD-101481,Indian,Starter,Paneer Tikka,1,32.0,32.0
ORD-101481,Indian,Beverage,Mango Lassi,1,16.0,16.0
ORD-101482,Indian,Main,Chicken Biryani,1,42.0,42.0
ORD-101482,Indian,Starter,Paneer Tikka,1,32.0,32.0
ORD-101482,Indian,Side,Jeera Rice,1,14.0,14.0
ORD-101483,Indian,Main,Dal Makhani,2,32.0,64.0
ORD-101483,Indian,Side,Garlic Naan,2,8.0,16.0
ORD-101483,Indian,Beverage,Mango Lassi,2,16.0,32.0
ORD-101484,Continental,Main,Grilled Chicken with Mash,1,52.0,52.0
ORD-101485,Indian,Main,Dal Makhani,1,32.0,32.0
ORD-101485,Indian,Starter,Paneer Tikka,1,32.0,32.0
ORD-101485,Indian,Side,Jeera Rice,1,14.0,14.0
ORD-101485,Indian,Dessert,Gulab Jamun,1,18.0,18.0
ORD-101486,Arabic,Main,Chicken Machboos,2,48.0,96.0
ORD-101486,Arabic,Starter,Fattoush,1,24.0,24.0
ORD-101486,Arabic,Beverage,Mint Lemonade,2,18.0,36.0
ORD-101487,Continental,Main,Grilled Chicken with Mash,1,52.0,52.0
ORD-101487,Continental,Starter,Chicken Wings,1,34.0,34.0
ORD-101488,Chinese,Main,Szechuan Beef,1,52.0,52.0
ORD-101488,Chinese,Side,Steamed Rice,1,10.0,10.0
ORD-101489,Italian,Main,Fettuccine Alfredo,1,48.0,48.0
ORD-101489,Italian,Starter,Caesar Salad,1,32.0,32.0
ORD-101490,Continental,Main,Grilled Salmon,1,78.0,78.0
ORD-101490,Continental,Side,French Fries,1,16.0,16.0
ORD-101491,Chinese,Main,Veg Hakka Noodles,1,32.0,32.0
ORD-101491,Chinese,Starter,Spring Rolls,1,22.0,22.0
ORD-101491,Chinese,Beverage,Jasmine Tea,1,12.0,12.0
ORD-101492,Arabic,Main,Chicken Machboos,1,48.0,48.0
ORD-101492,Arabic,Starter,Fattoush,1,24.0,24.0
ORD-101493,Italian,Main,Beef Lasagna,2,55.0,110.0
ORD-101493,Italian,Starter,Bruschetta,1,26.0,26.0
ORD-101494,Arabic,Main,Mixed Grill,1,75.0,75.0
ORD-101495,Chinese,Main,Kung Pao Chicken,1,44.0,44.0
ORD-101495,Chinese,Beverage,Jasmine Tea,1,12.0,12.0
ORD-101496,Italian,Main,Fettuccine Alfredo,1,48.0,48.0
ORD-101496,Italian,Starter,Caesar Salad,1,32.0,32.0
ORD-101496,Italian,Side,Garlic Bread,1,18.0,18.0
ORD-101496,Italian,Beverage,Italian Lemon Soda,1,18.0,18.0
ORD-101497,Indian,Main,Dal Makhani,1,32.0,32.0
ORD-101497,Indian,Starter,Chicken Tikka,1,36.0,36.0
ORD-101497,Indian,Side,Garlic Naan,1,8.0,8.0
ORD-101497,Indian,Beverage,Mango Lassi,1,16.0,16.0
ORD-101498,Continental,Main,Grilled Salmon,1,78.0,78.0
ORD-101498,Continental,Starter,Chicken Wings,1,34.0,34.0
ORD-101499,Italian,Main,Margherita Pizza,1,45.0,45.0
ORD-101499,Italian,Starter,Bruschetta,1,26.0,26.0
ORD-101499,Italian,Beverage,Italian Lemon Soda,1,18.0,18.0
ORD-101500,Italian,Main,Beef Lasagna,1,55.0,55.0
ORD-101500,Italian,Beverage,Italian Lemon Soda,1,18.0,18.0
ORD-101501,Chinese,Main,Veg Hakka Noodles,1,32.0,32.0
ORD-101501,Chinese,Main,Chicken Fried Rice,1,34.0,34.0
ORD-101501,Chinese,Dessert,Mango Pudding,1,20.0,20.0
ORD-101501,Chinese,Beverage,Jasmine Tea,2,12.0,24.0
ORD-101502,Italian,Main,Beef Lasagna,1,55.0,55.0
ORD-101502,Italian,Starter,Bruschetta,1,26.0,26.0
ORD-101503,Italian,Main,Beef Lasagna,1,55.0,55.0
ORD-101504,Chinese,Main,Veg Hakka Noodles,1,32.0,32.0
ORD-101504,Chinese,Main,Chicken Fried Rice,1,34.0,34.0
ORD-101504,Chinese,Starter,Spring Rolls,1,22.0,22.0
ORD-101504,Chinese,Side,Steamed Rice,2,10.0,20.0
ORD-101504,Chinese,Beverage,Jasmine Tea,2,12.0,24.0
ORD-101505,Arabic,Main,Chicken Shawarma Plate,1,38.0,38.0
ORD-101505,Arabic,Main,Lamb Mandi,1,62.0,62.0
ORD-101506,Continental,Main,Fish and Chips,1,50.0,50.0
ORD-101506,Continental,Starter,Chicken Wings,1,34.0,34.0
ORD-101506,Continental,Side,French Fries,1,16.0,16.0
ORD-101507,Italian,Main,Penne Arrabbiata,1,42.0,42.0
ORD-101507,Italian,Starter,Bruschetta,1,26.0,26.0
ORD-101507,Italian,Dessert,Tiramisu,1,30.0,30.0
ORD-101508,Chinese,Main,Szechuan Beef,1,52.0,52.0
ORD-101508,Chinese,Dessert,Mango Pudding,1,20.0,20.0
ORD-101509,Indian,Main,Palak Paneer,1,34.0,34.0
ORD-101509,Indian,Side,Jeera Rice,1,14.0,14.0
ORD-101510,Arabic,Main,Chicken Shawarma Plate,2,38.0,76.0
ORD-101510,Arabic,Main,Falafel Wrap,1,22.0,22.0
ORD-101511,Indian,Main,Mutton Biryani,1,52.0,52.0
ORD-101511,Indian,Starter,Paneer Tikka,1,32.0,32.0
ORD-101511,Indian,Side,Garlic Naan,1,8.0,8.0
ORD-101511,Indian,Dessert,Gulab Jamun,1,18.0,18.0
ORD-101512,Continental,Main,Classic Beef Burger,2,48.0,96.0
ORD-101512,Continental,Starter,Soup of the Day,1,22.0,22.0
ORD-101512,Continental,Side,French Fries,2,16.0,32.0
ORD-101513,Continental,Main,Grilled Salmon,1,78.0,78.0
ORD-101513,Continental,Side,French Fries,1,16.0,16.0
ORD-101514,Chinese,Main,Chicken Manchurian,1,38.0,38.0
ORD-101514,Chinese,Starter,Spring Rolls,1,22.0,22.0
ORD-101514,Chinese,Beverage,Jasmine Tea,1,12.0,12.0
ORD-101515,Indian,Main,Palak Paneer,1,34.0,34.0
ORD-101515,Indian,Main,Chicken Biryani,1,42.0,42.0
ORD-101515,Indian,Main,Butter Chicken,1,45.0,45.0
ORD-101515,Indian,Side,Garlic Naan,1,8.0,8.0
ORD-101515,Indian,Dessert,Gulab Jamun,1,18.0,18.0
ORD-101516,Arabic,Main,Falafel Wrap,1,22.0,22.0
ORD-101516,Arabic,Starter,Mutabbal,1,22.0,22.0
ORD-101516,Arabic,Dessert,Kunafa,1,28.0,28.0
ORD-101516,Arabic,Beverage,Mint Lemonade,1,18.0,18.0
ORD-101517,Indian,Main,Butter Chicken,1,45.0,45.0
ORD-101517,Indian,Starter,Paneer Tikka,1,32.0,32.0
ORD-101517,Indian,Side,Garlic Naan,1,8.0,8.0
ORD-101517,Arabic,Beverage,Mint Lemonade,1,18.0,18.0
ORD-101518,Arabic,Main,Chicken Shawarma Plate,1,38.0,38.0
ORD-101518,Arabic,Main,Mixed Grill,1,75.0,75.0
ORD-101518,Arabic,Side,Arabic Rice,1,12.0,12.0
ORD-101518,Arabic,Dessert,Umm Ali,1,26.0,26.0
ORD-101518,Arabic,Beverage,Mint Lemonade,1,18.0,18.0
ORD-101519,Chinese,Main,Chicken Fried Rice,1,34.0,34.0
ORD-101519,Chinese,Main,Veg Hakka Noodles,1,32.0,32.0
ORD-101519,Italian,Main,Fettuccine Alfredo,1,48.0,48.0
ORD-101519,Italian,Main,Margherita Pizza,1,45.0,45.0
ORD-101519,Chinese,Side,Steamed Rice,3,10.0,30.0
ORD-101519,Italian,Beverage,Italian Lemon Soda,4,18.0,72.0
ORD-101520,Italian,Main,Margherita Pizza,1,45.0,45.0
ORD-101520,Italian,Starter,Caesar Salad,1,32.0,32.0
ORD-101521,Indian,Main,Chicken Biryani,1,42.0,42.0
ORD-101521,Indian,Side,Jeera Rice,1,14.0,14.0
ORD-101522,Arabic,Main,Chicken Machboos,1,48.0,48.0
ORD-101522,Arabic,Beverage,Mint Lemonade,1,18.0,18.0
ORD-101523,Indian,Main,Mutton Biryani,1,52.0,52.0
ORD-101523,Indian,Starter,Chicken Tikka,1,36.0,36.0
ORD-101523,Indian,Side,Garlic Naan,1,8.0,8.0
ORD-101524,Continental,Main,Fish and Chips,1,50.0,50.0
ORD-101524,Continental,Dessert,Chocolate Brownie,1,24.0,24.0
ORD-101524,Continental,Beverage,Chocolate Milkshake,1,22.0,22.0
ORD-101525,Chinese,Main,Chicken Manchurian,1,38.0,38.0
ORD-101525,Chinese,Main,Kung Pao Chicken,1,44.0,44.0
ORD-101525,Chinese,Main,Szechuan Beef,1,52.0,52.0
ORD-101525,Chinese,Starter,Hot and Sour Soup,1,24.0,24.0
ORD-101525,Chinese,Beverage,Jasmine Tea,1,12.0,12.0
ORD-101526,Indian,Main,Dal Makhani,1,32.0,32.0
ORD-101526,Indian,Main,Palak Paneer,1,34.0,34.0
ORD-101526,Italian,Main,Fettuccine Alfredo,1,48.0,48.0
ORD-101526,Indian,Side,Jeera Rice,2,14.0,28.0
ORD-101527,Indian,Main,Chicken Biryani,1,42.0,42.0
ORD-101527,Indian,Starter,Chicken Tikka,1,36.0,36.0
ORD-101527,Indian,Side,Garlic Naan,1,8.0,8.0
ORD-101527,Indian,Dessert,Gulab Jamun,1,18.0,18.0
ORD-101527,Indian,Beverage,Mango Lassi,1,16.0,16.0
ORD-101528,Italian,Main,Margherita Pizza,1,45.0,45.0
ORD-101528,Italian,Main,Fettuccine Alfredo,1,48.0,48.0
ORD-101528,Italian,Main,Beef Lasagna,1,55.0,55.0
ORD-101528,Italian,Starter,Caesar Salad,1,32.0,32.0
ORD-101528,Italian,Side,Garlic Bread,2,18.0,36.0
ORD-101529,Arabic,Main,Chicken Shawarma Plate,1,38.0,38.0
ORD-101529,Arabic,Dessert,Kunafa,1,28.0,28.0
ORD-101530,Arabic,Main,Mixed Grill,1,75.0,75.0
ORD-101530,Arabic,Side,Arabic Rice,1,12.0,12.0
ORD-101530,Arabic,Beverage,Mint Lemonade,1,18.0,18.0
ORD-101531,Arabic,Main,Lamb Mandi,1,62.0,62.0
ORD-101532,Arabic,Main,Falafel Wrap,1,22.0,22.0
ORD-101532,Arabic,Side,Arabic Rice,1,12.0,12.0
ORD-101533,Continental,Main,Classic Beef Burger,1,48.0,48.0
ORD-101534,Arabic,Main,Falafel Wrap,1,22.0,22.0
ORD-101534,Arabic,Main,Chicken Machboos,1,48.0,48.0
ORD-101535,Indian,Main,Chicken Biryani,1,42.0,42.0
ORD-101535,Indian,Starter,Chicken Tikka,1,36.0,36.0
ORD-101535,Indian,Side,Jeera Rice,1,14.0,14.0
ORD-101536,Indian,Main,Chicken Biryani,1,42.0,42.0
ORD-101536,Chinese,Starter,Spring Rolls,1,22.0,22.0
ORD-101536,Indian,Side,Garlic Naan,1,8.0,8.0
ORD-101537,Arabic,Main,Mixed Grill,1,75.0,75.0
ORD-101537,Arabic,Dessert,Kunafa,1,28.0,28.0
ORD-101538,Arabic,Main,Chicken Shawarma Plate,1,38.0,38.0
ORD-101538,Arabic,Starter,Hummus,1,22.0,22.0
ORD-101539,Indian,Main,Palak Paneer,1,34.0,34.0
ORD-101539,Indian,Main,Butter Chicken,1,45.0,45.0
ORD-101539,Indian,Side,Garlic Naan,2,8.0,16.0
ORD-101539,Indian,Dessert,Gulab Jamun,1,18.0,18.0
ORD-101539,Indian,Beverage,Mango Lassi,2,16.0,32.0
ORD-101540,Chinese,Main,Veg Hakka Noodles,1,32.0,32.0
ORD-101540,Chinese,Starter,Spring Rolls,1,22.0,22.0
ORD-101540,Chinese,Dessert,Mango Pudding,1,20.0,20.0
ORD-101540,Chinese,Beverage,Jasmine Tea,1,12.0,12.0
ORD-101541,Italian,Main,Margherita Pizza,1,45.0,45.0
ORD-101541,Italian,Starter,Caesar Salad,1,32.0,32.0
ORD-101541,Italian,Beverage,Italian Lemon Soda,1,18.0,18.0
ORD-101542,Continental,Main,Fish and Chips,1,50.0,50.0
ORD-101542,Continental,Main,Grilled Salmon,1,78.0,78.0
ORD-101542,Continental,Main,Grilled Chicken Burger,1,42.0,42.0
ORD-101542,Continental,Side,French Fries,1,16.0,16.0
ORD-101542,Continental,Beverage,Chocolate Milkshake,2,22.0,44.0
ORD-101543,Indian,Main,Mutton Biryani,1,52.0,52.0
ORD-101543,Indian,Starter,Paneer Tikka,1,32.0,32.0
ORD-101543,Indian,Side,Jeera Rice,1,14.0,14.0
ORD-101543,Continental,Dessert,Chocolate Brownie,1,24.0,24.0
ORD-101544,Continental,Main,Classic Beef Burger,1,48.0,48.0
ORD-101544,Continental,Main,Fish and Chips,2,50.0,100.0
ORD-101544,Continental,Starter,Chicken Wings,1,34.0,34.0
ORD-101544,Continental,Beverage,Chocolate Milkshake,1,22.0,22.0
ORD-101545,Italian,Main,Pepperoni Pizza,1,52.0,52.0
ORD-101545,Italian,Main,Beef Lasagna,1,55.0,55.0
ORD-101545,Italian,Starter,Bruschetta,1,26.0,26.0
ORD-101545,Italian,Beverage,Italian Lemon Soda,1,18.0,18.0
ORD-101546,Italian,Main,Pepperoni Pizza,1,52.0,52.0
ORD-101546,Italian,Side,Garlic Bread,1,18.0,18.0
ORD-101547,Arabic,Main,Lamb Mandi,1,62.0,62.0
ORD-101547,Arabic,Main,Chicken Machboos,1,48.0,48.0
ORD-101548,Chinese,Main,Chicken Fried Rice,1,34.0,34.0
ORD-101548,Chinese,Side,Steamed Rice,1,10.0,10.0
ORD-101549,Chinese,Main,Chicken Fried Rice,1,34.0,34.0
ORD-101549,Chinese,Main,Veg Hakka Noodles,1,32.0,32.0
ORD-101549,Chinese,Dessert,Mango Pudding,1,20.0,20.0
ORD-101550,Indian,Main,Chicken Biryani,1,42.0,42.0
ORD-101550,Indian,Side,Jeera Rice,1,14.0,14.0
ORD-101550,Indian,Beverage,Mango Lassi,1,16.0,16.0
ORD-101551,Indian,Main,Mutton Biryani,1,52.0,52.0
ORD-101551,Indian,Side,Jeera Rice,1,14.0,14.0
ORD-101551,Indian,Beverage,Mango Lassi,1,16.0,16.0
ORD-101552,Italian,Main,Beef Lasagna,1,55.0,55.0
ORD-101553,Continental,Main,Grilled Salmon,1,78.0,78.0
ORD-101553,Continental,Main,Fish and Chips,1,50.0,50.0
ORD-101553,Continental,Side,French Fries,1,16.0,16.0
ORD-101553,Continental,Dessert,Chocolate Brownie,1,24.0,24.0
ORD-101553,Continental,Beverage,Chocolate Milkshake,2,22.0,44.0
ORD-101554,Chinese,Main,Veg Hakka Noodles,1,32.0,32.0
ORD-101555,Arabic,Main,Mixed Grill,1,75.0,75.0
ORD-101555,Arabic,Side,Arabic Rice,1,12.0,12.0
ORD-101555,Arabic,Dessert,Kunafa,1,28.0,28.0
ORD-101555,Arabic,Beverage,Mint Lemonade,1,18.0,18.0
ORD-101556,Arabic,Main,Falafel Wrap,1,22.0,22.0
ORD-101557,Arabic,Main,Lamb Mandi,1,62.0,62.0
ORD-101557,Arabic,Main,Falafel Wrap,1,22.0,22.0
ORD-101558,Italian,Main,Pepperoni Pizza,1,52.0,52.0
ORD-101559,Chinese,Main,Chicken Manchurian,1,38.0,38.0
ORD-101559,Chinese,Side,Steamed Rice,1,10.0,10.0
ORD-101560,Italian,Main,Pepperoni Pizza,1,52.0,52.0
ORD-101561,Chinese,Main,Szechuan Beef,1,52.0,52.0
ORD-101561,Chinese,Starter,Chicken Dim Sum,1,34.0,34.0
ORD-101561,Chinese,Dessert,Mango Pudding,1,20.0,20.0
ORD-101561,Chinese,Beverage,Jasmine Tea,1,12.0,12.0
ORD-101562,Italian,Main,Penne Arrabbiata,1,42.0,42.0
ORD-101562,Italian,Dessert,Tiramisu,1,30.0,30.0
ORD-101563,Italian,Main,Fettuccine Alfredo,1,48.0,48.0
ORD-101564,Continental,Main,Grilled Chicken Burger,1,42.0,42.0
ORD-101564,Continental,Main,Fish and Chips,1,50.0,50.0
ORD-101564,Continental,Starter,Soup of the Day,1,22.0,22.0
ORD-101564,Continental,Dessert,Chocolate Brownie,1,24.0,24.0
ORD-101565,Arabic,Main,Chicken Shawarma Plate,2,38.0,76.0
ORD-101565,Arabic,Side,Arabic Rice,1,12.0,12.0
ORD-101565,Arabic,Beverage,Mint Lemonade,1,18.0,18.0
ORD-101566,Italian,Main,Penne Arrabbiata,1,42.0,42.0
ORD-101566,Italian,Main,Pepperoni Pizza,2,52.0,104.0
ORD-101567,Italian,Main,Pepperoni Pizza,1,52.0,52.0
ORD-101567,Italian,Starter,Bruschetta,1,26.0,26.0
ORD-101568,Italian,Main,Fettuccine Alfredo,1,48.0,48.0
ORD-101568,Italian,Starter,Bruschetta,1,26.0,26.0
ORD-101569,Italian,Main,Pepperoni Pizza,1,52.0,52.0
ORD-101569,Italian,Dessert,Tiramisu,1,30.0,30.0
ORD-101569,Italian,Beverage,Italian Lemon Soda,1,18.0,18.0
ORD-101570,Continental,Main,Classic Beef Burger,1,48.0,48.0
ORD-101570,Continental,Main,Grilled Chicken with Mash,1,52.0,52.0
ORD-101570,Continental,Side,French Fries,2,16.0,32.0
ORD-101571,Indian,Main,Chicken Biryani,1,42.0,42.0
ORD-101571,Indian,Main,Butter Chicken,1,45.0,45.0
ORD-101571,Indian,Side,Jeera Rice,1,14.0,14.0
ORD-101572,Arabic,Main,Lamb Mandi,1,62.0,62.0
ORD-101573,Indian,Main,Butter Chicken,1,45.0,45.0
ORD-101573,Indian,Starter,Chicken Tikka,1,36.0,36.0
ORD-101573,Indian,Side,Jeera Rice,1,14.0,14.0
ORD-101574,Chinese,Main,Szechuan Beef,1,52.0,52.0
ORD-101575,Italian,Main,Pepperoni Pizza,1,52.0,52.0
ORD-101575,Italian,Beverage,Italian Lemon Soda,1,18.0,18.0
ORD-101576,Arabic,Main,Mixed Grill,1,75.0,75.0
ORD-101576,Arabic,Side,Arabic Rice,1,12.0,12.0
ORD-101577,Italian,Main,Pepperoni Pizza,1,52.0,52.0
ORD-101577,Italian,Side,Garlic Bread,1,18.0,18.0
ORD-101577,Italian,Dessert,Tiramisu,1,30.0,30.0
ORD-101578,Indian,Main,Dal Makhani,1,32.0,32.0
ORD-101578,Italian,Main,Margherita Pizza,1,45.0,45.0
ORD-101578,Indian,Side,Garlic Naan,2,8.0,16.0
ORD-101579,Italian,Main,Fettuccine Alfredo,1,48.0,48.0
ORD-101579,Italian,Beverage,Italian Lemon Soda,1,18.0,18.0
ORD-101580,Arabic,Main,Chicken Machboos,1,48.0,48.0
ORD-101580,Arabic,Starter,Hummus,1,22.0,22.0
ORD-101580,Arabic,Dessert,Kunafa,1,28.0,28.0
ORD-101581,Arabic,Main,Lamb Mandi,1,62.0,62.0
ORD-101581,Arabic,Main,Falafel Wrap,1,22.0,22.0
ORD-101582,Italian,Main,Pepperoni Pizza,1,52.0,52.0
ORD-101582,Italian,Dessert,Tiramisu,1,30.0,30.0
ORD-101582,Arabic,Beverage,Mint Lemonade,1,18.0,18.0
ORD-101583,Arabic,Main,Falafel Wrap,1,22.0,22.0
ORD-101584,Chinese,Main,Chicken Fried Rice,1,34.0,34.0
ORD-101584,Chinese,Main,Szechuan Beef,1,52.0,52.0
ORD-101585,Arabic,Main,Chicken Shawarma Plate,1,38.0,38.0
ORD-101585,Indian,Main,Chicken Biryani,1,42.0,42.0
ORD-101585,Indian,Main,Dal Makhani,1,32.0,32.0
ORD-101585,Indian,Starter,Chicken Tikka,1,36.0,36.0
ORD-101585,Arabic,Side,Arabic Rice,2,12.0,24.0
ORD-101586,Chinese,Main,Veg Hakka Noodles,2,32.0,64.0
ORD-101586,Chinese,Main,Kung Pao Chicken,1,44.0,44.0
ORD-101586,Chinese,Starter,Hot and Sour Soup,1,24.0,24.0
ORD-101587,Arabic,Main,Mixed Grill,1,75.0,75.0
ORD-101587,Arabic,Side,Arabic Rice,1,12.0,12.0
ORD-101587,Arabic,Dessert,Kunafa,1,28.0,28.0
ORD-101588,Chinese,Main,Kung Pao Chicken,1,44.0,44.0
ORD-101589,Indian,Main,Chicken Biryani,1,42.0,42.0
ORD-101589,Indian,Main,Mutton Biryani,2,52.0,104.0
ORD-101589,Indian,Side,Garlic Naan,1,8.0,8.0
ORD-101589,Indian,Dessert,Gulab Jamun,1,18.0,18.0
ORD-101589,Indian,Beverage,Mango Lassi,2,16.0,32.0
ORD-101590,Italian,Main,Fettuccine Alfredo,2,48.0,96.0
ORD-101590,Chinese,Starter,Hot and Sour Soup,1,24.0,24.0
ORD-101590,Chinese,Beverage,Jasmine Tea,2,12.0,24.0
ORD-101591,Continental,Main,Classic Beef Burger,1,48.0,48.0
ORD-101591,Continental,Side,French Fries,1,16.0,16.0
ORD-101592,Continental,Main,Classic Beef Burger,1,48.0,48.0
ORD-101593,Italian,Main,Fettuccine Alfredo,1,48.0,48.0
ORD-101593,Continental,Main,Classic Beef Burger,1,48.0,48.0
ORD-101593,Italian,Beverage,Italian Lemon Soda,1,18.0,18.0
ORD-101594,Chinese,Main,Chicken Manchurian,1,38.0,38.0
ORD-101594,Chinese,Beverage,Jasmine Tea,1,12.0,12.0
ORD-101595,Indian,Main,Chicken Biryani,1,42.0,42.0
ORD-101595,Indian,Starter,Paneer Tikka,1,32.0,32.0
ORD-101595,Indian,Side,Garlic Naan,1,8.0,8.0
ORD-101596,Italian,Main,Margherita Pizza,1,45.0,45.0
ORD-101596,Italian,Starter,Bruschetta,1,26.0,26.0
ORD-101596,Italian,Side,Garlic Bread,1,18.0,18.0
ORD-101597,Continental,Main,Grilled Chicken with Mash,2,52.0,104.0
ORD-101597,Continental,Starter,Soup of the Day,1,22.0,22.0
ORD-101598,Indian,Main,Chicken Biryani,1,42.0,42.0
ORD-101598,Indian,Side,Garlic Naan,1,8.0,8.0
ORD-101599,Italian,Main,Margherita Pizza,1,45.0,45.0
ORD-101599,Italian,Dessert,Tiramisu,1,30.0,30.0
ORD-101599,Italian,Beverage,Italian Lemon Soda,1,18.0,18.0
ORD-101600,Continental,Main,Grilled Chicken Burger,2,42.0,84.0
ORD-101600,Continental,Starter,Chicken Wings,1,34.0,34.0
ORD-101600,Continental,Beverage,Chocolate Milkshake,1,22.0,22.0
ORD-101601,Arabic,Main,Lamb Mandi,1,62.0,62.0
ORD-101601,Arabic,Starter,Hummus,1,22.0,22.0
ORD-101601,Arabic,Dessert,Kunafa,1,28.0,28.0
ORD-101602,Italian,Main,Pepperoni Pizza,1,52.0,52.0
ORD-101603,Italian,Main,Penne Arrabbiata,1,42.0,42.0
ORD-101603,Continental,Main,Classic Beef Burger,1,48.0,48.0
ORD-101603,Italian,Main,Beef Lasagna,1,55.0,55.0
ORD-101603,Italian,Starter,Caesar Salad,1,32.0,32.0
ORD-101603,Italian,Side,Garlic Bread,1,18.0,18.0
ORD-101603,Continental,Dessert,New York Cheesecake,1,28.0,28.0
ORD-101603,Italian,Beverage,Italian Lemon Soda,2,18.0,36.0
ORD-101604,Arabic,Main,Lamb Mandi,1,62.0,62.0
ORD-101604,Arabic,Side,Arabic Rice,1,12.0,12.0
ORD-101605,Chinese,Main,Chicken Manchurian,1,38.0,38.0
ORD-101605,Chinese,Side,Steamed Rice,1,10.0,10.0
ORD-101606,Italian,Main,Pepperoni Pizza,3,52.0,156.0
ORD-101606,Italian,Main,Fettuccine Alfredo,1,48.0,48.0
ORD-101607,Indian,Main,Dal Makhani,1,32.0,32.0
ORD-101607,Arabic,Starter,Fattoush,1,24.0,24.0
ORD-101608,Continental,Main,Grilled Chicken with Mash,1,52.0,52.0
ORD-101608,Indian,Main,Butter Chicken,1,45.0,45.0
ORD-101608,Indian,Starter,Paneer Tikka,1,32.0,32.0
ORD-101608,Continental,Side,French Fries,2,16.0,32.0
ORD-101609,Chinese,Main,Szechuan Beef,1,52.0,52.0
ORD-101609,Chinese,Side,Steamed Rice,1,10.0,10.0
ORD-101609,Chinese,Dessert,Mango Pudding,1,20.0,20.0
ORD-101610,Italian,Main,Fettuccine Alfredo,1,48.0,48.0
ORD-101610,Italian,Starter,Caesar Salad,1,32.0,32.0
ORD-101610,Italian,Beverage,Italian Lemon Soda,1,18.0,18.0
ORD-101611,Italian,Main,Beef Lasagna,1,55.0,55.0
ORD-101611,Italian,Main,Margherita Pizza,1,45.0,45.0
ORD-101611,Italian,Beverage,Italian Lemon Soda,2,18.0,36.0
ORD-101612,Italian,Main,Fettuccine Alfredo,1,48.0,48.0
ORD-101612,Italian,Starter,Bruschetta,1,26.0,26.0
ORD-101612,Italian,Side,Garlic Bread,1,18.0,18.0
ORD-101612,Italian,Dessert,Tiramisu,1,30.0,30.0
ORD-101613,Indian,Main,Dal Makhani,1,32.0,32.0
ORD-101613,Indian,Side,Garlic Naan,1,8.0,8.0
ORD-101613,Indian,Dessert,Gulab Jamun,1,18.0,18.0
ORD-101614,Continental,Main,Grilled Chicken Burger,1,42.0,42.0
ORD-101615,Chinese,Main,Szechuan Beef,1,52.0,52.0
ORD-101615,Chinese,Starter,Hot and Sour Soup,1,24.0,24.0
ORD-101615,Chinese,Beverage,Jasmine Tea,1,12.0,12.0
ORD-101616,Italian,Main,Margherita Pizza,1,45.0,45.0
ORD-101616,Italian,Main,Fettuccine Alfredo,1,48.0,48.0
ORD-101616,Italian,Side,Garlic Bread,2,18.0,36.0
ORD-101616,Italian,Beverage,Italian Lemon Soda,2,18.0,36.0
ORD-101617,Indian,Main,Chicken Biryani,1,42.0,42.0
ORD-101617,Italian,Starter,Caesar Salad,1,32.0,32.0
ORD-101617,Indian,Beverage,Mango Lassi,1,16.0,16.0
ORD-101618,Chinese,Main,Szechuan Beef,1,52.0,52.0
ORD-101618,Italian,Starter,Bruschetta,1,26.0,26.0
ORD-101618,Chinese,Dessert,Mango Pudding,1,20.0,20.0
ORD-101619,Italian,Main,Beef Lasagna,1,55.0,55.0
ORD-101620,Indian,Main,Dal Makhani,1,32.0,32.0
ORD-101620,Indian,Main,Palak Paneer,1,34.0,34.0
ORD-101620,Indian,Starter,Paneer Tikka,1,32.0,32.0
ORD-101620,Indian,Side,Jeera Rice,1,14.0,14.0
ORD-101621,Continental,Main,Grilled Salmon,1,78.0,78.0
ORD-101622,Italian,Main,Margherita Pizza,1,45.0,45.0
ORD-101622,Italian,Side,Garlic Bread,1,18.0,18.0
ORD-101623,Continental,Main,Grilled Chicken with Mash,1,52.0,52.0
ORD-101623,Continental,Main,Grilled Chicken Burger,1,42.0,42.0
ORD-101623,Continental,Main,Grilled Salmon,1,78.0,78.0
ORD-101623,Continental,Side,French Fries,2,16.0,32.0
ORD-101623,Continental,Dessert,Chocolate Brownie,1,24.0,24.0
ORD-101624,Continental,Main,Grilled Salmon,1,78.0,78.0
ORD-101625,Arabic,Main,Lamb Mandi,1,62.0,62.0
ORD-101625,Continental,Main,Fish and Chips,1,50.0,50.0
ORD-101625,Arabic,Side,Arabic Rice,2,12.0,24.0
ORD-101626,Continental,Main,Grilled Chicken with Mash,1,52.0,52.0
ORD-101626,Continental,Dessert,Chocolate Brownie,1,24.0,24.0
ORD-101627,Chinese,Main,Kung Pao Chicken,1,44.0,44.0
ORD-101627,Chinese,Dessert,Mango Pudding,1,20.0,20.0
ORD-101628,Continental,Main,Grilled Salmon,1,78.0,78.0
ORD-101628,Continental,Main,Fish and Chips,2,50.0,100.0
ORD-101629,Continental,Main,Grilled Salmon,1,78.0,78.0
ORD-101629,Continental,Starter,Chicken Wings,1,34.0,34.0
ORD-101629,Continental,Side,French Fries,1,16.0,16.0
ORD-101630,Arabic,Main,Lamb Mandi,1,62.0,62.0
ORD-101630,Arabic,Main,Mixed Grill,1,75.0,75.0
ORD-101630,Arabic,Starter,Hummus,1,22.0,22.0
ORD-101630,Arabic,Side,Arabic Rice,2,12.0,24.0
ORD-101630,Arabic,Beverage,Mint Lemonade,1,18.0,18.0
ORD-101631,Continental,Main,Grilled Salmon,1,78.0,78.0
ORD-101632,Arabic,Main,Chicken Shawarma Plate,1,38.0,38.0
ORD-101632,Arabic,Main,Chicken Machboos,1,48.0,48.0
ORD-101632,Arabic,Main,Falafel Wrap,1,22.0,22.0
ORD-101632,Arabic,Starter,Mutabbal,1,22.0,22.0
ORD-101632,Arabic,Beverage,Mint Lemonade,2,18.0,36.0
ORD-101633,Continental,Main,Classic Beef Burger,1,48.0,48.0
ORD-101633,Continental,Main,Fish and Chips,1,50.0,50.0
ORD-101634,Continental,Main,Grilled Salmon,1,78.0,78.0
ORD-101635,Italian,Main,Penne Arrabbiata,1,42.0,42.0
ORD-101635,Italian,Starter,Bruschetta,1,26.0,26.0
ORD-101636,Continental,Main,Grilled Salmon,1,78.0,78.0
ORD-101636,Continental,Starter,Soup of the Day,1,22.0,22.0
ORD-101636,Continental,Side,French Fries,1,16.0,16.0
ORD-101637,Arabic,Main,Mixed Grill,1,75.0,75.0
ORD-101637,Arabic,Main,Falafel Wrap,1,22.0,22.0
ORD-101637,Arabic,Side,Arabic Rice,2,12.0,24.0
ORD-101638,Arabic,Main,Lamb Mandi,2,62.0,124.0
ORD-101638,Arabic,Beverage,Mint Lemonade,2,18.0,36.0
ORD-101639,Arabic,Main,Chicken Shawarma Plate,1,38.0,38.0
ORD-101640,Italian,Main,Margherita Pizza,1,45.0,45.0
ORD-101640,Italian,Dessert,Tiramisu,1,30.0,30.0
ORD-101640,Italian,Beverage,Italian Lemon Soda,1,18.0,18.0
ORD-101641,Indian,Main,Butter Chicken,1,45.0,45.0
ORD-101641,Indian,Main,Dal Makhani,1,32.0,32.0
ORD-101642,Indian,Main,Chicken Biryani,1,42.0,42.0
ORD-101642,Indian,Main,Butter Chicken,1,45.0,45.0
ORD-101642,Indian,Side,Jeera Rice,1,14.0,14.0
ORD-101643,Continental,Main,Grilled Salmon,1,78.0,78.0
ORD-101643,Continental,Main,Classic Beef Burger,1,48.0,48.0
ORD-101644,Continental,Main,Classic Beef Burger,1,48.0,48.0
ORD-101645,Arabic,Main,Chicken Shawarma Plate,1,38.0,38.0
ORD-101645,Arabic,Starter,Fattoush,1,24.0,24.0
ORD-101645,Arabic,Side,Arabic Rice,1,12.0,12.0
ORD-101646,Arabic,Main,Chicken Shawarma Plate,2,38.0,76.0
ORD-101646,Arabic,Starter,Hummus,1,22.0,22.0
ORD-101647,Arabic,Main,Chicken Machboos,1,48.0,48.0
ORD-101647,Chinese,Starter,Spring Rolls,1,22.0,22.0
ORD-101647,Arabic,Side,Arabic Rice,1,12.0,12.0
ORD-101647,Arabic,Beverage,Mint Lemonade,1,18.0,18.0
ORD-101648,Arabic,Main,Falafel Wrap,1,22.0,22.0
ORD-101648,Arabic,Main,Chicken Shawarma Plate,1,38.0,38.0
ORD-101648,Arabic,Starter,Hummus,1,22.0,22.0
ORD-101648,Arabic,Dessert,Kunafa,1,28.0,28.0
ORD-101648,Arabic,Beverage,Mint Lemonade,2,18.0,36.0
ORD-101649,Arabic,Main,Lamb Mandi,1,62.0,62.0
ORD-101649,Arabic,Main,Chicken Machboos,1,48.0,48.0
ORD-101649,Arabic,Main,Mixed Grill,1,75.0,75.0
ORD-101649,Arabic,Starter,Hummus,1,22.0,22.0
ORD-101650,Continental,Main,Grilled Chicken with Mash,1,52.0,52.0
ORD-101650,Continental,Starter,Soup of the Day,1,22.0,22.0
ORD-101651,Arabic,Main,Chicken Shawarma Plate,1,38.0,38.0
ORD-101651,Arabic,Starter,Hummus,1,22.0,22.0
ORD-101651,Arabic,Beverage,Mint Lemonade,1,18.0,18.0
ORD-101652,Italian,Main,Margherita Pizza,1,45.0,45.0
ORD-101652,Italian,Main,Fettuccine Alfredo,1,48.0,48.0
ORD-101652,Italian,Main,Pepperoni Pizza,1,52.0,52.0
ORD-101653,Continental,Main,Grilled Chicken Burger,1,42.0,42.0
ORD-101653,Arabic,Main,Chicken Shawarma Plate,1,38.0,38.0
ORD-101653,Continental,Beverage,Chocolate Milkshake,1,22.0,22.0
ORD-101654,Continental,Main,Classic Beef Burger,1,48.0,48.0
ORD-101654,Continental,Main,Fish and Chips,1,50.0,50.0
ORD-101654,Continental,Starter,Chicken Wings,1,34.0,34.0
ORD-101654,Continental,Side,French Fries,2,16.0,32.0
ORD-101654,Indian,Beverage,Mango Lassi,2,16.0,32.0
ORD-101655,Arabic,Main,Chicken Shawarma Plate,1,38.0,38.0
ORD-101655,Arabic,Main,Chicken Machboos,1,48.0,48.0
ORD-101655,Arabic,Starter,Hummus,1,22.0,22.0
ORD-101656,Indian,Main,Mutton Biryani,1,52.0,52.0
ORD-101656,Italian,Starter,Caesar Salad,1,32.0,32.0
ORD-101656,Indian,Side,Jeera Rice,1,14.0,14.0
ORD-101656,Indian,Beverage,Mango Lassi,1,16.0,16.0
ORD-101657,Chinese,Main,Chicken Fried Rice,1,34.0,34.0
ORD-101658,Arabic,Main,Lamb Mandi,1,62.0,62.0
ORD-101658,Arabic,Starter,Hummus,1,22.0,22.0
ORD-101658,Arabic,Dessert,Umm Ali,1,26.0,26.0
ORD-101658,Arabic,Beverage,Mint Lemonade,1,18.0,18.0
ORD-101659,Italian,Main,Margherita Pizza,1,45.0,45.0
ORD-101660,Arabic,Main,Mixed Grill,1,75.0,75.0
ORD-101660,Arabic,Main,Lamb Mandi,1,62.0,62.0
ORD-101660,Arabic,Starter,Hummus,1,22.0,22.0
ORD-101660,Arabic,Dessert,Umm Ali,1,26.0,26.0
ORD-101660,Arabic,Beverage,Mint Lemonade,2,18.0,36.0
ORD-101661,Indian,Main,Butter Chicken,2,45.0,90.0
ORD-101661,Indian,Main,Palak Paneer,1,34.0,34.0
ORD-101661,Indian,Side,Garlic Naan,3,8.0,24.0
ORD-101661,Indian,Beverage,Mango Lassi,3,16.0,48.0
ORD-101662,Continental,Main,Grilled Chicken with Mash,1,52.0,52.0
ORD-101662,Continental,Main,Grilled Chicken Burger,1,42.0,42.0
ORD-101662,Italian,Starter,Bruschetta,1,26.0,26.0
ORD-101663,Indian,Main,Dal Makhani,1,32.0,32.0
ORD-101664,Italian,Main,Margherita Pizza,1,45.0,45.0
ORD-101664,Italian,Starter,Caesar Salad,1,32.0,32.0
ORD-101664,Italian,Beverage,Italian Lemon Soda,1,18.0,18.0
ORD-101665,Italian,Main,Margherita Pizza,1,45.0,45.0
ORD-101666,Italian,Main,Pepperoni Pizza,1,52.0,52.0
ORD-101666,Italian,Main,Margherita Pizza,1,45.0,45.0
ORD-101667,Indian,Main,Chicken Biryani,2,42.0,84.0
ORD-101667,Indian,Side,Jeera Rice,1,14.0,14.0
ORD-101667,Indian,Dessert,Gulab Jamun,1,18.0,18.0
ORD-101667,Indian,Beverage,Mango Lassi,2,16.0,32.0
ORD-101668,Indian,Main,Chicken Biryani,1,42.0,42.0
ORD-101668,Indian,Starter,Vegetable Samosa,1,16.0,16.0
ORD-101669,Indian,Main,Chicken Biryani,1,42.0,42.0
ORD-101669,Indian,Starter,Chicken Tikka,1,36.0,36.0
ORD-101669,Indian,Side,Jeera Rice,1,14.0,14.0
ORD-101669,Indian,Beverage,Mango Lassi,1,16.0,16.0
ORD-101670,Indian,Main,Dal Makhani,1,32.0,32.0
ORD-101670,Indian,Side,Garlic Naan,1,8.0,8.0
ORD-101671,Indian,Main,Butter Chicken,1,45.0,45.0
ORD-101671,Indian,Starter,Vegetable Samosa,1,16.0,16.0
ORD-101671,Indian,Side,Garlic Naan,1,8.0,8.0
ORD-101672,Arabic,Main,Chicken Machboos,1,48.0,48.0
ORD-101672,Arabic,Main,Lamb Mandi,1,62.0,62.0
ORD-101672,Arabic,Starter,Mutabbal,1,22.0,22.0
ORD-101673,Italian,Main,Pepperoni Pizza,1,52.0,52.0
ORD-101673,Chinese,Starter,Hot and Sour Soup,1,24.0,24.0
ORD-101674,Arabic,Main,Chicken Shawarma Plate,1,38.0,38.0
ORD-101674,Arabic,Starter,Fattoush,1,24.0,24.0
ORD-101675,Indian,Main,Dal Makhani,1,32.0,32.0
ORD-101675,Indian,Main,Butter Chicken,2,45.0,90.0
ORD-101675,Indian,Starter,Paneer Tikka,1,32.0,32.0
ORD-101675,Indian,Side,Jeera Rice,1,14.0,14.0
ORD-101676,Arabic,Main,Chicken Shawarma Plate,1,38.0,38.0
ORD-101676,Arabic,Main,Falafel Wrap,1,22.0,22.0
ORD-101676,Arabic,Main,Chicken Machboos,2,48.0,96.0
ORD-101676,Arabic,Starter,Fattoush,1,24.0,24.0
ORD-101676,Arabic,Side,Arabic Rice,3,12.0,36.0
ORD-101676,Arabic,Dessert,Umm Ali,1,26.0,26.0
ORD-101677,Indian,Main,Butter Chicken,1,45.0,45.0
ORD-101677,Indian,Main,Chicken Biryani,1,42.0,42.0
ORD-101677,Indian,Side,Garlic Naan,2,8.0,16.0
ORD-101678,Indian,Main,Butter Chicken,1,45.0,45.0
ORD-101678,Indian,Starter,Vegetable Samosa,1,16.0,16.0
ORD-101678,Indian,Side,Garlic Naan,1,8.0,8.0
ORD-101678,Indian,Beverage,Mango Lassi,1,16.0,16.0
ORD-101679,Continental,Main,Grilled Chicken with Mash,1,52.0,52.0
ORD-101679,Continental,Main,Grilled Salmon,1,78.0,78.0
ORD-101679,Continental,Main,Grilled Chicken Burger,1,42.0,42.0
ORD-101679,Continental,Starter,Chicken Wings,1,34.0,34.0
ORD-101679,Continental,Side,French Fries,1,16.0,16.0
ORD-101680,Indian,Main,Chicken Biryani,1,42.0,42.0
ORD-101680,Continental,Dessert,Chocolate Brownie,1,24.0,24.0
ORD-101680,Indian,Beverage,Mango Lassi,1,16.0,16.0
ORD-101681,Arabic,Main,Chicken Shawarma Plate,1,38.0,38.0
ORD-101681,Arabic,Starter,Fattoush,1,24.0,24.0
ORD-101681,Arabic,Dessert,Umm Ali,1,26.0,26.0
ORD-101682,Chinese,Main,Chicken Fried Rice,2,34.0,68.0
ORD-101682,Chinese,Main,Veg Hakka Noodles,1,32.0,32.0
ORD-101682,Chinese,Starter,Hot and Sour Soup,1,24.0,24.0
ORD-101683,Indian,Main,Palak Paneer,1,34.0,34.0
ORD-101683,Indian,Starter,Vegetable Samosa,1,16.0,16.0
ORD-101683,Indian,Side,Jeera Rice,1,14.0,14.0
ORD-101684,Chinese,Main,Chicken Fried Rice,1,34.0,34.0
ORD-101685,Continental,Main,Fish and Chips,1,50.0,50.0
ORD-101685,Arabic,Main,Falafel Wrap,1,22.0,22.0
ORD-101686,Continental,Main,Fish and Chips,1,50.0,50.0
ORD-101686,Continental,Starter,Chicken Wings,1,34.0,34.0
ORD-101686,Continental,Beverage,Chocolate Milkshake,1,22.0,22.0
ORD-101687,Italian,Main,Fettuccine Alfredo,1,48.0,48.0
ORD-101687,Italian,Main,Beef Lasagna,2,55.0,110.0
ORD-101687,Italian,Main,Margherita Pizza,1,45.0,45.0
ORD-101687,Italian,Starter,Caesar Salad,1,32.0,32.0
ORD-101687,Italian,Dessert,Tiramisu,1,30.0,30.0
ORD-101687,Italian,Beverage,Italian Lemon Soda,2,18.0,36.0
ORD-101688,Arabic,Main,Chicken Machboos,2,48.0,96.0
ORD-101688,Arabic,Main,Falafel Wrap,1,22.0,22.0
ORD-101688,Arabic,Starter,Fattoush,1,24.0,24.0
ORD-101688,Arabic,Beverage,Mint Lemonade,3,18.0,54.0
ORD-101689,Chinese,Main,Chicken Fried Rice,1,34.0,34.0
ORD-101689,Chinese,Side,Steamed Rice,1,10.0,10.0
ORD-101690,Indian,Main,Dal Makhani,1,32.0,32.0
ORD-101690,Indian,Starter,Vegetable Samosa,1,16.0,16.0
ORD-101690,Indian,Side,Garlic Naan,1,8.0,8.0
ORD-101691,Italian,Main,Beef Lasagna,1,55.0,55.0
ORD-101691,Italian,Beverage,Italian Lemon Soda,1,18.0,18.0
ORD-101692,Chinese,Main,Chicken Manchurian,1,38.0,38.0
ORD-101693,Indian,Main,Dal Makhani,1,32.0,32.0
ORD-101694,Continental,Main,Fish and Chips,1,50.0,50.0
ORD-101694,Continental,Dessert,New York Cheesecake,1,28.0,28.0
ORD-101694,Indian,Beverage,Mango Lassi,1,16.0,16.0
ORD-101695,Arabic,Main,Chicken Shawarma Plate,1,38.0,38.0
ORD-101696,Continental,Main,Grilled Salmon,1,78.0,78.0
ORD-101696,Continental,Starter,Chicken Wings,1,34.0,34.0
ORD-101696,Continental,Side,French Fries,1,16.0,16.0
ORD-101696,Continental,Dessert,Chocolate Brownie,1,24.0,24.0
ORD-101697,Arabic,Main,Mixed Grill,1,75.0,75.0
ORD-101697,Arabic,Side,Arabic Rice,1,12.0,12.0
ORD-101698,Arabic,Main,Mixed Grill,1,75.0,75.0
ORD-101698,Arabic,Main,Chicken Machboos,1,48.0,48.0
ORD-101698,Arabic,Main,Falafel Wrap,1,22.0,22.0
ORD-101698,Arabic,Starter,Hummus,1,22.0,22.0
ORD-101699,Indian,Main,Mutton Biryani,1,52.0,52.0
ORD-101700,Italian,Main,Margherita Pizza,1,45.0,45.0
ORD-101701,Italian,Main,Fettuccine Alfredo,1,48.0,48.0
ORD-101701,Italian,Starter,Bruschetta,1,26.0,26.0
ORD-101701,Italian,Dessert,Tiramisu,1,30.0,30.0
ORD-101702,Italian,Main,Fettuccine Alfredo,2,48.0,96.0
ORD-101702,Italian,Main,Pepperoni Pizza,1,52.0,52.0
ORD-101702,Italian,Starter,Bruschetta,1,26.0,26.0
ORD-101703,Indian,Main,Chicken Biryani,1,42.0,42.0
ORD-101703,Indian,Main,Mutton Biryani,1,52.0,52.0
ORD-101703,Indian,Starter,Chicken Tikka,1,36.0,36.0
ORD-101703,Indian,Side,Garlic Naan,2,8.0,16.0
ORD-101703,Indian,Beverage,Mango Lassi,1,16.0,16.0
ORD-101704,Chinese,Main,Veg Hakka Noodles,1,32.0,32.0
ORD-101704,Chinese,Main,Chicken Fried Rice,1,34.0,34.0
ORD-101704,Chinese,Beverage,Jasmine Tea,2,12.0,24.0
ORD-101705,Arabic,Main,Mixed Grill,1,75.0,75.0
ORD-101705,Arabic,Starter,Hummus,1,22.0,22.0
ORD-101706,Continental,Main,Grilled Salmon,1,78.0,78.0
ORD-101706,Continental,Main,Grilled Chicken Burger,1,42.0,42.0
ORD-101706,Continental,Main,Grilled Chicken with Mash,1,52.0,52.0
ORD-101706,Continental,Starter,Soup of the Day,1,22.0,22.0
ORD-101706,Continental,Side,French Fries,1,16.0,16.0
ORD-101706,Continental,Beverage,Chocolate Milkshake,3,22.0,66.0
ORD-101707,Indian,Main,Chicken Biryani,1,42.0,42.0
ORD-101707,Indian,Starter,Vegetable Samosa,1,16.0,16.0
ORD-101707,Indian,Side,Jeera Rice,1,14.0,14.0
ORD-101707,Indian,Dessert,Gulab Jamun,1,18.0,18.0
ORD-101708,Indian,Main,Chicken Biryani,2,42.0,84.0
ORD-101708,Indian,Starter,Vegetable Samosa,1,16.0,16.0
ORD-101708,Indian,Side,Garlic Naan,2,8.0,16.0
ORD-101708,Indian,Beverage,Mango Lassi,1,16.0,16.0
ORD-101709,Arabic,Main,Falafel Wrap,2,22.0,44.0
ORD-101709,Arabic,Main,Chicken Machboos,1,48.0,48.0
ORD-101709,Arabic,Starter,Fattoush,1,24.0,24.0
ORD-101709,Arabic,Dessert,Kunafa,1,28.0,28.0
ORD-101710,Chinese,Main,Chicken Fried Rice,1,34.0,34.0
ORD-101711,Italian,Main,Fettuccine Alfredo,2,48.0,96.0
ORD-101711,Italian,Starter,Bruschetta,1,26.0,26.0
ORD-101711,Italian,Side,Garlic Bread,2,18.0,36.0
ORD-101712,Indian,Main,Mutton Biryani,1,52.0,52.0
ORD-101712,Indian,Main,Butter Chicken,1,45.0,45.0
ORD-101712,Indian,Starter,Chicken Tikka,1,36.0,36.0
ORD-101712,Indian,Beverage,Mango Lassi,2,16.0,32.0
ORD-101713,Indian,Main,Palak Paneer,1,34.0,34.0
ORD-101713,Indian,Side,Jeera Rice,1,14.0,14.0
ORD-101713,Chinese,Beverage,Jasmine Tea,1,12.0,12.0
ORD-101714,Arabic,Main,Chicken Machboos,1,48.0,48.0
ORD-101714,Arabic,Side,Arabic Rice,1,12.0,12.0
ORD-101714,Chinese,Beverage,Jasmine Tea,1,12.0,12.0
ORD-101715,Italian,Main,Fettuccine Alfredo,1,48.0,48.0
ORD-101715,Italian,Starter,Bruschetta,1,26.0,26.0
ORD-101715,Italian,Side,Garlic Bread,1,18.0,18.0
ORD-101715,Italian,Beverage,Italian Lemon Soda,1,18.0,18.0
ORD-101716,Chinese,Main,Chicken Manchurian,1,38.0,38.0
ORD-101716,Chinese,Main,Chicken Fried Rice,1,34.0,34.0
ORD-101716,Chinese,Beverage,Jasmine Tea,2,12.0,24.0
ORD-101717,Italian,Main,Beef Lasagna,1,55.0,55.0
ORD-101717,Italian,Starter,Bruschetta,1,26.0,26.0
ORD-101717,Italian,Beverage,Italian Lemon Soda,1,18.0,18.0
ORD-101718,Arabic,Main,Chicken Shawarma Plate,2,38.0,76.0
ORD-101718,Arabic,Main,Lamb Mandi,1,62.0,62.0
ORD-101719,Continental,Main,Grilled Chicken Burger,1,42.0,42.0
ORD-101719,Continental,Starter,Chicken Wings,1,34.0,34.0
ORD-101719,Continental,Beverage,Chocolate Milkshake,1,22.0,22.0
ORD-101720,Indian,Main,Butter Chicken,1,45.0,45.0
ORD-101720,Indian,Side,Jeera Rice,1,14.0,14.0
ORD-101721,Continental,Main,Fish and Chips,1,50.0,50.0
ORD-101722,Arabic,Main,Chicken Shawarma Plate,1,38.0,38.0
ORD-101722,Arabic,Main,Falafel Wrap,1,22.0,22.0
ORD-101722,Arabic,Main,Mixed Grill,1,75.0,75.0
ORD-101722,Arabic,Starter,Fattoush,1,24.0,24.0
ORD-101722,Arabic,Dessert,Kunafa,1,28.0,28.0
ORD-101723,Continental,Main,Classic Beef Burger,1,48.0,48.0
ORD-101724,Chinese,Main,Veg Hakka Noodles,1,32.0,32.0
ORD-101724,Chinese,Starter,Chicken Dim Sum,1,34.0,34.0
ORD-101725,Chinese,Main,Chicken Fried Rice,1,34.0,34.0
ORD-101725,Chinese,Main,Chicken Manchurian,1,38.0,38.0
ORD-101725,Chinese,Side,Steamed Rice,2,10.0,20.0
ORD-101725,Chinese,Dessert,Mango Pudding,1,20.0,20.0
ORD-101725,Chinese,Beverage,Jasmine Tea,2,12.0,24.0
ORD-101726,Indian,Main,Chicken Biryani,2,42.0,84.0
ORD-101726,Indian,Main,Palak Paneer,1,34.0,34.0
ORD-101726,Indian,Starter,Vegetable Samosa,1,16.0,16.0
ORD-101726,Indian,Side,Garlic Naan,2,8.0,16.0
ORD-101726,Indian,Beverage,Mango Lassi,3,16.0,48.0
ORD-101727,Italian,Main,Fettuccine Alfredo,1,48.0,48.0
ORD-101727,Italian,Main,Margherita Pizza,1,45.0,45.0
ORD-101727,Italian,Main,Pepperoni Pizza,1,52.0,52.0
ORD-101727,Italian,Side,Garlic Bread,2,18.0,36.0
ORD-101727,Italian,Dessert,Tiramisu,1,30.0,30.0
ORD-101727,Italian,Beverage,Italian Lemon Soda,3,18.0,54.0
ORD-101728,Italian,Main,Beef Lasagna,1,55.0,55.0
ORD-101728,Italian,Starter,Bruschetta,1,26.0,26.0
ORD-101728,Italian,Beverage,Italian Lemon Soda,1,18.0,18.0
ORD-101729,Chinese,Main,Chicken Manchurian,1,38.0,38.0
ORD-101729,Chinese,Starter,Chicken Dim Sum,1,34.0,34.0
ORD-101729,Chinese,Side,Steamed Rice,1,10.0,10.0
ORD-101730,Arabic,Main,Chicken Machboos,1,48.0,48.0
ORD-101730,Arabic,Starter,Hummus,1,22.0,22.0
ORD-101731,Italian,Main,Margherita Pizza,1,45.0,45.0
ORD-101731,Italian,Main,Pepperoni Pizza,1,52.0,52.0
ORD-101731,Italian,Beverage,Italian Lemon Soda,2,18.0,36.0
ORD-101732,Chinese,Main,Veg Hakka Noodles,2,32.0,64.0
ORD-101732,Chinese,Starter,Hot and Sour Soup,1,24.0,24.0
ORD-101732,Chinese,Dessert,Mango Pudding,1,20.0,20.0
ORD-101733,Continental,Main,Grilled Chicken Burger,1,42.0,42.0
ORD-101733,Chinese,Main,Chicken Manchurian,1,38.0,38.0
ORD-101733,Chinese,Starter,Hot and Sour Soup,1,24.0,24.0
ORD-101733,Continental,Dessert,Chocolate Brownie,1,24.0,24.0
ORD-101734,Continental,Main,Grilled Chicken Burger,1,42.0,42.0
ORD-101734,Continental,Side,French Fries,1,16.0,16.0
ORD-101735,Continental,Main,Fish and Chips,1,50.0,50.0
ORD-101735,Continental,Starter,Chicken Wings,1,34.0,34.0
ORD-101736,Indian,Main,Dal Makhani,1,32.0,32.0
ORD-101736,Indian,Side,Jeera Rice,1,14.0,14.0
ORD-101736,Indian,Dessert,Gulab Jamun,1,18.0,18.0
ORD-101737,Arabic,Main,Lamb Mandi,2,62.0,124.0
ORD-101737,Arabic,Side,Arabic Rice,2,12.0,24.0
ORD-101737,Italian,Beverage,Italian Lemon Soda,1,18.0,18.0
ORD-101738,Italian,Main,Fettuccine Alfredo,1,48.0,48.0
ORD-101738,Italian,Main,Margherita Pizza,1,45.0,45.0
ORD-101738,Italian,Dessert,Tiramisu,1,30.0,30.0
ORD-101738,Italian,Beverage,Italian Lemon Soda,1,18.0,18.0
ORD-101739,Indian,Main,Dal Makhani,1,32.0,32.0
ORD-101739,Indian,Main,Palak Paneer,2,34.0,68.0
ORD-101739,Indian,Starter,Vegetable Samosa,1,16.0,16.0
ORD-101739,Indian,Dessert,Gulab Jamun,1,18.0,18.0
ORD-101739,Indian,Beverage,Mango Lassi,3,16.0,48.0
ORD-101740,Indian,Main,Butter Chicken,1,45.0,45.0
ORD-101740,Indian,Starter,Chicken Tikka,1,36.0,36.0
ORD-101740,Indian,Beverage,Mango Lassi,1,16.0,16.0
ORD-101741,Continental,Main,Grilled Salmon,1,78.0,78.0
ORD-101741,Continental,Main,Fish and Chips,1,50.0,50.0
ORD-101741,Continental,Dessert,Chocolate Brownie,1,24.0,24.0
ORD-101741,Continental,Beverage,Chocolate Milkshake,1,22.0,22.0
ORD-101742,Continental,Main,Grilled Chicken with Mash,1,52.0,52.0
ORD-101742,Continental,Starter,Chicken Wings,1,34.0,34.0
ORD-101742,Continental,Dessert,New York Cheesecake,1,28.0,28.0
ORD-101743,Chinese,Main,Chicken Fried Rice,1,34.0,34.0
ORD-101744,Indian,Main,Chicken Biryani,1,42.0,42.0
ORD-101744,Indian,Main,Dal Makhani,1,32.0,32.0
ORD-101744,Indian,Starter,Paneer Tikka,1,32.0,32.0
ORD-101744,Indian,Side,Garlic Naan,2,8.0,16.0
ORD-101745,Continental,Main,Grilled Salmon,1,78.0,78.0
ORD-101745,Continental,Starter,Chicken Wings,1,34.0,34.0
ORD-101745,Continental,Beverage,Chocolate Milkshake,1,22.0,22.0
ORD-101746,Indian,Main,Palak Paneer,1,34.0,34.0
ORD-101746,Indian,Main,Chicken Biryani,2,42.0,84.0
ORD-101746,Indian,Starter,Vegetable Samosa,1,16.0,16.0
ORD-101746,Indian,Side,Garlic Naan,2,8.0,16.0
ORD-101746,Indian,Dessert,Gulab Jamun,1,18.0,18.0
ORD-101747,Chinese,Main,Veg Hakka Noodles,1,32.0,32.0
ORD-101747,Chinese,Starter,Spring Rolls,1,22.0,22.0
ORD-101748,Chinese,Main,Chicken Fried Rice,1,34.0,34.0
ORD-101749,Indian,Main,Butter Chicken,1,45.0,45.0
ORD-101749,Indian,Main,Mutton Biryani,1,52.0,52.0
ORD-101749,Indian,Main,Palak Paneer,1,34.0,34.0
ORD-101749,Indian,Beverage,Mango Lassi,3,16.0,48.0
ORD-101750,Indian,Main,Mutton Biryani,1,52.0,52.0
ORD-101750,Indian,Side,Garlic Naan,1,8.0,8.0
ORD-101751,Indian,Main,Butter Chicken,1,45.0,45.0
ORD-101751,Indian,Starter,Chicken Tikka,1,36.0,36.0
ORD-101751,Indian,Beverage,Mango Lassi,1,16.0,16.0
ORD-101752,Continental,Main,Classic Beef Burger,1,48.0,48.0
ORD-101752,Continental,Main,Grilled Chicken with Mash,1,52.0,52.0
ORD-101753,Indian,Main,Dal Makhani,2,32.0,64.0
ORD-101753,Indian,Side,Garlic Naan,2,8.0,16.0
ORD-101753,Indian,Beverage,Mango Lassi,2,16.0,32.0
ORD-101754,Chinese,Main,Chicken Fried Rice,1,34.0,34.0
ORD-101754,Indian,Starter,Paneer Tikka,1,32.0,32.0
ORD-101754,Chinese,Dessert,Mango Pudding,1,20.0,20.0
ORD-101755,Indian,Main,Palak Paneer,1,34.0,34.0
ORD-101755,Indian,Starter,Vegetable Samosa,1,16.0,16.0
ORD-101755,Indian,Side,Garlic Naan,1,8.0,8.0
ORD-101755,Indian,Beverage,Mango Lassi,1,16.0,16.0
ORD-101756,Continental,Main,Classic Beef Burger,1,48.0,48.0
ORD-101756,Continental,Main,Grilled Chicken Burger,1,42.0,42.0
ORD-101756,Continental,Starter,Soup of the Day,1,22.0,22.0
ORD-101756,Continental,Dessert,Chocolate Brownie,1,24.0,24.0
ORD-101756,Continental,Beverage,Chocolate Milkshake,2,22.0,44.0
ORD-101757,Italian,Main,Penne Arrabbiata,1,42.0,42.0
ORD-101757,Italian,Beverage,Italian Lemon Soda,1,18.0,18.0
ORD-101758,Indian,Main,Chicken Biryani,1,42.0,42.0
ORD-101758,Indian,Starter,Paneer Tikka,1,32.0,32.0
ORD-101758,Indian,Side,Jeera Rice,1,14.0,14.0
ORD-101759,Italian,Main,Fettuccine Alfredo,2,48.0,96.0
ORD-101759,Italian,Side,Garlic Bread,2,18.0,36.0
ORD-101759,Italian,Beverage,Italian Lemon Soda,2,18.0,36.0
ORD-101760,Continental,Main,Grilled Chicken Burger,1,42.0,42.0
ORD-101760,Continental,Side,French Fries,1,16.0,16.0
ORD-101761,Chinese,Main,Veg Hakka Noodles,1,32.0,32.0
ORD-101761,Italian,Beverage,Italian Lemon Soda,1,18.0,18.0
ORD-101762,Continental,Main,Classic Beef Burger,1,48.0,48.0
ORD-101762,Continental,Starter,Soup of the Day,1,22.0,22.0
ORD-101762,Continental,Side,French Fries,1,16.0,16.0
ORD-101762,Continental,Dessert,Chocolate Brownie,1,24.0,24.0
ORD-101762,Italian,Beverage,Italian Lemon Soda,1,18.0,18.0
ORD-101763,Indian,Main,Butter Chicken,1,45.0,45.0
ORD-101763,Indian,Side,Jeera Rice,1,14.0,14.0
ORD-101763,Indian,Dessert,Gulab Jamun,1,18.0,18.0
ORD-101763,Indian,Beverage,Mango Lassi,1,16.0,16.0
ORD-101764,Continental,Main,Fish and Chips,1,50.0,50.0
ORD-101764,Continental,Side,French Fries,1,16.0,16.0
ORD-101764,Continental,Dessert,Chocolate Brownie,1,24.0,24.0
ORD-101765,Indian,Main,Butter Chicken,1,45.0,45.0
ORD-101765,Continental,Starter,Chicken Wings,1,34.0,34.0
ORD-101765,Indian,Side,Jeera Rice,1,14.0,14.0
ORD-101766,Indian,Main,Chicken Biryani,1,42.0,42.0
ORD-101766,Indian,Main,Mutton Biryani,1,52.0,52.0
ORD-101766,Indian,Side,Jeera Rice,1,14.0,14.0
ORD-101766,Indian,Beverage,Mango Lassi,2,16.0,32.0
ORD-101767,Indian,Main,Dal Makhani,1,32.0,32.0
ORD-101767,Indian,Side,Garlic Naan,1,8.0,8.0
ORD-101768,Indian,Main,Chicken Biryani,1,42.0,42.0
ORD-101768,Indian,Starter,Paneer Tikka,1,32.0,32.0
ORD-101768,Indian,Side,Jeera Rice,1,14.0,14.0
ORD-101768,Indian,Dessert,Gulab Jamun,1,18.0,18.0
ORD-101769,Italian,Main,Penne Arrabbiata,1,42.0,42.0
ORD-101769,Chinese,Main,Chicken Manchurian,1,38.0,38.0
ORD-101769,Chinese,Main,Chicken Fried Rice,1,34.0,34.0
ORD-101769,Italian,Starter,Bruschetta,1,26.0,26.0
ORD-101770,Chinese,Main,Kung Pao Chicken,1,44.0,44.0
ORD-101770,Chinese,Main,Veg Hakka Noodles,1,32.0,32.0
ORD-101770,Indian,Main,Dal Makhani,1,32.0,32.0
ORD-101770,Chinese,Side,Steamed Rice,1,10.0,10.0
ORD-101771,Indian,Main,Butter Chicken,2,45.0,90.0
ORD-101771,Indian,Main,Chicken Biryani,1,42.0,42.0
ORD-101771,Indian,Starter,Paneer Tikka,1,32.0,32.0
ORD-101771,Indian,Side,Garlic Naan,3,8.0,24.0
ORD-101772,Chinese,Main,Kung Pao Chicken,1,44.0,44.0
ORD-101772,Chinese,Starter,Hot and Sour Soup,1,24.0,24.0
ORD-101773,Indian,Main,Mutton Biryani,1,52.0,52.0
ORD-101773,Indian,Main,Chicken Biryani,1,42.0,42.0
ORD-101773,Indian,Side,Jeera Rice,1,14.0,14.0
ORD-101773,Indian,Dessert,Gulab Jamun,1,18.0,18.0
ORD-101773,Italian,Beverage,Italian Lemon Soda,1,18.0,18.0
ORD-101774,Indian,Main,Dal Makhani,1,32.0,32.0
ORD-101774,Indian,Side,Garlic Naan,1,8.0,8.0
ORD-101774,Indian,Beverage,Mango Lassi,1,16.0,16.0
ORD-101775,Continental,Main,Classic Beef Burger,2,48.0,96.0
ORD-101775,Continental,Starter,Soup of the Day,1,22.0,22.0
ORD-101775,Continental,Beverage,Chocolate Milkshake,2,22.0,44.0
ORD-101776,Arabic,Main,Mixed Grill,1,75.0,75.0
ORD-101777,Arabic,Main,Chicken Shawarma Plate,1,38.0,38.0
ORD-101777,Arabic,Starter,Mutabbal,1,22.0,22.0
ORD-101777,Arabic,Dessert,Umm Ali,1,26.0,26.0
ORD-101777,Arabic,Beverage,Mint Lemonade,1,18.0,18.0
ORD-101778,Chinese,Main,Kung Pao Chicken,1,44.0,44.0
ORD-101778,Chinese,Starter,Hot and Sour Soup,1,24.0,24.0
ORD-101778,Chinese,Dessert,Mango Pudding,1,20.0,20.0
ORD-101779,Continental,Main,Grilled Chicken Burger,1,42.0,42.0
ORD-101779,Continental,Starter,Soup of the Day,1,22.0,22.0
ORD-101779,Continental,Side,French Fries,1,16.0,16.0
ORD-101780,Continental,Main,Fish and Chips,1,50.0,50.0
ORD-101781,Italian,Main,Penne Arrabbiata,1,42.0,42.0
ORD-101781,Italian,Dessert,Tiramisu,1,30.0,30.0
ORD-101781,Italian,Beverage,Italian Lemon Soda,1,18.0,18.0
ORD-101782,Chinese,Main,Kung Pao Chicken,1,44.0,44.0
ORD-101782,Continental,Main,Classic Beef Burger,1,48.0,48.0
ORD-101782,Chinese,Dessert,Mango Pudding,1,20.0,20.0
ORD-101782,Chinese,Beverage,Jasmine Tea,1,12.0,12.0
ORD-101783,Arabic,Main,Mixed Grill,1,75.0,75.0
ORD-101783,Arabic,Starter,Hummus,1,22.0,22.0
ORD-101783,Arabic,Dessert,Kunafa,1,28.0,28.0
ORD-101784,Arabic,Main,Falafel Wrap,1,22.0,22.0
ORD-101784,Arabic,Starter,Fattoush,1,24.0,24.0
ORD-101784,Indian,Beverage,Mango Lassi,1,16.0,16.0
ORD-101785,Chinese,Main,Chicken Fried Rice,1,34.0,34.0
ORD-101785,Chinese,Starter,Spring Rolls,1,22.0,22.0
ORD-101786,Continental,Main,Grilled Chicken with Mash,1,52.0,52.0
ORD-101786,Chinese,Starter,Spring Rolls,1,22.0,22.0
ORD-101787,Italian,Main,Penne Arrabbiata,1,42.0,42.0
ORD-101787,Italian,Beverage,Italian Lemon Soda,1,18.0,18.0
ORD-101788,Continental,Main,Fish and Chips,1,50.0,50.0
ORD-101788,Continental,Main,Classic Beef Burger,1,48.0,48.0
ORD-101788,Continental,Main,Grilled Chicken Burger,1,42.0,42.0
ORD-101788,Continental,Beverage,Chocolate Milkshake,2,22.0,44.0
ORD-101789,Italian,Main,Penne Arrabbiata,1,42.0,42.0
ORD-101789,Italian,Main,Margherita Pizza,1,45.0,45.0
ORD-101789,Italian,Beverage,Italian Lemon Soda,2,18.0,36.0
ORD-101790,Arabic,Main,Chicken Shawarma Plate,1,38.0,38.0
ORD-101790,Arabic,Main,Chicken Machboos,1,48.0,48.0
ORD-101790,Arabic,Starter,Fattoush,1,24.0,24.0
ORD-101790,Arabic,Beverage,Mint Lemonade,2,18.0,36.0
ORD-101791,Indian,Main,Palak Paneer,1,34.0,34.0
ORD-101791,Indian,Main,Dal Makhani,1,32.0,32.0
ORD-101791,Indian,Main,Butter Chicken,1,45.0,45.0
ORD-101791,Indian,Starter,Vegetable Samosa,1,16.0,16.0
ORD-101791,Indian,Side,Garlic Naan,2,8.0,16.0
ORD-101791,Indian,Beverage,Mango Lassi,3,16.0,48.0
ORD-101792,Indian,Main,Mutton Biryani,1,52.0,52.0
ORD-101792,Indian,Side,Jeera Rice,1,14.0,14.0
ORD-101792,Indian,Beverage,Mango Lassi,1,16.0,16.0
ORD-101793,Arabic,Main,Chicken Shawarma Plate,1,38.0,38.0
ORD-101794,Continental,Main,Grilled Chicken with Mash,1,52.0,52.0
ORD-101795,Italian,Main,Margherita Pizza,1,45.0,45.0
ORD-101796,Chinese,Main,Chicken Manchurian,2,38.0,76.0
ORD-101796,Chinese,Main,Veg Hakka Noodles,1,32.0,32.0
ORD-101797,Continental,Main,Fish and Chips,1,50.0,50.0
ORD-101797,Continental,Beverage,Chocolate Milkshake,1,22.0,22.0
ORD-101798,Arabic,Main,Lamb Mandi,1,62.0,62.0
ORD-101798,Arabic,Starter,Fattoush,1,24.0,24.0
ORD-101798,Arabic,Side,Arabic Rice,1,12.0,12.0
ORD-101798,Arabic,Dessert,Kunafa,1,28.0,28.0
ORD-101799,Italian,Main,Beef Lasagna,1,55.0,55.0
ORD-101800,Continental,Main,Classic Beef Burger,1,48.0,48.0
ORD-101800,Continental,Starter,Chicken Wings,1,34.0,34.0
ORD-101800,Continental,Beverage,Chocolate Milkshake,1,22.0,22.0
ORD-101801,Arabic,Main,Mixed Grill,1,75.0,75.0
ORD-101801,Italian,Beverage,Italian Lemon Soda,1,18.0,18.0
ORD-101802,Continental,Main,Classic Beef Burger,1,48.0,48.0
ORD-101802,Continental,Side,French Fries,1,16.0,16.0
ORD-101803,Arabic,Main,Chicken Shawarma Plate,2,38.0,76.0
ORD-101803,Arabic,Main,Falafel Wrap,1,22.0,22.0
ORD-101804,Continental,Main,Fish and Chips,1,50.0,50.0
ORD-101804,Continental,Starter,Chicken Wings,1,34.0,34.0
ORD-101804,Continental,Beverage,Chocolate Milkshake,1,22.0,22.0
ORD-101805,Indian,Main,Palak Paneer,1,34.0,34.0
ORD-101805,Indian,Side,Garlic Naan,1,8.0,8.0
ORD-101806,Continental,Main,Grilled Salmon,1,78.0,78.0
ORD-101806,Continental,Side,French Fries,1,16.0,16.0
ORD-101806,Continental,Beverage,Chocolate Milkshake,1,22.0,22.0
ORD-101807,Chinese,Main,Chicken Fried Rice,1,34.0,34.0
ORD-101807,Chinese,Main,Veg Hakka Noodles,1,32.0,32.0
ORD-101807,Chinese,Starter,Spring Rolls,1,22.0,22.0
ORD-101807,Chinese,Beverage,Jasmine Tea,2,12.0,24.0
ORD-101808,Continental,Main,Fish and Chips,1,50.0,50.0
ORD-101808,Continental,Side,French Fries,1,16.0,16.0
ORD-101809,Chinese,Main,Szechuan Beef,1,52.0,52.0
ORD-101809,Chinese,Dessert,Mango Pudding,1,20.0,20.0
ORD-101810,Arabic,Main,Mixed Grill,1,75.0,75.0
ORD-101811,Italian,Main,Pepperoni Pizza,1,52.0,52.0
ORD-101811,Italian,Starter,Caesar Salad,1,32.0,32.0
ORD-101812,Arabic,Main,Falafel Wrap,1,22.0,22.0
ORD-101812,Arabic,Dessert,Umm Ali,1,26.0,26.0
ORD-101813,Continental,Main,Classic Beef Burger,1,48.0,48.0
ORD-101814,Arabic,Main,Chicken Shawarma Plate,1,38.0,38.0
ORD-101814,Arabic,Side,Arabic Rice,1,12.0,12.0
ORD-101815,Arabic,Main,Chicken Shawarma Plate,1,38.0,38.0
ORD-101815,Arabic,Beverage,Mint Lemonade,1,18.0,18.0
ORD-101816,Indian,Main,Palak Paneer,2,34.0,68.0
ORD-101816,Indian,Main,Chicken Biryani,1,42.0,42.0
ORD-101817,Indian,Main,Palak Paneer,1,34.0,34.0
ORD-101817,Indian,Starter,Vegetable Samosa,1,16.0,16.0
ORD-101817,Indian,Side,Garlic Naan,1,8.0,8.0
ORD-101817,Indian,Beverage,Mango Lassi,1,16.0,16.0
ORD-101818,Continental,Main,Classic Beef Burger,1,48.0,48.0
ORD-101818,Continental,Main,Grilled Chicken with Mash,1,52.0,52.0
ORD-101818,Continental,Starter,Chicken Wings,1,34.0,34.0
ORD-101819,Italian,Main,Fettuccine Alfredo,1,48.0,48.0
ORD-101819,Italian,Main,Penne Arrabbiata,1,42.0,42.0
ORD-101819,Italian,Starter,Bruschetta,1,26.0,26.0
ORD-101820,Arabic,Main,Lamb Mandi,1,62.0,62.0
ORD-101820,Arabic,Main,Falafel Wrap,1,22.0,22.0
ORD-101820,Arabic,Side,Arabic Rice,2,12.0,24.0
ORD-101821,Indian,Main,Chicken Biryani,1,42.0,42.0
ORD-101821,Indian,Starter,Paneer Tikka,1,32.0,32.0
ORD-101821,Indian,Side,Garlic Naan,1,8.0,8.0
ORD-101821,Indian,Beverage,Mango Lassi,1,16.0,16.0
ORD-101822,Indian,Main,Palak Paneer,1,34.0,34.0
ORD-101822,Indian,Starter,Chicken Tikka,1,36.0,36.0
ORD-101822,Indian,Side,Garlic Naan,1,8.0,8.0
ORD-101822,Indian,Dessert,Gulab Jamun,1,18.0,18.0
ORD-101822,Indian,Beverage,Mango Lassi,1,16.0,16.0
ORD-101823,Continental,Main,Grilled Chicken Burger,1,42.0,42.0
ORD-101823,Continental,Dessert,Chocolate Brownie,1,24.0,24.0
ORD-101823,Continental,Beverage,Chocolate Milkshake,1,22.0,22.0
ORD-101824,Arabic,Main,Lamb Mandi,1,62.0,62.0
ORD-101824,Arabic,Side,Arabic Rice,1,12.0,12.0
ORD-101825,Italian,Main,Pepperoni Pizza,1,52.0,52.0
ORD-101825,Italian,Main,Penne Arrabbiata,1,42.0,42.0
ORD-101825,Italian,Beverage,Italian Lemon Soda,1,18.0,18.0
ORD-101826,Indian,Main,Palak Paneer,1,34.0,34.0
ORD-101826,Indian,Starter,Vegetable Samosa,1,16.0,16.0
ORD-101826,Indian,Side,Jeera Rice,1,14.0,14.0
ORD-101827,Indian,Main,Chicken Biryani,1,42.0,42.0
ORD-101827,Indian,Main,Mutton Biryani,1,52.0,52.0
ORD-101827,Indian,Side,Garlic Naan,1,8.0,8.0
ORD-101827,Indian,Beverage,Mango Lassi,2,16.0,32.0
ORD-101828,Italian,Main,Pepperoni Pizza,1,52.0,52.0
ORD-101828,Italian,Starter,Bruschetta,1,26.0,26.0
ORD-101828,Italian,Beverage,Italian Lemon Soda,1,18.0,18.0
ORD-101829,Italian,Main,Pepperoni Pizza,1,52.0,52.0
ORD-101829,Continental,Beverage,Chocolate Milkshake,1,22.0,22.0
ORD-101830,Arabic,Main,Lamb Mandi,1,62.0,62.0
ORD-101830,Arabic,Beverage,Mint Lemonade,1,18.0,18.0
ORD-101831,Arabic,Main,Chicken Machboos,1,48.0,48.0
ORD-101831,Arabic,Main,Falafel Wrap,1,22.0,22.0
ORD-101831,Arabic,Starter,Hummus,1,22.0,22.0
ORD-101831,Arabic,Side,Arabic Rice,2,12.0,24.0
ORD-101831,Arabic,Beverage,Mint Lemonade,2,18.0,36.0
ORD-101832,Continental,Main,Grilled Chicken with Mash,1,52.0,52.0
ORD-101832,Continental,Main,Fish and Chips,1,50.0,50.0
ORD-101833,Indian,Main,Butter Chicken,1,45.0,45.0
ORD-101833,Indian,Main,Chicken Biryani,1,42.0,42.0
ORD-101833,Indian,Side,Jeera Rice,2,14.0,28.0
ORD-101833,Indian,Beverage,Mango Lassi,2,16.0,32.0
ORD-101834,Italian,Main,Beef Lasagna,1,55.0,55.0
ORD-101834,Italian,Main,Fettuccine Alfredo,1,48.0,48.0
ORD-101834,Italian,Side,Garlic Bread,1,18.0,18.0
ORD-101835,Indian,Main,Butter Chicken,1,45.0,45.0
ORD-101835,Continental,Starter,Chicken Wings,1,34.0,34.0
ORD-101835,Indian,Side,Jeera Rice,1,14.0,14.0
ORD-101835,Indian,Beverage,Mango Lassi,1,16.0,16.0
ORD-101836,Arabic,Main,Chicken Machboos,1,48.0,48.0
ORD-101836,Continental,Main,Classic Beef Burger,1,48.0,48.0
ORD-101836,Arabic,Side,Arabic Rice,2,12.0,24.0
ORD-101837,Indian,Main,Dal Makhani,1,32.0,32.0
ORD-101837,Indian,Starter,Vegetable Samosa,1,16.0,16.0
ORD-101837,Indian,Dessert,Gulab Jamun,1,18.0,18.0
ORD-101838,Arabic,Main,Chicken Shawarma Plate,2,38.0,76.0
ORD-101839,Indian,Main,Butter Chicken,2,45.0,90.0
ORD-101839,Indian,Main,Palak Paneer,2,34.0,68.0
ORD-101839,Indian,Side,Garlic Naan,3,8.0,24.0
ORD-101839,Indian,Dessert,Gulab Jamun,1,18.0,18.0
ORD-101839,Indian,Beverage,Mango Lassi,4,16.0,64.0
ORD-101840,Arabic,Main,Chicken Shawarma Plate,2,38.0,76.0
ORD-101840,Arabic,Dessert,Umm Ali,1,26.0,26.0
ORD-101841,Chinese,Main,Szechuan Beef,1,52.0,52.0
ORD-101841,Arabic,Starter,Fattoush,1,24.0,24.0
ORD-101841,Chinese,Side,Steamed Rice,1,10.0,10.0
ORD-101841,Chinese,Dessert,Mango Pudding,1,20.0,20.0
ORD-101841,Chinese,Beverage,Jasmine Tea,1,12.0,12.0
ORD-101842,Arabic,Main,Chicken Machboos,1,48.0,48.0
ORD-101842,Arabic,Main,Mixed Grill,1,75.0,75.0
ORD-101843,Chinese,Main,Veg Hakka Noodles,1,32.0,32.0
ORD-101844,Continental,Main,Fish and Chips,1,50.0,50.0
ORD-101844,Continental,Starter,Chicken Wings,1,34.0,34.0
ORD-101845,Italian,Main,Beef Lasagna,1,55.0,55.0
ORD-101846,Arabic,Main,Falafel Wrap,1,22.0,22.0
ORD-101846,Arabic,Starter,Fattoush,1,24.0,24.0
ORD-101846,Arabic,Side,Arabic Rice,1,12.0,12.0
ORD-101846,Arabic,Beverage,Mint Lemonade,1,18.0,18.0
ORD-101847,Arabic,Main,Chicken Shawarma Plate,1,38.0,38.0
ORD-101847,Arabic,Main,Chicken Machboos,1,48.0,48.0
ORD-101847,Arabic,Beverage,Mint Lemonade,1,18.0,18.0
ORD-101848,Arabic,Main,Chicken Shawarma Plate,1,38.0,38.0
ORD-101848,Arabic,Starter,Fattoush,1,24.0,24.0
ORD-101849,Arabic,Main,Falafel Wrap,1,22.0,22.0
ORD-101849,Arabic,Beverage,Mint Lemonade,1,18.0,18.0
ORD-101850,Arabic,Main,Mixed Grill,1,75.0,75.0
ORD-101850,Arabic,Side,Arabic Rice,1,12.0,12.0
ORD-101850,Arabic,Beverage,Mint Lemonade,1,18.0,18.0
ORD-101851,Italian,Main,Pepperoni Pizza,1,52.0,52.0
ORD-101852,Italian,Main,Fettuccine Alfredo,1,48.0,48.0
ORD-101852,Italian,Starter,Caesar Salad,1,32.0,32.0
ORD-101853,Italian,Main,Pepperoni Pizza,2,52.0,104.0
ORD-101853,Italian,Main,Margherita Pizza,1,45.0,45.0
ORD-101853,Italian,Dessert,Tiramisu,1,30.0,30.0
ORD-101854,Chinese,Main,Chicken Manchurian,1,38.0,38.0
ORD-101855,Chinese,Main,Kung Pao Chicken,1,44.0,44.0
ORD-101855,Chinese,Dessert,Mango Pudding,1,20.0,20.0
ORD-101855,Chinese,Beverage,Jasmine Tea,1,12.0,12.0
ORD-101856,Indian,Main,Butter Chicken,1,45.0,45.0
ORD-101856,Indian,Starter,Vegetable Samosa,1,16.0,16.0
ORD-101857,Indian,Main,Palak Paneer,1,34.0,34.0
ORD-101857,Indian,Main,Dal Makhani,1,32.0,32.0
ORD-101857,Indian,Side,Jeera Rice,2,14.0,28.0
ORD-101858,Indian,Main,Mutton Biryani,1,52.0,52.0
ORD-101858,Indian,Starter,Vegetable Samosa,1,16.0,16.0
ORD-101858,Indian,Side,Jeera Rice,1,14.0,14.0
ORD-101858,Indian,Dessert,Gulab Jamun,1,18.0,18.0
ORD-101859,Arabic,Main,Lamb Mandi,1,62.0,62.0
ORD-101859,Arabic,Dessert,Umm Ali,1,26.0,26.0
ORD-101860,Arabic,Main,Chicken Shawarma Plate,1,38.0,38.0
ORD-101861,Arabic,Main,Mixed Grill,2,75.0,150.0
ORD-101861,Arabic,Starter,Hummus,1,22.0,22.0
ORD-101861,Arabic,Beverage,Mint Lemonade,1,18.0,18.0
ORD-101862,Arabic,Main,Chicken Machboos,1,48.0,48.0
ORD-101862,Chinese,Beverage,Jasmine Tea,1,12.0,12.0
ORD-101863,Indian,Main,Dal Makhani,1,32.0,32.0
ORD-101863,Indian,Starter,Paneer Tikka,1,32.0,32.0
ORD-101863,Indian,Side,Garlic Naan,1,8.0,8.0
ORD-101863,Indian,Beverage,Mango Lassi,1,16.0,16.0
ORD-101864,Indian,Main,Chicken Biryani,1,42.0,42.0
ORD-101864,Indian,Main,Palak Paneer,1,34.0,34.0
ORD-101864,Indian,Side,Jeera Rice,1,14.0,14.0
ORD-101865,Arabic,Main,Chicken Machboos,1,48.0,48.0
ORD-101865,Arabic,Starter,Hummus,1,22.0,22.0
ORD-101865,Arabic,Beverage,Mint Lemonade,1,18.0,18.0
ORD-101866,Arabic,Main,Lamb Mandi,1,62.0,62.0
ORD-101866,Arabic,Main,Mixed Grill,1,75.0,75.0
ORD-101867,Arabic,Main,Chicken Shawarma Plate,1,38.0,38.0
ORD-101867,Arabic,Main,Chicken Machboos,1,48.0,48.0
ORD-101867,Arabic,Starter,Hummus,1,22.0,22.0
ORD-101867,Arabic,Side,Arabic Rice,2,12.0,24.0
ORD-101867,Arabic,Beverage,Mint Lemonade,2,18.0,36.0
ORD-101868,Chinese,Main,Chicken Manchurian,1,38.0,38.0
ORD-101868,Chinese,Dessert,Mango Pudding,1,20.0,20.0
ORD-101869,Italian,Main,Fettuccine Alfredo,1,48.0,48.0
ORD-101869,Italian,Main,Beef Lasagna,1,55.0,55.0
ORD-101870,Arabic,Main,Chicken Machboos,1,48.0,48.0
ORD-101870,Arabic,Main,Chicken Shawarma Plate,1,38.0,38.0
ORD-101870,Arabic,Starter,Hummus,1,22.0,22.0
ORD-101871,Indian,Main,Chicken Biryani,1,42.0,42.0
ORD-101871,Indian,Side,Garlic Naan,1,8.0,8.0
ORD-101872,Chinese,Main,Chicken Manchurian,1,38.0,38.0
ORD-101872,Chinese,Starter,Hot and Sour Soup,1,24.0,24.0
ORD-101872,Chinese,Dessert,Mango Pudding,1,20.0,20.0
ORD-101872,Chinese,Beverage,Jasmine Tea,1,12.0,12.0
ORD-101873,Italian,Main,Fettuccine Alfredo,1,48.0,48.0
ORD-101873,Italian,Starter,Bruschetta,1,26.0,26.0
ORD-101873,Italian,Side,Garlic Bread,1,18.0,18.0
ORD-101874,Indian,Main,Butter Chicken,1,45.0,45.0
ORD-101874,Indian,Side,Jeera Rice,1,14.0,14.0
ORD-101875,Continental,Main,Classic Beef Burger,1,48.0,48.0
ORD-101875,Continental,Main,Fish and Chips,1,50.0,50.0
ORD-101875,Continental,Main,Grilled Salmon,1,78.0,78.0
ORD-101875,Continental,Starter,Chicken Wings,1,34.0,34.0
ORD-101875,Continental,Beverage,Chocolate Milkshake,3,22.0,66.0
ORD-101876,Indian,Main,Butter Chicken,1,45.0,45.0
ORD-101876,Indian,Main,Palak Paneer,1,34.0,34.0
ORD-101876,Indian,Starter,Paneer Tikka,1,32.0,32.0
ORD-101876,Indian,Side,Garlic Naan,2,8.0,16.0
ORD-101877,Arabic,Main,Chicken Shawarma Plate,1,38.0,38.0
ORD-101877,Arabic,Main,Lamb Mandi,2,62.0,124.0
ORD-101877,Arabic,Dessert,Kunafa,1,28.0,28.0
ORD-101877,Arabic,Beverage,Mint Lemonade,2,18.0,36.0
ORD-101878,Italian,Main,Margherita Pizza,2,45.0,90.0
ORD-101878,Italian,Main,Fettuccine Alfredo,2,48.0,96.0
ORD-101878,Italian,Starter,Bruschetta,1,26.0,26.0
ORD-101878,Italian,Beverage,Italian Lemon Soda,2,18.0,36.0
ORD-101879,Italian,Main,Margherita Pizza,1,45.0,45.0
ORD-101879,Italian,Main,Fettuccine Alfredo,1,48.0,48.0
ORD-101879,Italian,Main,Beef Lasagna,1,55.0,55.0
ORD-101879,Italian,Side,Garlic Bread,2,18.0,36.0
ORD-101880,Indian,Main,Chicken Biryani,2,42.0,84.0
ORD-101880,Indian,Main,Butter Chicken,1,45.0,45.0
ORD-101880,Indian,Starter,Paneer Tikka,1,32.0,32.0
ORD-101880,Indian,Side,Garlic Naan,1,8.0,8.0
ORD-101880,Indian,Beverage,Mango Lassi,3,16.0,48.0
ORD-101881,Continental,Main,Grilled Salmon,1,78.0,78.0
ORD-101881,Italian,Main,Fettuccine Alfredo,1,48.0,48.0
ORD-101881,Continental,Main,Fish and Chips,1,50.0,50.0
ORD-101881,Continental,Side,French Fries,1,16.0,16.0
ORD-101882,Continental,Main,Grilled Chicken with Mash,1,52.0,52.0
ORD-101882,Continental,Beverage,Chocolate Milkshake,1,22.0,22.0
ORD-101883,Arabic,Main,Lamb Mandi,1,62.0,62.0
ORD-101883,Arabic,Main,Chicken Machboos,1,48.0,48.0
ORD-101883,Arabic,Starter,Mutabbal,1,22.0,22.0
ORD-101883,Arabic,Beverage,Mint Lemonade,1,18.0,18.0
ORD-101884,Arabic,Main,Mixed Grill,1,75.0,75.0
ORD-101884,Arabic,Main,Chicken Shawarma Plate,1,38.0,38.0
ORD-101885,Indian,Main,Dal Makhani,1,32.0,32.0
ORD-101885,Indian,Side,Garlic Naan,1,8.0,8.0
ORD-101886,Continental,Main,Grilled Chicken with Mash,1,52.0,52.0
ORD-101886,Continental,Side,French Fries,1,16.0,16.0
ORD-101886,Continental,Dessert,Chocolate Brownie,1,24.0,24.0
ORD-101887,Italian,Main,Margherita Pizza,1,45.0,45.0
ORD-101887,Italian,Dessert,Tiramisu,1,30.0,30.0
ORD-101887,Italian,Beverage,Italian Lemon Soda,1,18.0,18.0
ORD-101888,Continental,Main,Grilled Chicken Burger,1,42.0,42.0
ORD-101888,Continental,Main,Classic Beef Burger,1,48.0,48.0
ORD-101889,Chinese,Main,Chicken Manchurian,2,38.0,76.0
ORD-101889,Chinese,Starter,Hot and Sour Soup,1,24.0,24.0
ORD-101890,Indian,Main,Chicken Biryani,1,42.0,42.0
ORD-101891,Chinese,Main,Veg Hakka Noodles,1,32.0,32.0
ORD-101892,Indian,Main,Butter Chicken,1,45.0,45.0
ORD-101892,Indian,Main,Chicken Biryani,1,42.0,42.0
ORD-101892,Indian,Starter,Paneer Tikka,1,32.0,32.0
ORD-101892,Indian,Side,Jeera Rice,1,14.0,14.0
ORD-101892,Indian,Beverage,Mango Lassi,2,16.0,32.0
ORD-101893,Indian,Main,Chicken Biryani,1,42.0,42.0
ORD-101893,Indian,Main,Mutton Biryani,1,52.0,52.0
ORD-101894,Chinese,Main,Chicken Fried Rice,1,34.0,34.0
ORD-101894,Chinese,Starter,Spring Rolls,1,22.0,22.0
ORD-101895,Indian,Main,Chicken Biryani,1,42.0,42.0
ORD-101895,Indian,Starter,Chicken Tikka,1,36.0,36.0
ORD-101896,Continental,Main,Grilled Chicken with Mash,1,52.0,52.0
ORD-101896,Continental,Main,Fish and Chips,1,50.0,50.0
ORD-101896,Continental,Main,Classic Beef Burger,1,48.0,48.0
ORD-101896,Continental,Starter,Chicken Wings,1,34.0,34.0
ORD-101897,Continental,Main,Classic Beef Burger,1,48.0,48.0
ORD-101897,Continental,Main,Fish and Chips,1,50.0,50.0
ORD-101897,Continental,Main,Grilled Chicken Burger,1,42.0,42.0
ORD-101897,Continental,Starter,Chicken Wings,1,34.0,34.0
ORD-101898,Continental,Main,Classic Beef Burger,1,48.0,48.0
ORD-101898,Continental,Main,Grilled Chicken Burger,1,42.0,42.0
ORD-101898,Continental,Starter,Chicken Wings,1,34.0,34.0
ORD-101898,Continental,Side,French Fries,1,16.0,16.0
ORD-101898,Continental,Beverage,Chocolate Milkshake,1,22.0,22.0
ORD-101899,Continental,Main,Fish and Chips,1,50.0,50.0
ORD-101900,Indian,Main,Chicken Biryani,1,42.0,42.0
ORD-101900,Indian,Side,Jeera Rice,1,14.0,14.0
ORD-101901,Indian,Main,Butter Chicken,1,45.0,45.0
ORD-101901,Indian,Starter,Paneer Tikka,1,32.0,32.0
ORD-101901,Indian,Side,Garlic Naan,1,8.0,8.0
ORD-101902,Arabic,Main,Lamb Mandi,1,62.0,62.0
ORD-101902,Arabic,Main,Falafel Wrap,1,22.0,22.0
ORD-101902,Arabic,Main,Mixed Grill,1,75.0,75.0
ORD-101902,Arabic,Starter,Fattoush,1,24.0,24.0
ORD-101902,Arabic,Beverage,Mint Lemonade,3,18.0,54.0
ORD-101903,Italian,Main,Fettuccine Alfredo,2,48.0,96.0
ORD-101904,Italian,Main,Penne Arrabbiata,1,42.0,42.0
ORD-101904,Italian,Dessert,Tiramisu,1,30.0,30.0
ORD-101905,Italian,Main,Penne Arrabbiata,1,42.0,42.0
ORD-101905,Italian,Starter,Caesar Salad,1,32.0,32.0
ORD-101905,Italian,Dessert,Tiramisu,1,30.0,30.0
ORD-101906,Italian,Main,Margherita Pizza,1,45.0,45.0
ORD-101906,Italian,Starter,Bruschetta,1,26.0,26.0
ORD-101906,Italian,Side,Garlic Bread,1,18.0,18.0
ORD-101907,Italian,Main,Margherita Pizza,1,45.0,45.0
ORD-101907,Arabic,Main,Mixed Grill,1,75.0,75.0
ORD-101907,Arabic,Starter,Fattoush,1,24.0,24.0
ORD-101908,Chinese,Main,Veg Hakka Noodles,1,32.0,32.0
ORD-101908,Chinese,Beverage,Jasmine Tea,1,12.0,12.0
ORD-101909,Indian,Main,Butter Chicken,1,45.0,45.0
ORD-101909,Indian,Main,Dal Makhani,1,32.0,32.0
ORD-101909,Indian,Starter,Paneer Tikka,1,32.0,32.0
ORD-101909,Indian,Side,Garlic Naan,1,8.0,8.0
ORD-101909,Indian,Beverage,Mango Lassi,2,16.0,32.0
ORD-101910,Chinese,Main,Szechuan Beef,1,52.0,52.0
ORD-101910,Chinese,Side,Steamed Rice,1,10.0,10.0
ORD-101911,Italian,Main,Margherita Pizza,1,45.0,45.0
ORD-101911,Italian,Main,Pepperoni Pizza,1,52.0,52.0
ORD-101912,Indian,Main,Dal Makhani,1,32.0,32.0
ORD-101912,Indian,Side,Garlic Naan,1,8.0,8.0
ORD-101912,Indian,Beverage,Mango Lassi,1,16.0,16.0
ORD-101913,Italian,Main,Margherita Pizza,1,45.0,45.0
ORD-101913,Italian,Starter,Bruschetta,1,26.0,26.0
ORD-101913,Italian,Side,Garlic Bread,1,18.0,18.0
ORD-101913,Chinese,Dessert,Mango Pudding,1,20.0,20.0
ORD-101914,Italian,Main,Pepperoni Pizza,1,52.0,52.0
ORD-101914,Italian,Starter,Caesar Salad,1,32.0,32.0
ORD-101914,Italian,Side,Garlic Bread,1,18.0,18.0
ORD-101914,Italian,Dessert,Tiramisu,1,30.0,30.0
ORD-101915,Chinese,Main,Chicken Fried Rice,2,34.0,68.0
ORD-101915,Chinese,Side,Steamed Rice,1,10.0,10.0
ORD-101916,Arabic,Main,Chicken Shawarma Plate,1,38.0,38.0
ORD-101916,Arabic,Dessert,Kunafa,1,28.0,28.0
ORD-101916,Arabic,Beverage,Mint Lemonade,1,18.0,18.0
ORD-101917,Chinese,Main,Chicken Manchurian,1,38.0,38.0
ORD-101918,Indian,Main,Butter Chicken,1,45.0,45.0
ORD-101918,Indian,Starter,Chicken Tikka,1,36.0,36.0
ORD-101918,Indian,Side,Garlic Naan,1,8.0,8.0
ORD-101918,Indian,Dessert,Gulab Jamun,1,18.0,18.0
ORD-101919,Chinese,Main,Kung Pao Chicken,1,44.0,44.0
ORD-101919,Chinese,Main,Chicken Fried Rice,1,34.0,34.0
ORD-101919,Chinese,Main,Szechuan Beef,1,52.0,52.0
ORD-101919,Chinese,Beverage,Jasmine Tea,1,12.0,12.0
ORD-101920,Indian,Main,Palak Paneer,1,34.0,34.0
ORD-101920,Indian,Main,Mutton Biryani,1,52.0,52.0
ORD-101920,Indian,Side,Garlic Naan,2,8.0,16.0
ORD-101921,Chinese,Main,Chicken Manchurian,1,38.0,38.0
ORD-101921,Chinese,Starter,Spring Rolls,1,22.0,22.0
ORD-101922,Indian,Main,Chicken Biryani,1,42.0,42.0
ORD-101922,Indian,Side,Jeera Rice,1,14.0,14.0
ORD-101922,Indian,Beverage,Mango Lassi,1,16.0,16.0
ORD-101923,Chinese,Main,Chicken Fried Rice,1,34.0,34.0
ORD-101923,Chinese,Side,Steamed Rice,1,10.0,10.0
ORD-101924,Italian,Main,Fettuccine Alfredo,1,48.0,48.0
ORD-101924,Italian,Main,Margherita Pizza,1,45.0,45.0
ORD-101924,Italian,Starter,Bruschetta,1,26.0,26.0
ORD-101924,Italian,Side,Garlic Bread,2,18.0,36.0
ORD-101924,Italian,Beverage,Italian Lemon Soda,1,18.0,18.0
ORD-101925,Chinese,Main,Chicken Fried Rice,1,34.0,34.0
ORD-101925,Chinese,Main,Szechuan Beef,1,52.0,52.0
ORD-101925,Chinese,Starter,Chicken Dim Sum,1,34.0,34.0
ORD-101926,Chinese,Main,Chicken Manchurian,1,38.0,38.0
ORD-101926,Chinese,Dessert,Mango Pudding,1,20.0,20.0
ORD-101927,Arabic,Main,Lamb Mandi,1,62.0,62.0
ORD-101927,Arabic,Starter,Fattoush,1,24.0,24.0
ORD-101927,Arabic,Side,Arabic Rice,1,12.0,12.0
ORD-101928,Arabic,Main,Chicken Machboos,1,48.0,48.0
ORD-101929,Arabic,Main,Chicken Machboos,1,48.0,48.0
ORD-101929,Italian,Main,Margherita Pizza,1,45.0,45.0
ORD-101929,Arabic,Main,Mixed Grill,1,75.0,75.0
ORD-101929,Arabic,Beverage,Mint Lemonade,1,18.0,18.0
ORD-101930,Continental,Main,Grilled Chicken with Mash,1,52.0,52.0
ORD-101930,Continental,Dessert,Chocolate Brownie,1,24.0,24.0
ORD-101931,Indian,Main,Chicken Biryani,1,42.0,42.0
ORD-101931,Indian,Starter,Chicken Tikka,1,36.0,36.0
ORD-101931,Indian,Side,Garlic Naan,1,8.0,8.0
ORD-101932,Arabic,Main,Lamb Mandi,2,62.0,124.0
ORD-101932,Arabic,Starter,Hummus,1,22.0,22.0
ORD-101933,Italian,Main,Fettuccine Alfredo,1,48.0,48.0
ORD-101933,Italian,Main,Beef Lasagna,2,55.0,110.0
ORD-101933,Italian,Starter,Bruschetta,1,26.0,26.0
ORD-101933,Italian,Beverage,Italian Lemon Soda,2,18.0,36.0
ORD-101934,Chinese,Main,Chicken Manchurian,3,38.0,114.0
ORD-101934,Chinese,Side,Steamed Rice,1,10.0,10.0
ORD-101934,Chinese,Beverage,Jasmine Tea,2,12.0,24.0
ORD-101935,Arabic,Main,Lamb Mandi,1,62.0,62.0
ORD-101935,Arabic,Dessert,Kunafa,1,28.0,28.0
ORD-101936,Chinese,Main,Veg Hakka Noodles,2,32.0,64.0
ORD-101936,Chinese,Main,Chicken Fried Rice,1,34.0,34.0
ORD-101936,Chinese,Side,Steamed Rice,3,10.0,30.0
ORD-101936,Chinese,Dessert,Mango Pudding,1,20.0,20.0
ORD-101937,Chinese,Main,Chicken Manchurian,1,38.0,38.0
ORD-101938,Indian,Main,Mutton Biryani,2,52.0,104.0
ORD-101938,Indian,Side,Jeera Rice,2,14.0,28.0
ORD-101938,Indian,Beverage,Mango Lassi,2,16.0,32.0
ORD-101939,Italian,Main,Margherita Pizza,1,45.0,45.0
ORD-101939,Italian,Main,Pepperoni Pizza,1,52.0,52.0
ORD-101939,Italian,Main,Penne Arrabbiata,1,42.0,42.0
ORD-101939,Italian,Starter,Caesar Salad,1,32.0,32.0
ORD-101939,Italian,Side,Garlic Bread,2,18.0,36.0
ORD-101940,Italian,Main,Penne Arrabbiata,1,42.0,42.0
ORD-101940,Italian,Starter,Bruschetta,1,26.0,26.0
ORD-101940,Italian,Dessert,Tiramisu,1,30.0,30.0
ORD-101941,Arabic,Main,Mixed Grill,1,75.0,75.0
ORD-101941,Arabic,Main,Chicken Shawarma Plate,2,38.0,76.0
ORD-101941,Arabic,Starter,Hummus,1,22.0,22.0
ORD-101942,Arabic,Main,Falafel Wrap,1,22.0,22.0
ORD-101942,Arabic,Dessert,Kunafa,1,28.0,28.0
ORD-101943,Indian,Main,Butter Chicken,1,45.0,45.0
ORD-101943,Indian,Main,Mutton Biryani,2,52.0,104.0
ORD-101943,Indian,Beverage,Mango Lassi,1,16.0,16.0
ORD-101944,Italian,Main,Fettuccine Alfredo,1,48.0,48.0
ORD-101944,Italian,Main,Margherita Pizza,1,45.0,45.0
ORD-101944,Italian,Starter,Bruschetta,1,26.0,26.0
ORD-101944,Italian,Side,Garlic Bread,1,18.0,18.0
ORD-101945,Continental,Main,Grilled Chicken Burger,1,42.0,42.0
ORD-101945,Continental,Main,Fish and Chips,1,50.0,50.0
ORD-101945,Indian,Starter,Chicken Tikka,1,36.0,36.0
ORD-101945,Continental,Dessert,Chocolate Brownie,1,24.0,24.0
ORD-101946,Indian,Main,Palak Paneer,1,34.0,34.0
ORD-101946,Indian,Beverage,Mango Lassi,1,16.0,16.0
ORD-101947,Continental,Main,Grilled Chicken Burger,1,42.0,42.0
ORD-101948,Italian,Main,Margherita Pizza,1,45.0,45.0
ORD-101948,Italian,Starter,Bruschetta,1,26.0,26.0
ORD-101948,Italian,Side,Garlic Bread,1,18.0,18.0
ORD-101948,Italian,Beverage,Italian Lemon Soda,1,18.0,18.0
ORD-101949,Indian,Main,Mutton Biryani,1,52.0,52.0
ORD-101949,Indian,Starter,Paneer Tikka,1,32.0,32.0
ORD-101949,Indian,Side,Garlic Naan,1,8.0,8.0
ORD-101950,Italian,Main,Fettuccine Alfredo,1,48.0,48.0
ORD-101950,Italian,Main,Pepperoni Pizza,1,52.0,52.0
ORD-101951,Arabic,Main,Lamb Mandi,1,62.0,62.0
ORD-101952,Indian,Main,Chicken Biryani,1,42.0,42.0
ORD-101952,Indian,Side,Garlic Naan,1,8.0,8.0
ORD-101952,Indian,Dessert,Gulab Jamun,1,18.0,18.0
ORD-101953,Chinese,Main,Kung Pao Chicken,2,44.0,88.0
ORD-101953,Chinese,Side,Steamed Rice,1,10.0,10.0
ORD-101953,Chinese,Beverage,Jasmine Tea,1,12.0,12.0
ORD-101954,Continental,Main,Classic Beef Burger,1,48.0,48.0
ORD-101954,Continental,Side,French Fries,1,16.0,16.0
ORD-101954,Continental,Beverage,Chocolate Milkshake,1,22.0,22.0
ORD-101955,Italian,Main,Beef Lasagna,1,55.0,55.0
ORD-101955,Italian,Side,Garlic Bread,1,18.0,18.0
ORD-101956,Continental,Main,Classic Beef Burger,1,48.0,48.0
ORD-101956,Continental,Main,Fish and Chips,1,50.0,50.0
ORD-101956,Continental,Beverage,Chocolate Milkshake,2,22.0,44.0
ORD-101957,Continental,Main,Classic Beef Burger,1,48.0,48.0
ORD-101958,Indian,Main,Butter Chicken,1,45.0,45.0
ORD-101958,Indian,Starter,Paneer Tikka,1,32.0,32.0
ORD-101958,Indian,Side,Garlic Naan,1,8.0,8.0
ORD-101958,Indian,Beverage,Mango Lassi,1,16.0,16.0
ORD-101959,Indian,Main,Chicken Biryani,1,42.0,42.0
ORD-101959,Indian,Starter,Chicken Tikka,1,36.0,36.0
ORD-101959,Indian,Side,Garlic Naan,1,8.0,8.0
ORD-101960,Continental,Main,Grilled Salmon,1,78.0,78.0
ORD-101960,Continental,Starter,Soup of the Day,1,22.0,22.0
ORD-101960,Continental,Beverage,Chocolate Milkshake,1,22.0,22.0
ORD-101961,Arabic,Main,Chicken Shawarma Plate,1,38.0,38.0
ORD-101961,Arabic,Beverage,Mint Lemonade,1,18.0,18.0
ORD-101962,Italian,Main,Margherita Pizza,1,45.0,45.0
ORD-101962,Italian,Beverage,Italian Lemon Soda,1,18.0,18.0
ORD-101963,Italian,Main,Margherita Pizza,1,45.0,45.0
ORD-101963,Italian,Starter,Caesar Salad,1,32.0,32.0
ORD-101963,Italian,Beverage,Italian Lemon Soda,1,18.0,18.0
ORD-101964,Indian,Main,Chicken Biryani,1,42.0,42.0
ORD-101964,Italian,Main,Pepperoni Pizza,1,52.0,52.0
ORD-101964,Indian,Side,Jeera Rice,2,14.0,28.0
ORD-101964,Indian,Beverage,Mango Lassi,2,16.0,32.0
ORD-101965,Indian,Main,Dal Makhani,1,32.0,32.0
ORD-101965,Indian,Main,Chicken Biryani,1,42.0,42.0
ORD-101965,Indian,Side,Garlic Naan,1,8.0,8.0
ORD-101966,Indian,Main,Mutton Biryani,1,52.0,52.0
ORD-101966,Italian,Starter,Caesar Salad,1,32.0,32.0
ORD-101966,Indian,Beverage,Mango Lassi,1,16.0,16.0
ORD-101967,Indian,Main,Dal Makhani,1,32.0,32.0
ORD-101967,Indian,Main,Chicken Biryani,1,42.0,42.0
ORD-101968,Arabic,Main,Falafel Wrap,1,22.0,22.0
ORD-101968,Arabic,Starter,Fattoush,1,24.0,24.0
ORD-101969,Italian,Main,Fettuccine Alfredo,1,48.0,48.0
ORD-101969,Italian,Side,Garlic Bread,1,18.0,18.0
ORD-101969,Italian,Dessert,Tiramisu,1,30.0,30.0
ORD-101970,Arabic,Main,Mixed Grill,2,75.0,150.0
ORD-101970,Arabic,Beverage,Mint Lemonade,2,18.0,36.0
ORD-101971,Continental,Main,Fish and Chips,1,50.0,50.0
ORD-101971,Continental,Side,French Fries,1,16.0,16.0
ORD-101971,Continental,Dessert,Chocolate Brownie,1,24.0,24.0
ORD-101971,Continental,Beverage,Chocolate Milkshake,1,22.0,22.0
ORD-101972,Continental,Main,Fish and Chips,1,50.0,50.0
ORD-101972,Continental,Beverage,Chocolate Milkshake,1,22.0,22.0
ORD-101973,Chinese,Main,Chicken Fried Rice,1,34.0,34.0
ORD-101973,Chinese,Main,Veg Hakka Noodles,1,32.0,32.0
ORD-101973,Chinese,Main,Chicken Manchurian,1,38.0,38.0
ORD-101973,Chinese,Beverage,Jasmine Tea,3,12.0,36.0
ORD-101974,Continental,Main,Classic Beef Burger,1,48.0,48.0
ORD-101974,Continental,Main,Fish and Chips,1,50.0,50.0
ORD-101974,Continental,Starter,Chicken Wings,1,34.0,34.0
ORD-101974,Continental,Side,French Fries,1,16.0,16.0
ORD-101974,Continental,Beverage,Chocolate Milkshake,2,22.0,44.0
ORD-101975,Arabic,Main,Lamb Mandi,1,62.0,62.0
ORD-101975,Arabic,Starter,Fattoush,1,24.0,24.0
ORD-101976,Continental,Main,Classic Beef Burger,1,48.0,48.0
ORD-101976,Continental,Main,Fish and Chips,1,50.0,50.0
ORD-101976,Continental,Starter,Chicken Wings,1,34.0,34.0
ORD-101976,Continental,Beverage,Chocolate Milkshake,2,22.0,44.0
ORD-101977,Chinese,Main,Chicken Fried Rice,1,34.0,34.0
ORD-101978,Italian,Main,Pepperoni Pizza,1,52.0,52.0
ORD-101978,Italian,Main,Penne Arrabbiata,1,42.0,42.0
ORD-101978,Italian,Starter,Bruschetta,1,26.0,26.0
ORD-101979,Continental,Main,Grilled Chicken Burger,1,42.0,42.0
ORD-101979,Continental,Dessert,Chocolate Brownie,1,24.0,24.0
ORD-101980,Continental,Main,Grilled Chicken with Mash,1,52.0,52.0
ORD-101980,Continental,Main,Classic Beef Burger,1,48.0,48.0
ORD-101981,Arabic,Main,Falafel Wrap,1,22.0,22.0
ORD-101981,Arabic,Dessert,Kunafa,1,28.0,28.0
ORD-101981,Arabic,Beverage,Mint Lemonade,1,18.0,18.0
ORD-101982,Chinese,Main,Kung Pao Chicken,1,44.0,44.0
ORD-101982,Chinese,Starter,Hot and Sour Soup,1,24.0,24.0
ORD-101983,Arabic,Main,Chicken Machboos,1,48.0,48.0
ORD-101983,Arabic,Starter,Mutabbal,1,22.0,22.0
ORD-101983,Arabic,Beverage,Mint Lemonade,1,18.0,18.0
ORD-101984,Arabic,Main,Mixed Grill,1,75.0,75.0
ORD-101984,Arabic,Main,Chicken Machboos,1,48.0,48.0
ORD-101984,Arabic,Starter,Hummus,1,22.0,22.0
ORD-101984,Arabic,Side,Arabic Rice,1,12.0,12.0
ORD-101984,Arabic,Dessert,Umm Ali,1,26.0,26.0
ORD-101984,Arabic,Beverage,Mint Lemonade,2,18.0,36.0
ORD-101985,Arabic,Main,Chicken Shawarma Plate,1,38.0,38.0
ORD-101985,Arabic,Starter,Hummus,1,22.0,22.0
ORD-101985,Arabic,Beverage,Mint Lemonade,1,18.0,18.0
ORD-101986,Italian,Main,Fettuccine Alfredo,2,48.0,96.0
ORD-101986,Italian,Dessert,Tiramisu,1,30.0,30.0
ORD-101987,Italian,Main,Penne Arrabbiata,1,42.0,42.0
ORD-101988,Italian,Main,Beef Lasagna,1,55.0,55.0
ORD-101989,Arabic,Main,Chicken Shawarma Plate,1,38.0,38.0
ORD-101989,Arabic,Main,Falafel Wrap,1,22.0,22.0
ORD-101989,Arabic,Beverage,Mint Lemonade,1,18.0,18.0
ORD-101990,Italian,Main,Penne Arrabbiata,1,42.0,42.0
ORD-101990,Italian,Main,Pepperoni Pizza,1,52.0,52.0
ORD-101991,Italian,Main,Pepperoni Pizza,1,52.0,52.0
ORD-101992,Italian,Main,Fettuccine Alfredo,1,48.0,48.0
ORD-101992,Italian,Beverage,Italian Lemon Soda,1,18.0,18.0
ORD-101993,Continental,Main,Classic Beef Burger,1,48.0,48.0
ORD-101993,Continental,Starter,Chicken Wings,1,34.0,34.0
ORD-101993,Continental,Side,French Fries,1,16.0,16.0
ORD-101994,Arabic,Main,Chicken Shawarma Plate,1,38.0,38.0
ORD-101995,Arabic,Main,Lamb Mandi,1,62.0,62.0
ORD-101995,Chinese,Starter,Spring Rolls,1,22.0,22.0
ORD-101995,Arabic,Beverage,Mint Lemonade,1,18.0,18.0
ORD-101996,Arabic,Main,Chicken Machboos,1,48.0,48.0
ORD-101996,Arabic,Main,Lamb Mandi,1,62.0,62.0
ORD-101996,Arabic,Main,Chicken Shawarma Plate,1,38.0,38.0
ORD-101996,Arabic,Beverage,Mint Lemonade,2,18.0,36.0
ORD-101997,Indian,Main,Dal Makhani,1,32.0,32.0
ORD-101997,Indian,Main,Palak Paneer,1,34.0,34.0
ORD-101997,Indian,Main,Butter Chicken,1,45.0,45.0
ORD-101997,Indian,Dessert,Gulab Jamun,1,18.0,18.0
ORD-101997,Indian,Beverage,Mango Lassi,1,16.0,16.0
ORD-101998,Arabic,Main,Falafel Wrap,2,22.0,44.0
ORD-101998,Arabic,Starter,Hummus,1,22.0,22.0
ORD-101999,Arabic,Main,Chicken Machboos,1,48.0,48.0
ORD-101999,Arabic,Starter,Mutabbal,1,22.0,22.0
ORD-102000,Arabic,Main,Chicken Machboos,1,48.0,48.0
ORD-102000,Arabic,Starter,Hummus,1,22.0,22.0
ORD-102001,Continental,Main,Classic Beef Burger,1,48.0,48.0
ORD-102001,Continental,Side,French Fries,1,16.0,16.0
ORD-102002,Chinese,Main,Veg Hakka Noodles,2,32.0,64.0
ORD-102002,Chinese,Dessert,Mango Pudding,1,20.0,20.0
ORD-102003,Indian,Main,Chicken Biryani,1,42.0,42.0
ORD-102003,Continental,Main,Classic Beef Burger,1,48.0,48.0
ORD-102003,Indian,Main,Butter Chicken,1,45.0,45.0
ORD-102003,Indian,Side,Garlic Naan,3,8.0,24.0
ORD-102003,Continental,Dessert,Chocolate Brownie,1,24.0,24.0
ORD-102004,Arabic,Main,Chicken Shawarma Plate,1,38.0,38.0
ORD-102005,Chinese,Main,Chicken Fried Rice,1,34.0,34.0
ORD-102005,Chinese,Starter,Spring Rolls,1,22.0,22.0
ORD-102005,Chinese,Dessert,Mango Pudding,1,20.0,20.0
ORD-102005,Chinese,Beverage,Jasmine Tea,1,12.0,12.0
ORD-102006,Continental,Main,Fish and Chips,1,50.0,50.0
ORD-102006,Continental,Beverage,Chocolate Milkshake,1,22.0,22.0
ORD-102007,Continental,Main,Fish and Chips,1,50.0,50.0
ORD-102007,Continental,Main,Grilled Salmon,1,78.0,78.0
ORD-102007,Arabic,Dessert,Kunafa,1,28.0,28.0
ORD-102007,Arabic,Beverage,Mint Lemonade,2,18.0,36.0
ORD-102008,Chinese,Main,Chicken Fried Rice,1,34.0,34.0
ORD-102008,Chinese,Main,Chicken Manchurian,1,38.0,38.0
ORD-102008,Chinese,Main,Kung Pao Chicken,1,44.0,44.0
ORD-102008,Italian,Starter,Caesar Salad,1,32.0,32.0
ORD-102009,Italian,Main,Penne Arrabbiata,1,42.0,42.0
ORD-102009,Italian,Beverage,Italian Lemon Soda,1,18.0,18.0
ORD-102010,Arabic,Main,Mixed Grill,1,75.0,75.0
ORD-102010,Arabic,Starter,Fattoush,1,24.0,24.0
ORD-102010,Arabic,Beverage,Mint Lemonade,1,18.0,18.0
ORD-102011,Indian,Main,Chicken Biryani,1,42.0,42.0
ORD-102011,Indian,Starter,Paneer Tikka,1,32.0,32.0
ORD-102012,Chinese,Main,Veg Hakka Noodles,1,32.0,32.0
ORD-102012,Chinese,Main,Chicken Manchurian,1,38.0,38.0
ORD-102012,Chinese,Starter,Hot and Sour Soup,1,24.0,24.0
ORD-102012,Arabic,Beverage,Mint Lemonade,2,18.0,36.0
ORD-102013,Italian,Main,Pepperoni Pizza,1,52.0,52.0
ORD-102013,Italian,Main,Fettuccine Alfredo,1,48.0,48.0
ORD-102013,Italian,Dessert,Tiramisu,1,30.0,30.0
ORD-102014,Italian,Main,Margherita Pizza,1,45.0,45.0
ORD-102014,Italian,Main,Beef Lasagna,1,55.0,55.0
ORD-102014,Italian,Starter,Caesar Salad,1,32.0,32.0
ORD-102014,Italian,Beverage,Italian Lemon Soda,1,18.0,18.0
ORD-102015,Arabic,Main,Falafel Wrap,1,22.0,22.0
ORD-102015,Arabic,Beverage,Mint Lemonade,1,18.0,18.0
ORD-102016,Arabic,Main,Lamb Mandi,1,62.0,62.0
ORD-102016,Arabic,Dessert,Kunafa,1,28.0,28.0
ORD-102017,Chinese,Main,Chicken Manchurian,1,38.0,38.0
ORD-102017,Chinese,Side,Steamed Rice,1,10.0,10.0
ORD-102017,Chinese,Dessert,Mango Pudding,1,20.0,20.0
ORD-102018,Arabic,Main,Lamb Mandi,1,62.0,62.0
ORD-102018,Italian,Main,Margherita Pizza,1,45.0,45.0
ORD-102019,Indian,Main,Butter Chicken,1,45.0,45.0
ORD-102019,Indian,Starter,Vegetable Samosa,1,16.0,16.0
ORD-102019,Indian,Side,Jeera Rice,1,14.0,14.0
ORD-102020,Chinese,Main,Kung Pao Chicken,1,44.0,44.0
ORD-102020,Chinese,Starter,Spring Rolls,1,22.0,22.0
ORD-102020,Chinese,Side,Steamed Rice,1,10.0,10.0
ORD-102020,Chinese,Beverage,Jasmine Tea,1,12.0,12.0
ORD-102021,Indian,Main,Mutton Biryani,1,52.0,52.0
ORD-102021,Indian,Starter,Vegetable Samosa,1,16.0,16.0
ORD-102021,Indian,Side,Jeera Rice,1,14.0,14.0
ORD-102021,Continental,Beverage,Chocolate Milkshake,1,22.0,22.0
ORD-102022,Chinese,Main,Chicken Fried Rice,2,34.0,68.0
ORD-102022,Chinese,Main,Kung Pao Chicken,1,44.0,44.0
ORD-102022,Chinese,Main,Chicken Manchurian,1,38.0,38.0
ORD-102022,Chinese,Starter,Spring Rolls,1,22.0,22.0
ORD-102023,Indian,Main,Mutton Biryani,1,52.0,52.0
ORD-102023,Indian,Starter,Paneer Tikka,1,32.0,32.0
ORD-102023,Indian,Side,Jeera Rice,1,14.0,14.0
ORD-102024,Indian,Main,Chicken Biryani,1,42.0,42.0
ORD-102024,Indian,Main,Palak Paneer,1,34.0,34.0
ORD-102024,Indian,Starter,Chicken Tikka,1,36.0,36.0
ORD-102024,Indian,Side,Jeera Rice,2,14.0,28.0
ORD-102024,Indian,Dessert,Gulab Jamun,1,18.0,18.0
ORD-102025,Indian,Main,Chicken Biryani,1,42.0,42.0
ORD-102025,Indian,Starter,Vegetable Samosa,1,16.0,16.0
ORD-102025,Indian,Side,Garlic Naan,1,8.0,8.0
ORD-102026,Arabic,Main,Chicken Shawarma Plate,1,38.0,38.0
ORD-102026,Arabic,Side,Arabic Rice,1,12.0,12.0
ORD-102027,Chinese,Main,Chicken Fried Rice,1,34.0,34.0
ORD-102027,Chinese,Main,Chicken Manchurian,1,38.0,38.0
ORD-102027,Chinese,Main,Veg Hakka Noodles,1,32.0,32.0
ORD-102027,Chinese,Starter,Spring Rolls,1,22.0,22.0
ORD-102028,Indian,Main,Butter Chicken,1,45.0,45.0
ORD-102028,Chinese,Main,Chicken Fried Rice,1,34.0,34.0
ORD-102028,Indian,Side,Jeera Rice,2,14.0,28.0
ORD-102029,Indian,Main,Chicken Biryani,1,42.0,42.0
ORD-102029,Arabic,Starter,Hummus,1,22.0,22.0
ORD-102029,Arabic,Beverage,Mint Lemonade,1,18.0,18.0
ORD-102030,Indian,Main,Dal Makhani,1,32.0,32.0
ORD-102030,Indian,Starter,Vegetable Samosa,1,16.0,16.0
ORD-102030,Indian,Side,Garlic Naan,1,8.0,8.0
ORD-102030,Indian,Dessert,Gulab Jamun,1,18.0,18.0
ORD-102031,Arabic,Main,Chicken Machboos,1,48.0,48.0
ORD-102031,Arabic,Main,Lamb Mandi,1,62.0,62.0
ORD-102031,Arabic,Starter,Hummus,1,22.0,22.0
ORD-102031,Arabic,Beverage,Mint Lemonade,2,18.0,36.0
ORD-102032,Arabic,Main,Chicken Machboos,1,48.0,48.0
ORD-102033,Indian,Main,Chicken Biryani,1,42.0,42.0
ORD-102033,Indian,Main,Mutton Biryani,1,52.0,52.0
ORD-102033,Indian,Main,Butter Chicken,1,45.0,45.0
ORD-102033,Indian,Starter,Chicken Tikka,1,36.0,36.0
ORD-102033,Indian,Side,Garlic Naan,2,8.0,16.0
ORD-102033,Indian,Beverage,Mango Lassi,1,16.0,16.0
ORD-102034,Indian,Main,Dal Makhani,1,32.0,32.0
ORD-102034,Indian,Main,Chicken Biryani,1,42.0,42.0
ORD-102034,Indian,Side,Garlic Naan,2,8.0,16.0
ORD-102035,Italian,Main,Fettuccine Alfredo,1,48.0,48.0
ORD-102035,Italian,Main,Margherita Pizza,1,45.0,45.0
ORD-102035,Italian,Main,Beef Lasagna,1,55.0,55.0
ORD-102036,Chinese,Main,Chicken Manchurian,1,38.0,38.0
ORD-102036,Chinese,Main,Kung Pao Chicken,1,44.0,44.0
ORD-102036,Chinese,Starter,Spring Rolls,1,22.0,22.0
ORD-102036,Chinese,Side,Steamed Rice,2,10.0,20.0
ORD-102036,Arabic,Dessert,Kunafa,1,28.0,28.0
ORD-102037,Arabic,Main,Chicken Machboos,1,48.0,48.0
ORD-102037,Arabic,Main,Lamb Mandi,1,62.0,62.0
ORD-102037,Arabic,Beverage,Mint Lemonade,2,18.0,36.0
ORD-102038,Indian,Main,Butter Chicken,1,45.0,45.0
ORD-102038,Indian,Main,Mutton Biryani,1,52.0,52.0
ORD-102038,Indian,Starter,Paneer Tikka,1,32.0,32.0
ORD-102038,Indian,Side,Garlic Naan,1,8.0,8.0
ORD-102038,Indian,Beverage,Mango Lassi,1,16.0,16.0
ORD-102039,Arabic,Main,Lamb Mandi,1,62.0,62.0
ORD-102040,Arabic,Main,Chicken Shawarma Plate,1,38.0,38.0
ORD-102040,Arabic,Main,Lamb Mandi,1,62.0,62.0
ORD-102040,Arabic,Dessert,Kunafa,1,28.0,28.0
ORD-102041,Continental,Main,Classic Beef Burger,1,48.0,48.0
ORD-102041,Continental,Side,French Fries,1,16.0,16.0
ORD-102042,Continental,Main,Grilled Salmon,1,78.0,78.0
ORD-102042,Italian,Main,Beef Lasagna,1,55.0,55.0
ORD-102042,Continental,Starter,Chicken Wings,1,34.0,34.0
ORD-102042,Continental,Side,French Fries,1,16.0,16.0
ORD-102042,Continental,Dessert,New York Cheesecake,1,28.0,28.0
ORD-102042,Continental,Beverage,Chocolate Milkshake,1,22.0,22.0
ORD-102043,Continental,Main,Classic Beef Burger,1,48.0,48.0
ORD-102043,Continental,Main,Grilled Chicken Burger,1,42.0,42.0
ORD-102043,Continental,Side,French Fries,1,16.0,16.0
ORD-102044,Chinese,Main,Veg Hakka Noodles,1,32.0,32.0
ORD-102044,Chinese,Starter,Hot and Sour Soup,1,24.0,24.0
ORD-102044,Chinese,Side,Steamed Rice,1,10.0,10.0
ORD-102044,Chinese,Dessert,Mango Pudding,1,20.0,20.0
ORD-102045,Italian,Main,Margherita Pizza,1,45.0,45.0
ORD-102045,Italian,Main,Fettuccine Alfredo,1,48.0,48.0
ORD-102045,Italian,Starter,Bruschetta,1,26.0,26.0
ORD-102045,Italian,Dessert,Tiramisu,1,30.0,30.0
ORD-102045,Italian,Beverage,Italian Lemon Soda,2,18.0,36.0
ORD-102046,Arabic,Main,Falafel Wrap,1,22.0,22.0
ORD-102046,Chinese,Starter,Hot and Sour Soup,1,24.0,24.0
ORD-102046,Arabic,Side,Arabic Rice,1,12.0,12.0
ORD-102047,Indian,Main,Butter Chicken,1,45.0,45.0
ORD-102047,Arabic,Main,Chicken Shawarma Plate,1,38.0,38.0
ORD-102047,Indian,Side,Jeera Rice,2,14.0,28.0
ORD-102047,Indian,Beverage,Mango Lassi,1,16.0,16.0
ORD-102048,Italian,Main,Margherita Pizza,1,45.0,45.0
ORD-102048,Italian,Beverage,Italian Lemon Soda,1,18.0,18.0
ORD-102049,Italian,Main,Beef Lasagna,1,55.0,55.0
ORD-102049,Italian,Side,Garlic Bread,1,18.0,18.0
ORD-102050,Indian,Main,Mutton Biryani,2,52.0,104.0
ORD-102050,Indian,Side,Garlic Naan,2,8.0,16.0
ORD-102050,Indian,Dessert,Gulab Jamun,1,18.0,18.0
ORD-102051,Continental,Main,Grilled Chicken with Mash,1,52.0,52.0
ORD-102051,Continental,Starter,Chicken Wings,1,34.0,34.0
ORD-102051,Continental,Side,French Fries,1,16.0,16.0
ORD-102052,Arabic,Main,Chicken Shawarma Plate,1,38.0,38.0
ORD-102052,Arabic,Main,Falafel Wrap,1,22.0,22.0
ORD-102052,Arabic,Dessert,Umm Ali,1,26.0,26.0
ORD-102052,Arabic,Beverage,Mint Lemonade,2,18.0,36.0
ORD-102053,Indian,Main,Dal Makhani,1,32.0,32.0
ORD-102053,Indian,Main,Mutton Biryani,1,52.0,52.0
ORD-102053,Indian,Starter,Chicken Tikka,1,36.0,36.0
ORD-102053,Indian,Beverage,Mango Lassi,2,16.0,32.0
ORD-102054,Indian,Main,Mutton Biryani,1,52.0,52.0
ORD-102054,Indian,Side,Jeera Rice,1,14.0,14.0
ORD-102054,Indian,Beverage,Mango Lassi,1,16.0,16.0
ORD-102055,Italian,Main,Margherita Pizza,1,45.0,45.0
ORD-102055,Italian,Side,Garlic Bread,1,18.0,18.0
ORD-102056,Indian,Main,Mutton Biryani,1,52.0,52.0
ORD-102056,Indian,Starter,Paneer Tikka,1,32.0,32.0
ORD-102056,Indian,Beverage,Mango Lassi,1,16.0,16.0
ORD-102057,Chinese,Main,Chicken Manchurian,1,38.0,38.0
ORD-102057,Chinese,Dessert,Mango Pudding,1,20.0,20.0
ORD-102058,Indian,Main,Butter Chicken,1,45.0,45.0
ORD-102058,Indian,Starter,Paneer Tikka,1,32.0,32.0
ORD-102058,Indian,Side,Jeera Rice,1,14.0,14.0
ORD-102058,Indian,Dessert,Gulab Jamun,1,18.0,18.0
ORD-102059,Italian,Main,Penne Arrabbiata,1,42.0,42.0
ORD-102059,Italian,Main,Fettuccine Alfredo,1,48.0,48.0
ORD-102059,Italian,Beverage,Italian Lemon Soda,1,18.0,18.0
ORD-102060,Arabic,Main,Lamb Mandi,1,62.0,62.0
ORD-102061,Chinese,Main,Chicken Fried Rice,1,34.0,34.0
ORD-102061,Chinese,Main,Veg Hakka Noodles,1,32.0,32.0
ORD-102061,Chinese,Side,Steamed Rice,1,10.0,10.0
ORD-102061,Chinese,Beverage,Jasmine Tea,2,12.0,24.0
ORD-102062,Arabic,Main,Chicken Machboos,1,48.0,48.0
ORD-102062,Arabic,Main,Falafel Wrap,1,22.0,22.0
ORD-102062,Arabic,Starter,Hummus,1,22.0,22.0
ORD-102063,Arabic,Main,Chicken Shawarma Plate,1,38.0,38.0
ORD-102063,Arabic,Starter,Hummus,1,22.0,22.0
ORD-102063,Arabic,Beverage,Mint Lemonade,1,18.0,18.0
ORD-102064,Arabic,Main,Chicken Machboos,1,48.0,48.0
ORD-102064,Arabic,Starter,Fattoush,1,24.0,24.0
ORD-102064,Arabic,Side,Arabic Rice,1,12.0,12.0
ORD-102064,Arabic,Beverage,Mint Lemonade,1,18.0,18.0
ORD-102065,Italian,Main,Pepperoni Pizza,1,52.0,52.0
ORD-102065,Italian,Starter,Bruschetta,1,26.0,26.0
ORD-102066,Italian,Main,Fettuccine Alfredo,1,48.0,48.0
ORD-102066,Italian,Beverage,Italian Lemon Soda,1,18.0,18.0
ORD-102067,Indian,Main,Dal Makhani,1,32.0,32.0
ORD-102067,Indian,Side,Jeera Rice,1,14.0,14.0
ORD-102068,Indian,Main,Mutton Biryani,1,52.0,52.0
ORD-102068,Indian,Starter,Vegetable Samosa,1,16.0,16.0
ORD-102069,Arabic,Main,Lamb Mandi,1,62.0,62.0
ORD-102069,Arabic,Main,Chicken Machboos,1,48.0,48.0
ORD-102069,Arabic,Beverage,Mint Lemonade,2,18.0,36.0
ORD-102070,Arabic,Main,Falafel Wrap,1,22.0,22.0
ORD-102070,Arabic,Starter,Fattoush,1,24.0,24.0
ORD-102070,Arabic,Dessert,Umm Ali,1,26.0,26.0
ORD-102070,Arabic,Beverage,Mint Lemonade,1,18.0,18.0
ORD-102071,Chinese,Main,Kung Pao Chicken,1,44.0,44.0
ORD-102071,Chinese,Starter,Chicken Dim Sum,1,34.0,34.0
ORD-102072,Chinese,Main,Chicken Fried Rice,1,34.0,34.0
ORD-102072,Chinese,Main,Veg Hakka Noodles,1,32.0,32.0
ORD-102072,Chinese,Starter,Hot and Sour Soup,1,24.0,24.0
ORD-102073,Indian,Main,Mutton Biryani,1,52.0,52.0
ORD-102073,Indian,Starter,Paneer Tikka,1,32.0,32.0
ORD-102073,Indian,Side,Jeera Rice,1,14.0,14.0
ORD-102073,Indian,Beverage,Mango Lassi,1,16.0,16.0
ORD-102074,Indian,Main,Chicken Biryani,1,42.0,42.0
ORD-102074,Indian,Starter,Chicken Tikka,1,36.0,36.0
ORD-102075,Indian,Main,Dal Makhani,1,32.0,32.0
ORD-102075,Indian,Side,Garlic Naan,1,8.0,8.0
ORD-102075,Indian,Beverage,Mango Lassi,1,16.0,16.0
ORD-102076,Arabic,Main,Chicken Shawarma Plate,1,38.0,38.0
ORD-102076,Arabic,Main,Falafel Wrap,1,22.0,22.0
ORD-102076,Arabic,Beverage,Mint Lemonade,2,18.0,36.0
ORD-102077,Italian,Main,Margherita Pizza,1,45.0,45.0
ORD-102077,Italian,Main,Pepperoni Pizza,1,52.0,52.0
ORD-102077,Italian,Main,Penne Arrabbiata,1,42.0,42.0
ORD-102077,Italian,Starter,Bruschetta,1,26.0,26.0
ORD-102078,Indian,Main,Chicken Biryani,1,42.0,42.0
ORD-102078,Indian,Main,Dal Makhani,1,32.0,32.0
ORD-102078,Indian,Side,Garlic Naan,2,8.0,16.0
ORD-102079,Italian,Main,Penne Arrabbiata,1,42.0,42.0
ORD-102079,Italian,Starter,Bruschetta,1,26.0,26.0
ORD-102079,Italian,Beverage,Italian Lemon Soda,1,18.0,18.0
ORD-102080,Chinese,Main,Veg Hakka Noodles,1,32.0,32.0
ORD-102080,Chinese,Main,Chicken Fried Rice,1,34.0,34.0
ORD-102080,Chinese,Side,Steamed Rice,1,10.0,10.0
ORD-102080,Chinese,Beverage,Jasmine Tea,2,12.0,24.0
ORD-102081,Arabic,Main,Mixed Grill,1,75.0,75.0
ORD-102081,Arabic,Main,Chicken Shawarma Plate,2,38.0,76.0
ORD-102081,Arabic,Dessert,Kunafa,1,28.0,28.0
ORD-102081,Arabic,Beverage,Mint Lemonade,3,18.0,54.0
ORD-102082,Continental,Main,Grilled Chicken Burger,1,42.0,42.0
ORD-102082,Continental,Main,Classic Beef Burger,1,48.0,48.0
ORD-102082,Continental,Main,Grilled Salmon,1,78.0,78.0
ORD-102082,Continental,Beverage,Chocolate Milkshake,2,22.0,44.0
ORD-102083,Indian,Main,Chicken Biryani,1,42.0,42.0
ORD-102083,Chinese,Main,Chicken Manchurian,2,38.0,76.0
ORD-102083,Indian,Side,Jeera Rice,3,14.0,42.0
ORD-102084,Indian,Main,Butter Chicken,1,45.0,45.0
ORD-102084,Continental,Starter,Chicken Wings,1,34.0,34.0
ORD-102084,Indian,Side,Jeera Rice,1,14.0,14.0
ORD-102085,Italian,Main,Beef Lasagna,1,55.0,55.0
ORD-102085,Italian,Main,Pepperoni Pizza,1,52.0,52.0
ORD-102085,Italian,Side,Garlic Bread,1,18.0,18.0
ORD-102086,Italian,Main,Beef Lasagna,1,55.0,55.0
ORD-102086,Italian,Main,Pepperoni Pizza,1,52.0,52.0
ORD-102086,Italian,Dessert,Tiramisu,1,30.0,30.0
ORD-102086,Italian,Beverage,Italian Lemon Soda,2,18.0,36.0
ORD-102087,Italian,Main,Fettuccine Alfredo,1,48.0,48.0
ORD-102087,Italian,Starter,Caesar Salad,1,32.0,32.0
ORD-102087,Italian,Dessert,Tiramisu,1,30.0,30.0
ORD-102088,Indian,Main,Palak Paneer,1,34.0,34.0
ORD-102088,Indian,Main,Chicken Biryani,1,42.0,42.0
ORD-102088,Indian,Starter,Vegetable Samosa,1,16.0,16.0
ORD-102088,Indian,Side,Garlic Naan,1,8.0,8.0
ORD-102088,Indian,Beverage,Mango Lassi,1,16.0,16.0
ORD-102089,Continental,Main,Grilled Chicken Burger,1,42.0,42.0
ORD-102089,Continental,Starter,Soup of the Day,1,22.0,22.0
ORD-102090,Italian,Main,Beef Lasagna,1,55.0,55.0
ORD-102090,Italian,Main,Margherita Pizza,1,45.0,45.0
ORD-102090,Italian,Starter,Caesar Salad,1,32.0,32.0
ORD-102090,Italian,Dessert,Tiramisu,1,30.0,30.0
ORD-102090,Italian,Beverage,Italian Lemon Soda,2,18.0,36.0
ORD-102091,Chinese,Main,Veg Hakka Noodles,1,32.0,32.0
ORD-102091,Chinese,Main,Szechuan Beef,1,52.0,52.0
ORD-102092,Continental,Main,Classic Beef Burger,1,48.0,48.0
ORD-102092,Continental,Beverage,Chocolate Milkshake,1,22.0,22.0
ORD-102093,Indian,Main,Mutton Biryani,1,52.0,52.0
ORD-102093,Indian,Starter,Chicken Tikka,1,36.0,36.0
ORD-102093,Indian,Dessert,Gulab Jamun,1,18.0,18.0
ORD-102094,Continental,Main,Classic Beef Burger,1,48.0,48.0
ORD-102094,Arabic,Main,Chicken Shawarma Plate,1,38.0,38.0
ORD-102095,Continental,Main,Classic Beef Burger,2,48.0,96.0
ORD-102095,Continental,Main,Grilled Chicken with Mash,1,52.0,52.0
ORD-102095,Continental,Starter,Chicken Wings,1,34.0,34.0
ORD-102096,Italian,Main,Beef Lasagna,1,55.0,55.0
ORD-102097,Indian,Main,Dal Makhani,1,32.0,32.0
ORD-102097,Indian,Side,Jeera Rice,1,14.0,14.0
ORD-102098,Continental,Main,Grilled Chicken Burger,1,42.0,42.0
ORD-102098,Continental,Side,French Fries,1,16.0,16.0
ORD-102099,Continental,Main,Grilled Chicken with Mash,1,52.0,52.0
ORD-102100,Italian,Main,Pepperoni Pizza,1,52.0,52.0
ORD-102100,Italian,Side,Garlic Bread,1,18.0,18.0
ORD-102100,Italian,Beverage,Italian Lemon Soda,1,18.0,18.0
ORD-102101,Italian,Main,Penne Arrabbiata,1,42.0,42.0
ORD-102101,Italian,Main,Margherita Pizza,1,45.0,45.0
ORD-102101,Italian,Starter,Bruschetta,1,26.0,26.0
ORD-102101,Italian,Side,Garlic Bread,2,18.0,36.0
ORD-102101,Chinese,Beverage,Jasmine Tea,1,12.0,12.0
ORD-102102,Indian,Main,Butter Chicken,2,45.0,90.0
ORD-102102,Indian,Side,Garlic Naan,1,8.0,8.0
ORD-102102,Indian,Beverage,Mango Lassi,1,16.0,16.0
ORD-102103,Italian,Main,Fettuccine Alfredo,1,48.0,48.0
ORD-102103,Italian,Side,Garlic Bread,1,18.0,18.0
ORD-102104,Indian,Main,Butter Chicken,1,45.0,45.0
ORD-102104,Indian,Starter,Vegetable Samosa,1,16.0,16.0
ORD-102104,Indian,Side,Garlic Naan,1,8.0,8.0
ORD-102104,Indian,Beverage,Mango Lassi,1,16.0,16.0
ORD-102105,Indian,Main,Palak Paneer,1,34.0,34.0
ORD-102105,Indian,Side,Jeera Rice,1,14.0,14.0
ORD-102105,Indian,Beverage,Mango Lassi,1,16.0,16.0
ORD-102106,Italian,Main,Penne Arrabbiata,2,42.0,84.0
ORD-102106,Italian,Main,Beef Lasagna,1,55.0,55.0
ORD-102106,Italian,Starter,Caesar Salad,1,32.0,32.0
ORD-102106,Italian,Beverage,Italian Lemon Soda,2,18.0,36.0
ORD-102107,Indian,Main,Dal Makhani,1,32.0,32.0
ORD-102107,Indian,Starter,Chicken Tikka,1,36.0,36.0
ORD-102107,Indian,Side,Garlic Naan,1,8.0,8.0
ORD-102107,Indian,Beverage,Mango Lassi,1,16.0,16.0
ORD-102108,Indian,Main,Mutton Biryani,1,52.0,52.0
ORD-102108,Indian,Main,Dal Makhani,1,32.0,32.0
ORD-102108,Indian,Side,Garlic Naan,2,8.0,16.0
ORD-102108,Indian,Beverage,Mango Lassi,2,16.0,32.0
ORD-102109,Italian,Main,Beef Lasagna,1,55.0,55.0
ORD-102109,Chinese,Starter,Spring Rolls,1,22.0,22.0
ORD-102110,Continental,Main,Classic Beef Burger,1,48.0,48.0
ORD-102110,Continental,Main,Grilled Chicken Burger,1,42.0,42.0
ORD-102110,Continental,Side,French Fries,2,16.0,32.0
ORD-102110,Continental,Beverage,Chocolate Milkshake,2,22.0,44.0
ORD-102111,Indian,Main,Chicken Biryani,1,42.0,42.0
ORD-102111,Chinese,Starter,Hot and Sour Soup,1,24.0,24.0
ORD-102111,Indian,Side,Garlic Naan,1,8.0,8.0
ORD-102111,Chinese,Beverage,Jasmine Tea,1,12.0,12.0
ORD-102112,Indian,Main,Dal Makhani,1,32.0,32.0
ORD-102112,Indian,Main,Mutton Biryani,1,52.0,52.0
ORD-102112,Indian,Side,Jeera Rice,1,14.0,14.0
ORD-102113,Arabic,Main,Chicken Shawarma Plate,2,38.0,76.0
ORD-102113,Arabic,Starter,Fattoush,1,24.0,24.0
ORD-102113,Arabic,Beverage,Mint Lemonade,1,18.0,18.0
ORD-102114,Chinese,Main,Chicken Fried Rice,1,34.0,34.0
ORD-102114,Chinese,Starter,Spring Rolls,1,22.0,22.0
ORD-102115,Arabic,Main,Lamb Mandi,1,62.0,62.0
ORD-102115,Arabic,Starter,Hummus,1,22.0,22.0
ORD-102115,Arabic,Beverage,Mint Lemonade,1,18.0,18.0
ORD-102116,Italian,Main,Fettuccine Alfredo,1,48.0,48.0
ORD-102116,Continental,Dessert,Chocolate Brownie,1,24.0,24.0
ORD-102117,Indian,Main,Butter Chicken,1,45.0,45.0
ORD-102117,Indian,Starter,Chicken Tikka,1,36.0,36.0
ORD-102117,Indian,Side,Garlic Naan,1,8.0,8.0
ORD-102118,Indian,Main,Chicken Biryani,2,42.0,84.0
ORD-102118,Indian,Side,Jeera Rice,1,14.0,14.0
ORD-102119,Continental,Main,Grilled Chicken with Mash,1,52.0,52.0
ORD-102119,Continental,Main,Grilled Salmon,1,78.0,78.0
ORD-102119,Continental,Starter,Soup of the Day,1,22.0,22.0
ORD-102120,Indian,Main,Dal Makhani,1,32.0,32.0
ORD-102120,Indian,Side,Jeera Rice,1,14.0,14.0
ORD-102121,Indian,Main,Butter Chicken,1,45.0,45.0
ORD-102122,Indian,Main,Butter Chicken,1,45.0,45.0
ORD-102122,Indian,Main,Dal Makhani,1,32.0,32.0
ORD-102122,Indian,Side,Garlic Naan,1,8.0,8.0
ORD-102122,Indian,Beverage,Mango Lassi,1,16.0,16.0
ORD-102123,Chinese,Main,Szechuan Beef,1,52.0,52.0
ORD-102123,Chinese,Starter,Hot and Sour Soup,1,24.0,24.0
ORD-102123,Chinese,Side,Steamed Rice,1,10.0,10.0
ORD-102124,Italian,Main,Pepperoni Pizza,1,52.0,52.0
ORD-102125,Italian,Main,Pepperoni Pizza,1,52.0,52.0
ORD-102125,Italian,Starter,Bruschetta,1,26.0,26.0
ORD-102126,Chinese,Main,Veg Hakka Noodles,1,32.0,32.0
ORD-102126,Italian,Main,Beef Lasagna,1,55.0,55.0
ORD-102126,Italian,Beverage,Italian Lemon Soda,2,18.0,36.0
ORD-102127,Italian,Main,Margherita Pizza,1,45.0,45.0
ORD-102127,Italian,Main,Pepperoni Pizza,1,52.0,52.0
ORD-102127,Italian,Main,Penne Arrabbiata,1,42.0,42.0
ORD-102127,Italian,Side,Garlic Bread,3,18.0,54.0
ORD-102128,Indian,Main,Butter Chicken,1,45.0,45.0
ORD-102128,Indian,Side,Jeera Rice,1,14.0,14.0
ORD-102129,Arabic,Main,Chicken Shawarma Plate,1,38.0,38.0
ORD-102130,Chinese,Main,Chicken Fried Rice,1,34.0,34.0
ORD-102130,Chinese,Main,Veg Hakka Noodles,1,32.0,32.0
ORD-102130,Chinese,Dessert,Mango Pudding,1,20.0,20.0
ORD-102131,Italian,Main,Penne Arrabbiata,1,42.0,42.0
ORD-102131,Italian,Beverage,Italian Lemon Soda,1,18.0,18.0
ORD-102132,Arabic,Main,Falafel Wrap,1,22.0,22.0
ORD-102132,Arabic,Starter,Fattoush,1,24.0,24.0
ORD-102132,Arabic,Side,Arabic Rice,1,12.0,12.0
ORD-102133,Arabic,Main,Chicken Shawarma Plate,1,38.0,38.0
ORD-102133,Arabic,Dessert,Kunafa,1,28.0,28.0
ORD-102134,Indian,Main,Butter Chicken,1,45.0,45.0
ORD-102134,Indian,Side,Garlic Naan,1,8.0,8.0
ORD-102134,Indian,Dessert,Gulab Jamun,1,18.0,18.0
ORD-102135,Indian,Main,Dal Makhani,1,32.0,32.0
ORD-102135,Indian,Side,Garlic Naan,1,8.0,8.0
ORD-102135,Indian,Beverage,Mango Lassi,1,16.0,16.0
ORD-102136,Arabic,Main,Mixed Grill,1,75.0,75.0
ORD-102136,Arabic,Side,Arabic Rice,1,12.0,12.0
ORD-102136,Arabic,Beverage,Mint Lemonade,1,18.0,18.0
ORD-102137,Italian,Main,Penne Arrabbiata,1,42.0,42.0
ORD-102138,Arabic,Main,Mixed Grill,1,75.0,75.0
ORD-102138,Arabic,Starter,Fattoush,1,24.0,24.0
ORD-102138,Arabic,Beverage,Mint Lemonade,1,18.0,18.0
ORD-102139,Arabic,Main,Lamb Mandi,1,62.0,62.0
ORD-102139,Arabic,Main,Mixed Grill,1,75.0,75.0
ORD-102140,Italian,Main,Pepperoni Pizza,1,52.0,52.0
ORD-102140,Continental,Starter,Chicken Wings,1,34.0,34.0
ORD-102140,Italian,Side,Garlic Bread,1,18.0,18.0
ORD-102141,Chinese,Main,Chicken Fried Rice,1,34.0,34.0
ORD-102141,Chinese,Dessert,Mango Pudding,1,20.0,20.0
ORD-102142,Chinese,Main,Kung Pao Chicken,1,44.0,44.0
ORD-102142,Chinese,Main,Chicken Fried Rice,1,34.0,34.0
ORD-102142,Chinese,Main,Chicken Manchurian,1,38.0,38.0
ORD-102142,Chinese,Side,Steamed Rice,2,10.0,20.0
ORD-102143,Continental,Main,Fish and Chips,1,50.0,50.0
ORD-102143,Continental,Main,Grilled Chicken Burger,1,42.0,42.0
ORD-102143,Continental,Main,Grilled Chicken with Mash,1,52.0,52.0
ORD-102143,Continental,Starter,Chicken Wings,1,34.0,34.0
ORD-102143,Continental,Beverage,Chocolate Milkshake,3,22.0,66.0
ORD-102144,Arabic,Main,Mixed Grill,1,75.0,75.0
ORD-102144,Arabic,Starter,Hummus,1,22.0,22.0
ORD-102145,Indian,Main,Palak Paneer,1,34.0,34.0
ORD-102145,Indian,Main,Dal Makhani,1,32.0,32.0
ORD-102145,Indian,Side,Garlic Naan,1,8.0,8.0
ORD-102145,Indian,Beverage,Mango Lassi,2,16.0,32.0
ORD-102146,Chinese,Main,Szechuan Beef,1,52.0,52.0
ORD-102146,Chinese,Starter,Hot and Sour Soup,1,24.0,24.0
ORD-102146,Chinese,Dessert,Mango Pudding,1,20.0,20.0
ORD-102146,Continental,Beverage,Chocolate Milkshake,1,22.0,22.0
ORD-102147,Chinese,Main,Szechuan Beef,1,52.0,52.0
ORD-102147,Chinese,Starter,Spring Rolls,1,22.0,22.0
ORD-102148,Indian,Main,Dal Makhani,1,32.0,32.0
ORD-102148,Indian,Side,Jeera Rice,1,14.0,14.0
ORD-102148,Indian,Dessert,Gulab Jamun,1,18.0,18.0
ORD-102149,Italian,Main,Margherita Pizza,1,45.0,45.0
ORD-102149,Italian,Starter,Caesar Salad,1,32.0,32.0
ORD-102150,Arabic,Main,Falafel Wrap,1,22.0,22.0
ORD-102150,Arabic,Dessert,Kunafa,1,28.0,28.0
ORD-102150,Arabic,Beverage,Mint Lemonade,1,18.0,18.0
ORD-102151,Arabic,Main,Mixed Grill,1,75.0,75.0
ORD-102151,Continental,Starter,Chicken Wings,1,34.0,34.0
ORD-102151,Arabic,Beverage,Mint Lemonade,1,18.0,18.0
ORD-102152,Italian,Main,Margherita Pizza,1,45.0,45.0
ORD-102152,Italian,Starter,Bruschetta,1,26.0,26.0
ORD-102152,Italian,Side,Garlic Bread,1,18.0,18.0
ORD-102152,Italian,Dessert,Tiramisu,1,30.0,30.0
ORD-102153,Continental,Main,Grilled Chicken Burger,1,42.0,42.0
ORD-102153,Continental,Dessert,Chocolate Brownie,1,24.0,24.0
ORD-102153,Continental,Beverage,Chocolate Milkshake,1,22.0,22.0
ORD-102154,Chinese,Main,Chicken Manchurian,1,38.0,38.0
ORD-102154,Italian,Main,Beef Lasagna,1,55.0,55.0
ORD-102154,Chinese,Main,Veg Hakka Noodles,1,32.0,32.0
ORD-102154,Chinese,Starter,Chicken Dim Sum,1,34.0,34.0
ORD-102155,Italian,Main,Margherita Pizza,1,45.0,45.0
ORD-102155,Italian,Side,Garlic Bread,1,18.0,18.0
ORD-102155,Italian,Beverage,Italian Lemon Soda,1,18.0,18.0
ORD-102156,Indian,Main,Chicken Biryani,1,42.0,42.0
ORD-102156,Indian,Main,Butter Chicken,1,45.0,45.0
ORD-102156,Indian,Dessert,Gulab Jamun,1,18.0,18.0
ORD-102156,Indian,Beverage,Mango Lassi,2,16.0,32.0
ORD-102157,Chinese,Main,Chicken Manchurian,1,38.0,38.0
ORD-102157,Chinese,Starter,Chicken Dim Sum,1,34.0,34.0
ORD-102157,Chinese,Dessert,Mango Pudding,1,20.0,20.0
ORD-102157,Chinese,Beverage,Jasmine Tea,1,12.0,12.0
ORD-102158,Italian,Main,Pepperoni Pizza,1,52.0,52.0
ORD-102158,Italian,Starter,Caesar Salad,1,32.0,32.0
ORD-102159,Arabic,Main,Lamb Mandi,2,62.0,124.0
ORD-102159,Arabic,Beverage,Mint Lemonade,2,18.0,36.0
ORD-102160,Italian,Main,Fettuccine Alfredo,1,48.0,48.0
ORD-102160,Italian,Starter,Caesar Salad,1,32.0,32.0
ORD-102161,Arabic,Main,Mixed Grill,2,75.0,150.0
ORD-102161,Arabic,Main,Falafel Wrap,1,22.0,22.0
ORD-102161,Arabic,Side,Arabic Rice,1,12.0,12.0
ORD-102161,Arabic,Dessert,Kunafa,1,28.0,28.0
ORD-102162,Arabic,Main,Chicken Shawarma Plate,3,38.0,114.0
ORD-102162,Arabic,Side,Arabic Rice,3,12.0,36.0
ORD-102163,Continental,Main,Grilled Salmon,1,78.0,78.0
ORD-102163,Continental,Main,Grilled Chicken Burger,1,42.0,42.0
ORD-102163,Continental,Starter,Soup of the Day,1,22.0,22.0
ORD-102164,Indian,Main,Dal Makhani,2,32.0,64.0
ORD-102164,Indian,Main,Chicken Biryani,1,42.0,42.0
ORD-102164,Indian,Main,Mutton Biryani,1,52.0,52.0
ORD-102164,Indian,Side,Jeera Rice,4,14.0,56.0
ORD-102165,Italian,Main,Pepperoni Pizza,1,52.0,52.0
ORD-102165,Italian,Side,Garlic Bread,1,18.0,18.0
ORD-102165,Italian,Dessert,Tiramisu,1,30.0,30.0
ORD-102166,Continental,Main,Classic Beef Burger,1,48.0,48.0
ORD-102166,Continental,Main,Fish and Chips,1,50.0,50.0
ORD-102166,Continental,Side,French Fries,2,16.0,32.0
ORD-102167,Continental,Main,Classic Beef Burger,2,48.0,96.0
ORD-102167,Continental,Main,Grilled Salmon,1,78.0,78.0
ORD-102167,Continental,Starter,Chicken Wings,1,34.0,34.0
ORD-102167,Continental,Side,French Fries,2,16.0,32.0
ORD-102168,Italian,Main,Fettuccine Alfredo,1,48.0,48.0
ORD-102168,Italian,Dessert,Tiramisu,1,30.0,30.0
ORD-102168,Italian,Beverage,Italian Lemon Soda,1,18.0,18.0
ORD-102169,Italian,Main,Margherita Pizza,1,45.0,45.0
ORD-102169,Italian,Starter,Caesar Salad,1,32.0,32.0
ORD-102169,Italian,Side,Garlic Bread,1,18.0,18.0
ORD-102170,Arabic,Main,Lamb Mandi,1,62.0,62.0
ORD-102170,Arabic,Beverage,Mint Lemonade,1,18.0,18.0
ORD-102171,Indian,Main,Chicken Biryani,1,42.0,42.0
ORD-102171,Indian,Main,Mutton Biryani,1,52.0,52.0
ORD-102171,Indian,Side,Jeera Rice,2,14.0,28.0
ORD-102171,Arabic,Beverage,Mint Lemonade,2,18.0,36.0
ORD-102172,Indian,Main,Mutton Biryani,1,52.0,52.0
ORD-102173,Indian,Main,Chicken Biryani,1,42.0,42.0
ORD-102173,Arabic,Main,Lamb Mandi,1,62.0,62.0
ORD-102173,Indian,Starter,Vegetable Samosa,1,16.0,16.0
ORD-102173,Indian,Side,Garlic Naan,1,8.0,8.0
ORD-102173,Arabic,Beverage,Mint Lemonade,2,18.0,36.0
ORD-102174,Indian,Main,Chicken Biryani,1,42.0,42.0
ORD-102174,Indian,Side,Garlic Naan,1,8.0,8.0
ORD-102175,Indian,Main,Mutton Biryani,1,52.0,52.0
ORD-102175,Indian,Starter,Paneer Tikka,1,32.0,32.0
ORD-102175,Indian,Beverage,Mango Lassi,1,16.0,16.0
ORD-102176,Continental,Main,Grilled Salmon,1,78.0,78.0
ORD-102176,Continental,Main,Grilled Chicken with Mash,1,52.0,52.0
ORD-102176,Continental,Starter,Soup of the Day,1,22.0,22.0
ORD-102176,Continental,Side,French Fries,1,16.0,16.0
ORD-102177,Continental,Main,Classic Beef Burger,1,48.0,48.0
ORD-102177,Continental,Starter,Chicken Wings,1,34.0,34.0
ORD-102177,Continental,Side,French Fries,1,16.0,16.0
ORD-102178,Indian,Main,Butter Chicken,1,45.0,45.0
ORD-102178,Indian,Main,Dal Makhani,1,32.0,32.0
ORD-102178,Indian,Side,Garlic Naan,1,8.0,8.0
ORD-102179,Arabic,Main,Chicken Machboos,1,48.0,48.0
ORD-102179,Arabic,Main,Falafel Wrap,1,22.0,22.0
ORD-102179,Arabic,Starter,Mutabbal,1,22.0,22.0
ORD-102179,Arabic,Side,Arabic Rice,2,12.0,24.0
ORD-102179,Arabic,Beverage,Mint Lemonade,2,18.0,36.0
ORD-102180,Chinese,Main,Chicken Manchurian,1,38.0,38.0
ORD-102180,Chinese,Side,Steamed Rice,1,10.0,10.0
ORD-102180,Chinese,Beverage,Jasmine Tea,1,12.0,12.0
ORD-102181,Arabic,Main,Chicken Shawarma Plate,1,38.0,38.0
ORD-102181,Arabic,Starter,Hummus,1,22.0,22.0
ORD-102182,Indian,Main,Mutton Biryani,1,52.0,52.0
ORD-102182,Indian,Side,Garlic Naan,1,8.0,8.0
ORD-102182,Indian,Beverage,Mango Lassi,1,16.0,16.0
ORD-102183,Arabic,Main,Chicken Shawarma Plate,1,38.0,38.0
ORD-102183,Indian,Main,Butter Chicken,1,45.0,45.0
ORD-102183,Arabic,Starter,Hummus,1,22.0,22.0
ORD-102183,Arabic,Side,Arabic Rice,1,12.0,12.0
ORD-102183,Arabic,Dessert,Umm Ali,1,26.0,26.0
ORD-102184,Italian,Main,Margherita Pizza,1,45.0,45.0
ORD-102184,Italian,Starter,Caesar Salad,1,32.0,32.0
ORD-102185,Arabic,Main,Mixed Grill,1,75.0,75.0
ORD-102185,Arabic,Main,Falafel Wrap,2,22.0,44.0
ORD-102185,Arabic,Starter,Fattoush,1,24.0,24.0
ORD-102185,Arabic,Side,Arabic Rice,1,12.0,12.0
ORD-102185,Arabic,Dessert,Kunafa,1,28.0,28.0
ORD-102185,Arabic,Beverage,Mint Lemonade,2,18.0,36.0
ORD-102186,Indian,Main,Butter Chicken,1,45.0,45.0
ORD-102186,Continental,Main,Fish and Chips,1,50.0,50.0
ORD-102187,Arabic,Main,Chicken Shawarma Plate,1,38.0,38.0
ORD-102187,Continental,Dessert,Chocolate Brownie,1,24.0,24.0
ORD-102187,Continental,Beverage,Chocolate Milkshake,1,22.0,22.0
ORD-102188,Arabic,Main,Chicken Shawarma Plate,1,38.0,38.0
ORD-102188,Arabic,Main,Mixed Grill,1,75.0,75.0
ORD-102189,Italian,Main,Pepperoni Pizza,1,52.0,52.0
ORD-102189,Italian,Main,Margherita Pizza,1,45.0,45.0
ORD-102189,Italian,Side,Garlic Bread,1,18.0,18.0
ORD-102189,Italian,Beverage,Italian Lemon Soda,2,18.0,36.0
ORD-102190,Indian,Main,Dal Makhani,1,32.0,32.0
ORD-102190,Indian,Beverage,Mango Lassi,1,16.0,16.0
ORD-102191,Arabic,Main,Falafel Wrap,1,22.0,22.0
ORD-102191,Arabic,Starter,Hummus,1,22.0,22.0
ORD-102191,Arabic,Side,Arabic Rice,1,12.0,12.0
ORD-102192,Italian,Main,Pepperoni Pizza,1,52.0,52.0
ORD-102192,Italian,Main,Fettuccine Alfredo,1,48.0,48.0
ORD-102193,Chinese,Main,Kung Pao Chicken,1,44.0,44.0
ORD-102193,Indian,Main,Chicken Biryani,1,42.0,42.0
ORD-102193,Chinese,Beverage,Jasmine Tea,1,12.0,12.0
ORD-102194,Indian,Main,Chicken Biryani,1,42.0,42.0
ORD-102194,Indian,Main,Mutton Biryani,1,52.0,52.0
ORD-102194,Indian,Side,Jeera Rice,1,14.0,14.0
ORD-102195,Arabic,Main,Chicken Shawarma Plate,1,38.0,38.0
ORD-102195,Arabic,Main,Falafel Wrap,1,22.0,22.0
ORD-102195,Arabic,Starter,Fattoush,1,24.0,24.0
ORD-102195,Arabic,Dessert,Umm Ali,1,26.0,26.0
ORD-102195,Arabic,Beverage,Mint Lemonade,1,18.0,18.0
ORD-102196,Italian,Main,Penne Arrabbiata,1,42.0,42.0
ORD-102197,Indian,Main,Butter Chicken,1,45.0,45.0
ORD-102197,Indian,Main,Palak Paneer,1,34.0,34.0
ORD-102197,Indian,Main,Dal Makhani,1,32.0,32.0
ORD-102197,Indian,Side,Garlic Naan,2,8.0,16.0
ORD-102197,Indian,Beverage,Mango Lassi,3,16.0,48.0
ORD-102198,Indian,Main,Chicken Biryani,1,42.0,42.0
ORD-102198,Indian,Side,Garlic Naan,1,8.0,8.0
ORD-102198,Indian,Beverage,Mango Lassi,1,16.0,16.0
ORD-102199,Italian,Main,Pepperoni Pizza,1,52.0,52.0
ORD-102199,Italian,Beverage,Italian Lemon Soda,1,18.0,18.0
ORD-102200,Indian,Main,Dal Makhani,1,32.0,32.0
ORD-102200,Indian,Starter,Vegetable Samosa,1,16.0,16.0
ORD-102200,Indian,Side,Garlic Naan,1,8.0,8.0
ORD-102200,Indian,Beverage,Mango Lassi,1,16.0,16.0
ORD-102201,Indian,Main,Mutton Biryani,1,52.0,52.0
ORD-102201,Indian,Side,Jeera Rice,1,14.0,14.0
ORD-102201,Indian,Beverage,Mango Lassi,1,16.0,16.0
ORD-102202,Continental,Main,Grilled Salmon,1,78.0,78.0
ORD-102202,Chinese,Starter,Hot and Sour Soup,1,24.0,24.0
ORD-102202,Chinese,Dessert,Mango Pudding,1,20.0,20.0
ORD-102203,Indian,Main,Palak Paneer,1,34.0,34.0
ORD-102203,Indian,Starter,Vegetable Samosa,1,16.0,16.0
ORD-102203,Indian,Side,Jeera Rice,1,14.0,14.0
ORD-102204,Arabic,Main,Chicken Shawarma Plate,1,38.0,38.0
ORD-102204,Chinese,Starter,Chicken Dim Sum,1,34.0,34.0
ORD-102204,Arabic,Side,Arabic Rice,1,12.0,12.0
ORD-102204,Arabic,Dessert,Umm Ali,1,26.0,26.0
ORD-102205,Indian,Main,Butter Chicken,2,45.0,90.0
ORD-102205,Indian,Main,Palak Paneer,1,34.0,34.0
ORD-102205,Indian,Side,Garlic Naan,1,8.0,8.0
ORD-102205,Indian,Beverage,Mango Lassi,2,16.0,32.0
ORD-102206,Arabic,Main,Falafel Wrap,1,22.0,22.0
ORD-102206,Arabic,Dessert,Kunafa,1,28.0,28.0
ORD-102206,Arabic,Beverage,Mint Lemonade,1,18.0,18.0
ORD-102207,Arabic,Main,Mixed Grill,1,75.0,75.0
ORD-102207,Arabic,Beverage,Mint Lemonade,1,18.0,18.0
ORD-102208,Chinese,Main,Chicken Manchurian,1,38.0,38.0
ORD-102208,Chinese,Starter,Hot and Sour Soup,1,24.0,24.0
ORD-102208,Chinese,Side,Steamed Rice,1,10.0,10.0
ORD-102209,Arabic,Main,Chicken Shawarma Plate,1,38.0,38.0
ORD-102209,Arabic,Starter,Fattoush,1,24.0,24.0
ORD-102210,Continental,Main,Grilled Salmon,1,78.0,78.0
ORD-102211,Continental,Main,Grilled Salmon,1,78.0,78.0
ORD-102211,Continental,Starter,Chicken Wings,1,34.0,34.0
ORD-102211,Continental,Side,French Fries,1,16.0,16.0
ORD-102212,Chinese,Main,Kung Pao Chicken,1,44.0,44.0
ORD-102213,Italian,Main,Penne Arrabbiata,1,42.0,42.0
ORD-102213,Italian,Main,Pepperoni Pizza,1,52.0,52.0
ORD-102214,Italian,Main,Beef Lasagna,1,55.0,55.0
ORD-102214,Italian,Main,Pepperoni Pizza,1,52.0,52.0
ORD-102214,Italian,Main,Margherita Pizza,1,45.0,45.0
ORD-102214,Italian,Starter,Bruschetta,1,26.0,26.0
ORD-102215,Italian,Main,Pepperoni Pizza,2,52.0,104.0
ORD-102215,Italian,Starter,Bruschetta,1,26.0,26.0
ORD-102215,Italian,Dessert,Tiramisu,1,30.0,30.0
ORD-102216,Indian,Main,Mutton Biryani,1,52.0,52.0
ORD-102216,Chinese,Main,Kung Pao Chicken,1,44.0,44.0
ORD-102216,Chinese,Starter,Spring Rolls,1,22.0,22.0
ORD-102216,Indian,Side,Jeera Rice,1,14.0,14.0
ORD-102216,Indian,Beverage,Mango Lassi,2,16.0,32.0
ORD-102217,Arabic,Main,Lamb Mandi,1,62.0,62.0
ORD-102217,Arabic,Starter,Hummus,1,22.0,22.0
ORD-102217,Arabic,Side,Arabic Rice,1,12.0,12.0
ORD-102217,Arabic,Dessert,Umm Ali,1,26.0,26.0
ORD-102217,Arabic,Beverage,Mint Lemonade,1,18.0,18.0
ORD-102218,Arabic,Main,Mixed Grill,1,75.0,75.0
ORD-102218,Arabic,Side,Arabic Rice,1,12.0,12.0
ORD-102219,Continental,Main,Fish and Chips,1,50.0,50.0
ORD-102219,Continental,Side,French Fries,1,16.0,16.0
ORD-102220,Indian,Main,Mutton Biryani,1,52.0,52.0
ORD-102220,Continental,Main,Classic Beef Burger,1,48.0,48.0
ORD-102220,Indian,Side,Jeera Rice,1,14.0,14.0
ORD-102220,Continental,Beverage,Chocolate Milkshake,2,22.0,44.0
ORD-102221,Indian,Main,Mutton Biryani,1,52.0,52.0
ORD-102221,Indian,Starter,Vegetable Samosa,1,16.0,16.0
ORD-102221,Indian,Side,Garlic Naan,1,8.0,8.0
ORD-102222,Italian,Main,Pepperoni Pizza,1,52.0,52.0
ORD-102222,Italian,Main,Margherita Pizza,1,45.0,45.0
ORD-102222,Italian,Dessert,Tiramisu,1,30.0,30.0
ORD-102223,Arabic,Main,Chicken Shawarma Plate,1,38.0,38.0
ORD-102224,Continental,Main,Grilled Chicken with Mash,1,52.0,52.0
ORD-102224,Arabic,Main,Mixed Grill,1,75.0,75.0
ORD-102224,Continental,Main,Classic Beef Burger,1,48.0,48.0
ORD-102224,Arabic,Starter,Hummus,1,22.0,22.0
ORD-102224,Continental,Side,French Fries,3,16.0,48.0
ORD-102224,Arabic,Beverage,Mint Lemonade,1,18.0,18.0
ORD-102225,Indian,Main,Dal Makhani,1,32.0,32.0
ORD-102225,Indian,Main,Chicken Biryani,1,42.0,42.0
ORD-102225,Indian,Main,Butter Chicken,1,45.0,45.0
ORD-102225,Italian,Starter,Bruschetta,1,26.0,26.0
ORD-102225,Indian,Side,Jeera Rice,1,14.0,14.0
ORD-102225,Indian,Beverage,Mango Lassi,3,16.0,48.0
ORD-102226,Arabic,Main,Chicken Shawarma Plate,1,38.0,38.0
ORD-102226,Arabic,Main,Falafel Wrap,1,22.0,22.0
ORD-102226,Arabic,Starter,Hummus,1,22.0,22.0
ORD-102226,Arabic,Dessert,Umm Ali,1,26.0,26.0
ORD-102227,Arabic,Main,Chicken Machboos,1,48.0,48.0
ORD-102227,Arabic,Side,Arabic Rice,1,12.0,12.0
ORD-102227,Italian,Dessert,Tiramisu,1,30.0,30.0
ORD-102228,Arabic,Main,Mixed Grill,1,75.0,75.0
ORD-102228,Arabic,Dessert,Kunafa,1,28.0,28.0
ORD-102229,Indian,Main,Chicken Biryani,2,42.0,84.0
ORD-102229,Indian,Side,Garlic Naan,2,8.0,16.0
ORD-102229,Indian,Dessert,Gulab Jamun,1,18.0,18.0
ORD-102230,Continental,Main,Classic Beef Burger,1,48.0,48.0
ORD-102230,Continental,Side,French Fries,1,16.0,16.0
ORD-102230,Continental,Dessert,New York Cheesecake,1,28.0,28.0
ORD-102230,Continental,Beverage,Chocolate Milkshake,1,22.0,22.0
ORD-102231,Italian,Main,Beef Lasagna,1,55.0,55.0
ORD-102232,Italian,Main,Beef Lasagna,2,55.0,110.0
ORD-102232,Italian,Main,Penne Arrabbiata,1,42.0,42.0
ORD-102232,Italian,Starter,Caesar Salad,1,32.0,32.0
ORD-102232,Italian,Beverage,Italian Lemon Soda,3,18.0,54.0
ORD-102233,Continental,Main,Grilled Chicken with Mash,1,52.0,52.0
ORD-102234,Indian,Main,Palak Paneer,1,34.0,34.0
ORD-102234,Indian,Main,Mutton Biryani,1,52.0,52.0
ORD-102234,Indian,Main,Butter Chicken,1,45.0,45.0
ORD-102234,Indian,Starter,Chicken Tikka,1,36.0,36.0
ORD-102235,Italian,Main,Margherita Pizza,1,45.0,45.0
ORD-102235,Italian,Main,Fettuccine Alfredo,1,48.0,48.0
ORD-102235,Italian,Starter,Bruschetta,1,26.0,26.0
ORD-102235,Italian,Side,Garlic Bread,2,18.0,36.0
ORD-102236,Continental,Main,Classic Beef Burger,1,48.0,48.0
ORD-102236,Continental,Main,Fish and Chips,1,50.0,50.0
ORD-102237,Italian,Main,Beef Lasagna,1,55.0,55.0
ORD-102237,Italian,Main,Pepperoni Pizza,2,52.0,104.0
ORD-102237,Italian,Beverage,Italian Lemon Soda,1,18.0,18.0
ORD-102238,Italian,Main,Pepperoni Pizza,1,52.0,52.0
ORD-102238,Italian,Beverage,Italian Lemon Soda,1,18.0,18.0
ORD-102239,Arabic,Main,Chicken Shawarma Plate,1,38.0,38.0
ORD-102239,Arabic,Beverage,Mint Lemonade,1,18.0,18.0
ORD-102240,Indian,Main,Chicken Biryani,1,42.0,42.0
ORD-102240,Indian,Main,Palak Paneer,1,34.0,34.0
ORD-102240,Indian,Starter,Chicken Tikka,1,36.0,36.0
ORD-102240,Indian,Dessert,Gulab Jamun,1,18.0,18.0
ORD-102240,Indian,Beverage,Mango Lassi,2,16.0,32.0
ORD-102241,Chinese,Main,Kung Pao Chicken,1,44.0,44.0
ORD-102241,Chinese,Side,Steamed Rice,1,10.0,10.0
ORD-102241,Chinese,Beverage,Jasmine Tea,1,12.0,12.0
ORD-102242,Italian,Main,Fettuccine Alfredo,1,48.0,48.0
ORD-102242,Italian,Starter,Caesar Salad,1,32.0,32.0
ORD-102242,Italian,Beverage,Italian Lemon Soda,1,18.0,18.0
ORD-102243,Italian,Main,Penne Arrabbiata,1,42.0,42.0
ORD-102243,Italian,Starter,Bruschetta,1,26.0,26.0
ORD-102243,Italian,Side,Garlic Bread,1,18.0,18.0
ORD-102244,Chinese,Main,Chicken Fried Rice,1,34.0,34.0
ORD-102244,Chinese,Side,Steamed Rice,1,10.0,10.0
ORD-102244,Chinese,Dessert,Mango Pudding,1,20.0,20.0
ORD-102244,Chinese,Beverage,Jasmine Tea,1,12.0,12.0
ORD-102245,Arabic,Main,Lamb Mandi,1,62.0,62.0
ORD-102245,Arabic,Main,Chicken Machboos,1,48.0,48.0
ORD-102246,Indian,Main,Chicken Biryani,1,42.0,42.0
ORD-102246,Arabic,Main,Mixed Grill,1,75.0,75.0
ORD-102246,Indian,Side,Jeera Rice,2,14.0,28.0
ORD-102246,Indian,Beverage,Mango Lassi,1,16.0,16.0
ORD-102247,Italian,Main,Margherita Pizza,2,45.0,90.0
ORD-102247,Italian,Dessert,Tiramisu,1,30.0,30.0
ORD-102247,Italian,Beverage,Italian Lemon Soda,2,18.0,36.0
ORD-102248,Continental,Main,Fish and Chips,1,50.0,50.0
ORD-102249,Chinese,Main,Chicken Manchurian,1,38.0,38.0
ORD-102249,Chinese,Dessert,Mango Pudding,1,20.0,20.0
ORD-102249,Chinese,Beverage,Jasmine Tea,1,12.0,12.0
ORD-102250,Arabic,Main,Mixed Grill,1,75.0,75.0
ORD-102250,Arabic,Starter,Fattoush,1,24.0,24.0
ORD-102250,Arabic,Side,Arabic Rice,1,12.0,12.0
ORD-102250,Indian,Beverage,Mango Lassi,1,16.0,16.0
ORD-102251,Italian,Main,Fettuccine Alfredo,1,48.0,48.0
ORD-102251,Italian,Starter,Bruschetta,1,26.0,26.0
ORD-102251,Italian,Beverage,Italian Lemon Soda,1,18.0,18.0
ORD-102252,Italian,Main,Fettuccine Alfredo,1,48.0,48.0
ORD-102252,Italian,Main,Pepperoni Pizza,1,52.0,52.0
ORD-102252,Italian,Main,Penne Arrabbiata,1,42.0,42.0
ORD-102253,Chinese,Main,Chicken Fried Rice,2,34.0,68.0
ORD-102253,Chinese,Main,Chicken Manchurian,1,38.0,38.0
ORD-102253,Chinese,Beverage,Jasmine Tea,3,12.0,36.0
ORD-102254,Arabic,Main,Chicken Shawarma Plate,2,38.0,76.0
ORD-102254,Arabic,Side,Arabic Rice,1,12.0,12.0
ORD-102254,Arabic,Beverage,Mint Lemonade,1,18.0,18.0
ORD-102255,Continental,Main,Fish and Chips,1,50.0,50.0
ORD-102255,Continental,Side,French Fries,1,16.0,16.0
ORD-102256,Italian,Main,Fettuccine Alfredo,1,48.0,48.0
ORD-102256,Italian,Starter,Caesar Salad,1,32.0,32.0
ORD-102257,Indian,Main,Chicken Biryani,1,42.0,42.0
ORD-102257,Indian,Beverage,Mango Lassi,1,16.0,16.0
ORD-102258,Arabic,Main,Chicken Shawarma Plate,1,38.0,38.0
ORD-102258,Arabic,Main,Chicken Machboos,1,48.0,48.0
ORD-102258,Arabic,Starter,Mutabbal,1,22.0,22.0
ORD-102258,Arabic,Side,Arabic Rice,1,12.0,12.0
ORD-102259,Continental,Main,Grilled Chicken with Mash,1,52.0,52.0
ORD-102259,Continental,Side,French Fries,1,16.0,16.0
ORD-102260,Arabic,Main,Chicken Shawarma Plate,1,38.0,38.0
ORD-102260,Arabic,Starter,Mutabbal,1,22.0,22.0
ORD-102260,Arabic,Beverage,Mint Lemonade,1,18.0,18.0
ORD-102261,Arabic,Main,Lamb Mandi,1,62.0,62.0
ORD-102261,Arabic,Main,Chicken Machboos,1,48.0,48.0
ORD-102261,Arabic,Side,Arabic Rice,2,12.0,24.0
ORD-102261,Arabic,Beverage,Mint Lemonade,1,18.0,18.0
ORD-102262,Continental,Main,Classic Beef Burger,1,48.0,48.0
ORD-102262,Continental,Starter,Chicken Wings,1,34.0,34.0
ORD-102263,Chinese,Main,Szechuan Beef,1,52.0,52.0
ORD-102263,Indian,Main,Dal Makhani,1,32.0,32.0
ORD-102263,Indian,Starter,Chicken Tikka,1,36.0,36.0
ORD-102264,Italian,Main,Penne Arrabbiata,2,42.0,84.0
ORD-102264,Italian,Main,Pepperoni Pizza,1,52.0,52.0
ORD-102264,Italian,Beverage,Italian Lemon Soda,1,18.0,18.0
ORD-102265,Indian,Main,Mutton Biryani,1,52.0,52.0
ORD-102265,Indian,Starter,Paneer Tikka,1,32.0,32.0
ORD-102265,Indian,Side,Garlic Naan,1,8.0,8.0
ORD-102265,Indian,Beverage,Mango Lassi,1,16.0,16.0
ORD-102266,Chinese,Main,Chicken Manchurian,1,38.0,38.0
ORD-102266,Chinese,Main,Chicken Fried Rice,1,34.0,34.0
ORD-102267,Indian,Main,Chicken Biryani,2,42.0,84.0
ORD-102267,Chinese,Main,Kung Pao Chicken,1,44.0,44.0
ORD-102267,Indian,Starter,Paneer Tikka,1,32.0,32.0
ORD-102267,Indian,Side,Garlic Naan,3,8.0,24.0
ORD-102268,Indian,Main,Chicken Biryani,1,42.0,42.0
ORD-102268,Arabic,Starter,Mutabbal,1,22.0,22.0
ORD-102268,Indian,Beverage,Mango Lassi,1,16.0,16.0
ORD-102269,Italian,Main,Pepperoni Pizza,1,52.0,52.0
ORD-102269,Continental,Main,Grilled Chicken with Mash,1,52.0,52.0
ORD-102269,Italian,Starter,Bruschetta,1,26.0,26.0
ORD-102270,Italian,Main,Penne Arrabbiata,1,42.0,42.0
ORD-102271,Italian,Main,Beef Lasagna,1,55.0,55.0
ORD-102272,Arabic,Main,Chicken Shawarma Plate,1,38.0,38.0
ORD-102272,Arabic,Side,Arabic Rice,1,12.0,12.0
ORD-102272,Arabic,Dessert,Kunafa,1,28.0,28.0
ORD-102273,Italian,Main,Fettuccine Alfredo,1,48.0,48.0
ORD-102274,Continental,Main,Classic Beef Burger,1,48.0,48.0
ORD-102275,Indian,Main,Chicken Biryani,1,42.0,42.0
ORD-102275,Indian,Side,Jeera Rice,1,14.0,14.0
ORD-102275,Indian,Beverage,Mango Lassi,1,16.0,16.0
ORD-102276,Chinese,Main,Chicken Fried Rice,1,34.0,34.0
ORD-102276,Chinese,Beverage,Jasmine Tea,1,12.0,12.0
ORD-102277,Indian,Main,Butter Chicken,1,45.0,45.0
ORD-102277,Indian,Starter,Paneer Tikka,1,32.0,32.0
ORD-102278,Italian,Main,Margherita Pizza,1,45.0,45.0
ORD-102278,Indian,Starter,Paneer Tikka,1,32.0,32.0
ORD-102278,Italian,Beverage,Italian Lemon Soda,1,18.0,18.0
ORD-102279,Indian,Main,Butter Chicken,1,45.0,45.0
ORD-102279,Indian,Side,Jeera Rice,1,14.0,14.0
ORD-102280,Continental,Main,Grilled Chicken with Mash,1,52.0,52.0
ORD-102280,Continental,Main,Classic Beef Burger,1,48.0,48.0
ORD-102280,Continental,Main,Fish and Chips,1,50.0,50.0
ORD-102280,Continental,Starter,Chicken Wings,1,34.0,34.0
ORD-102280,Continental,Side,French Fries,1,16.0,16.0
ORD-102281,Indian,Main,Butter Chicken,1,45.0,45.0
ORD-102281,Indian,Dessert,Gulab Jamun,1,18.0,18.0
ORD-102282,Arabic,Main,Chicken Machboos,1,48.0,48.0
ORD-102282,Arabic,Main,Lamb Mandi,1,62.0,62.0
ORD-102283,Chinese,Main,Chicken Manchurian,1,38.0,38.0
ORD-102283,Chinese,Main,Szechuan Beef,1,52.0,52.0
ORD-102283,Chinese,Side,Steamed Rice,1,10.0,10.0
ORD-102284,Arabic,Main,Lamb Mandi,1,62.0,62.0
ORD-102284,Indian,Starter,Chicken Tikka,1,36.0,36.0
ORD-102285,Chinese,Main,Chicken Manchurian,1,38.0,38.0
ORD-102285,Chinese,Starter,Hot and Sour Soup,1,24.0,24.0
ORD-102285,Chinese,Dessert,Mango Pudding,1,20.0,20.0
ORD-102286,Italian,Main,Fettuccine Alfredo,1,48.0,48.0
ORD-102287,Chinese,Main,Kung Pao Chicken,1,44.0,44.0
ORD-102287,Indian,Main,Dal Makhani,1,32.0,32.0
ORD-102288,Indian,Main,Chicken Biryani,1,42.0,42.0
ORD-102288,Indian,Side,Garlic Naan,1,8.0,8.0
ORD-102289,Arabic,Main,Chicken Shawarma Plate,1,38.0,38.0
ORD-102289,Arabic,Main,Mixed Grill,1,75.0,75.0
ORD-102289,Arabic,Dessert,Kunafa,1,28.0,28.0
ORD-102290,Indian,Main,Palak Paneer,1,34.0,34.0
ORD-102290,Indian,Beverage,Mango Lassi,1,16.0,16.0
ORD-102291,Continental,Main,Fish and Chips,1,50.0,50.0
ORD-102292,Continental,Main,Grilled Chicken Burger,1,42.0,42.0
ORD-102292,Continental,Main,Classic Beef Burger,1,48.0,48.0
ORD-102292,Continental,Side,French Fries,2,16.0,32.0
ORD-102292,Indian,Dessert,Gulab Jamun,1,18.0,18.0
ORD-102292,Indian,Beverage,Mango Lassi,1,16.0,16.0
ORD-102293,Italian,Main,Margherita Pizza,1,45.0,45.0
ORD-102294,Italian,Main,Beef Lasagna,1,55.0,55.0
ORD-102294,Italian,Main,Fettuccine Alfredo,1,48.0,48.0
ORD-102294,Italian,Starter,Caesar Salad,1,32.0,32.0
ORD-102295,Indian,Main,Dal Makhani,1,32.0,32.0
ORD-102295,Indian,Side,Garlic Naan,1,8.0,8.0
ORD-102296,Italian,Main,Pepperoni Pizza,1,52.0,52.0
ORD-102296,Italian,Side,Garlic Bread,1,18.0,18.0
ORD-102296,Italian,Beverage,Italian Lemon Soda,1,18.0,18.0
ORD-102297,Italian,Main,Margherita Pizza,1,45.0,45.0
ORD-102297,Italian,Beverage,Italian Lemon Soda,1,18.0,18.0
ORD-102298,Indian,Main,Dal Makhani,1,32.0,32.0
ORD-102298,Indian,Main,Palak Paneer,1,34.0,34.0
ORD-102299,Continental,Main,Grilled Chicken with Mash,1,52.0,52.0
ORD-102299,Continental,Side,French Fries,1,16.0,16.0
ORD-102300,Italian,Main,Pepperoni Pizza,1,52.0,52.0
ORD-102300,Italian,Main,Fettuccine Alfredo,1,48.0,48.0
ORD-102300,Italian,Starter,Caesar Salad,1,32.0,32.0
ORD-102301,Chinese,Main,Veg Hakka Noodles,1,32.0,32.0
ORD-102301,Chinese,Main,Chicken Manchurian,1,38.0,38.0
ORD-102301,Chinese,Beverage,Jasmine Tea,2,12.0,24.0
ORD-102302,Arabic,Main,Chicken Machboos,1,48.0,48.0
ORD-102302,Arabic,Main,Falafel Wrap,1,22.0,22.0
ORD-102302,Arabic,Side,Arabic Rice,2,12.0,24.0
ORD-102303,Arabic,Main,Chicken Shawarma Plate,1,38.0,38.0
ORD-102304,Indian,Main,Butter Chicken,1,45.0,45.0
ORD-102304,Indian,Side,Garlic Naan,1,8.0,8.0
ORD-102305,Chinese,Main,Chicken Manchurian,2,38.0,76.0
ORD-102305,Chinese,Main,Kung Pao Chicken,1,44.0,44.0
ORD-102305,Chinese,Beverage,Jasmine Tea,3,12.0,36.0
ORD-102306,Italian,Main,Margherita Pizza,1,45.0,45.0
ORD-102307,Arabic,Main,Chicken Shawarma Plate,1,38.0,38.0
ORD-102307,Arabic,Main,Mixed Grill,1,75.0,75.0
ORD-102307,Arabic,Starter,Hummus,1,22.0,22.0
ORD-102308,Indian,Main,Palak Paneer,1,34.0,34.0
ORD-102308,Indian,Starter,Chicken Tikka,1,36.0,36.0
ORD-102308,Indian,Side,Garlic Naan,1,8.0,8.0
ORD-102308,Indian,Beverage,Mango Lassi,1,16.0,16.0
ORD-102309,Arabic,Main,Falafel Wrap,1,22.0,22.0
ORD-102309,Arabic,Side,Arabic Rice,1,12.0,12.0
ORD-102309,Indian,Beverage,Mango Lassi,1,16.0,16.0
ORD-102310,Chinese,Main,Szechuan Beef,1,52.0,52.0
ORD-102310,Chinese,Main,Chicken Fried Rice,1,34.0,34.0
ORD-102310,Chinese,Starter,Spring Rolls,1,22.0,22.0
ORD-102310,Chinese,Beverage,Jasmine Tea,1,12.0,12.0
ORD-102311,Italian,Main,Penne Arrabbiata,1,42.0,42.0
ORD-102311,Chinese,Main,Chicken Manchurian,1,38.0,38.0
ORD-102311,Italian,Dessert,Tiramisu,1,30.0,30.0
ORD-102311,Italian,Beverage,Italian Lemon Soda,1,18.0,18.0
ORD-102312,Italian,Main,Beef Lasagna,1,55.0,55.0
ORD-102313,Chinese,Main,Chicken Fried Rice,1,34.0,34.0
ORD-102313,Chinese,Main,Kung Pao Chicken,1,44.0,44.0
ORD-102313,Chinese,Side,Steamed Rice,2,10.0,20.0
ORD-102313,Chinese,Dessert,Mango Pudding,1,20.0,20.0
ORD-102314,Chinese,Main,Szechuan Beef,1,52.0,52.0
ORD-102314,Chinese,Side,Steamed Rice,1,10.0,10.0
ORD-102314,Chinese,Dessert,Mango Pudding,1,20.0,20.0
ORD-102314,Chinese,Beverage,Jasmine Tea,1,12.0,12.0
ORD-102315,Indian,Main,Chicken Biryani,1,42.0,42.0
ORD-102315,Indian,Main,Mutton Biryani,1,52.0,52.0
ORD-102315,Indian,Side,Garlic Naan,1,8.0,8.0
ORD-102315,Continental,Dessert,New York Cheesecake,1,28.0,28.0
ORD-102315,Indian,Beverage,Mango Lassi,1,16.0,16.0
ORD-102316,Indian,Main,Butter Chicken,1,45.0,45.0
ORD-102316,Indian,Main,Palak Paneer,1,34.0,34.0
ORD-102316,Indian,Starter,Paneer Tikka,1,32.0,32.0
ORD-102316,Indian,Side,Jeera Rice,1,14.0,14.0
ORD-102317,Arabic,Main,Chicken Shawarma Plate,2,38.0,76.0
ORD-102317,Arabic,Main,Chicken Machboos,1,48.0,48.0
ORD-102318,Italian,Main,Pepperoni Pizza,1,52.0,52.0
ORD-102318,Italian,Starter,Caesar Salad,1,32.0,32.0
ORD-102318,Italian,Dessert,Tiramisu,1,30.0,30.0
ORD-102319,Italian,Main,Penne Arrabbiata,1,42.0,42.0
ORD-102319,Italian,Main,Pepperoni Pizza,1,52.0,52.0
ORD-102319,Italian,Beverage,Italian Lemon Soda,1,18.0,18.0
ORD-102320,Indian,Main,Chicken Biryani,1,42.0,42.0
ORD-102320,Indian,Starter,Vegetable Samosa,1,16.0,16.0
ORD-102320,Indian,Side,Jeera Rice,1,14.0,14.0
ORD-102320,Indian,Beverage,Mango Lassi,1,16.0,16.0
ORD-102321,Indian,Main,Chicken Biryani,1,42.0,42.0
ORD-102321,Indian,Side,Garlic Naan,1,8.0,8.0
ORD-102321,Indian,Dessert,Gulab Jamun,1,18.0,18.0
ORD-102321,Indian,Beverage,Mango Lassi,1,16.0,16.0
ORD-102322,Continental,Main,Classic Beef Burger,2,48.0,96.0
ORD-102322,Continental,Beverage,Chocolate Milkshake,2,22.0,44.0
ORD-102323,Continental,Main,Classic Beef Burger,1,48.0,48.0
ORD-102323,Continental,Main,Grilled Chicken with Mash,2,52.0,104.0
ORD-102323,Continental,Starter,Chicken Wings,1,34.0,34.0
ORD-102323,Continental,Side,French Fries,2,16.0,32.0
ORD-102323,Continental,Dessert,New York Cheesecake,1,28.0,28.0
ORD-102324,Continental,Main,Classic Beef Burger,1,48.0,48.0
ORD-102325,Arabic,Main,Chicken Shawarma Plate,1,38.0,38.0
ORD-102325,Arabic,Side,Arabic Rice,1,12.0,12.0
ORD-102326,Italian,Main,Margherita Pizza,1,45.0,45.0
ORD-102326,Italian,Starter,Caesar Salad,1,32.0,32.0
ORD-102327,Arabic,Main,Mixed Grill,1,75.0,75.0
ORD-102327,Arabic,Starter,Hummus,1,22.0,22.0
ORD-102327,Arabic,Side,Arabic Rice,1,12.0,12.0
ORD-102328,Continental,Main,Grilled Salmon,1,78.0,78.0
ORD-102328,Continental,Starter,Chicken Wings,1,34.0,34.0
ORD-102329,Continental,Main,Classic Beef Burger,1,48.0,48.0
ORD-102329,Continental,Starter,Chicken Wings,1,34.0,34.0
ORD-102329,Continental,Side,French Fries,1,16.0,16.0
ORD-102330,Indian,Main,Chicken Biryani,2,42.0,84.0
ORD-102330,Indian,Main,Palak Paneer,1,34.0,34.0
ORD-102330,Indian,Starter,Paneer Tikka,1,32.0,32.0
ORD-102330,Indian,Side,Garlic Naan,2,8.0,16.0
ORD-102330,Indian,Beverage,Mango Lassi,3,16.0,48.0
ORD-102331,Continental,Main,Grilled Chicken Burger,1,42.0,42.0
ORD-102331,Continental,Starter,Chicken Wings,1,34.0,34.0
ORD-102331,Continental,Dessert,Chocolate Brownie,1,24.0,24.0
ORD-102331,Continental,Beverage,Chocolate Milkshake,1,22.0,22.0
ORD-102332,Chinese,Main,Chicken Manchurian,1,38.0,38.0
ORD-102332,Chinese,Side,Steamed Rice,1,10.0,10.0
ORD-102332,Chinese,Beverage,Jasmine Tea,1,12.0,12.0
ORD-102333,Italian,Main,Penne Arrabbiata,1,42.0,42.0
ORD-102333,Italian,Main,Fettuccine Alfredo,1,48.0,48.0
ORD-102333,Chinese,Main,Chicken Fried Rice,1,34.0,34.0
ORD-102333,Italian,Side,Garlic Bread,3,18.0,54.0
ORD-102333,Italian,Dessert,Tiramisu,1,30.0,30.0
ORD-102333,Italian,Beverage,Italian Lemon Soda,1,18.0,18.0
ORD-102334,Chinese,Main,Veg Hakka Noodles,1,32.0,32.0
ORD-102334,Chinese,Main,Kung Pao Chicken,1,44.0,44.0
ORD-102334,Chinese,Main,Chicken Fried Rice,1,34.0,34.0
ORD-102334,Chinese,Side,Steamed Rice,2,10.0,20.0
ORD-102335,Italian,Main,Beef Lasagna,1,55.0,55.0
ORD-102335,Indian,Main,Chicken Biryani,1,42.0,42.0
ORD-102335,Italian,Starter,Caesar Salad,1,32.0,32.0
ORD-102336,Chinese,Main,Veg Hakka Noodles,1,32.0,32.0
ORD-102336,Chinese,Starter,Spring Rolls,1,22.0,22.0
ORD-102336,Chinese,Side,Steamed Rice,1,10.0,10.0
ORD-102336,Chinese,Beverage,Jasmine Tea,1,12.0,12.0
ORD-102337,Indian,Main,Palak Paneer,1,34.0,34.0
ORD-102337,Indian,Side,Garlic Naan,1,8.0,8.0
ORD-102338,Indian,Main,Butter Chicken,1,45.0,45.0
ORD-102338,Continental,Beverage,Chocolate Milkshake,1,22.0,22.0
ORD-102339,Chinese,Main,Chicken Fried Rice,2,34.0,68.0
ORD-102339,Chinese,Starter,Chicken Dim Sum,1,34.0,34.0
ORD-102340,Indian,Main,Chicken Biryani,1,42.0,42.0
ORD-102340,Indian,Starter,Vegetable Samosa,1,16.0,16.0
ORD-102340,Indian,Dessert,Gulab Jamun,1,18.0,18.0
ORD-102340,Indian,Beverage,Mango Lassi,1,16.0,16.0
ORD-102341,Continental,Main,Classic Beef Burger,1,48.0,48.0
ORD-102341,Continental,Beverage,Chocolate Milkshake,1,22.0,22.0
ORD-102342,Italian,Main,Fettuccine Alfredo,1,48.0,48.0
ORD-102343,Arabic,Main,Chicken Shawarma Plate,1,38.0,38.0
ORD-102343,Italian,Main,Margherita Pizza,1,45.0,45.0
ORD-102343,Italian,Starter,Bruschetta,1,26.0,26.0
ORD-102343,Arabic,Side,Arabic Rice,2,12.0,24.0
ORD-102344,Italian,Main,Fettuccine Alfredo,1,48.0,48.0
ORD-102344,Italian,Starter,Bruschetta,1,26.0,26.0
ORD-102344,Italian,Side,Garlic Bread,1,18.0,18.0
ORD-102345,Indian,Main,Dal Makhani,1,32.0,32.0
ORD-102345,Indian,Starter,Vegetable Samosa,1,16.0,16.0
ORD-102345,Indian,Side,Jeera Rice,1,14.0,14.0
ORD-102345,Indian,Beverage,Mango Lassi,1,16.0,16.0
ORD-102346,Arabic,Main,Chicken Machboos,1,48.0,48.0
ORD-102346,Arabic,Starter,Fattoush,1,24.0,24.0
ORD-102346,Arabic,Beverage,Mint Lemonade,1,18.0,18.0
ORD-102347,Italian,Main,Pepperoni Pizza,1,52.0,52.0
ORD-102347,Italian,Main,Beef Lasagna,1,55.0,55.0
ORD-102348,Arabic,Main,Lamb Mandi,1,62.0,62.0
ORD-102348,Arabic,Starter,Hummus,1,22.0,22.0
ORD-102349,Arabic,Main,Mixed Grill,1,75.0,75.0
ORD-102349,Arabic,Starter,Hummus,1,22.0,22.0
ORD-102349,Arabic,Beverage,Mint Lemonade,1,18.0,18.0
ORD-102350,Continental,Main,Grilled Chicken Burger,1,42.0,42.0
ORD-102350,Continental,Main,Grilled Salmon,1,78.0,78.0
ORD-102350,Continental,Starter,Chicken Wings,1,34.0,34.0
ORD-102350,Continental,Dessert,New York Cheesecake,1,28.0,28.0
ORD-102350,Continental,Beverage,Chocolate Milkshake,1,22.0,22.0
ORD-102351,Arabic,Main,Chicken Shawarma Plate,1,38.0,38.0
ORD-102351,Arabic,Starter,Hummus,1,22.0,22.0
ORD-102351,Arabic,Dessert,Kunafa,1,28.0,28.0
ORD-102351,Arabic,Beverage,Mint Lemonade,1,18.0,18.0
ORD-102352,Indian,Main,Palak Paneer,1,34.0,34.0
ORD-102352,Indian,Main,Chicken Biryani,1,42.0,42.0
ORD-102352,Indian,Side,Jeera Rice,1,14.0,14.0
ORD-102352,Chinese,Dessert,Mango Pudding,1,20.0,20.0
ORD-102352,Chinese,Beverage,Jasmine Tea,2,12.0,24.0
ORD-102353,Indian,Main,Dal Makhani,1,32.0,32.0
ORD-102353,Indian,Starter,Vegetable Samosa,1,16.0,16.0
ORD-102353,Indian,Dessert,Gulab Jamun,1,18.0,18.0
ORD-102353,Indian,Beverage,Mango Lassi,1,16.0,16.0
ORD-102354,Indian,Main,Butter Chicken,1,45.0,45.0
ORD-102354,Indian,Side,Garlic Naan,1,8.0,8.0
ORD-102354,Italian,Dessert,Tiramisu,1,30.0,30.0
ORD-102354,Indian,Beverage,Mango Lassi,1,16.0,16.0
ORD-102355,Arabic,Main,Lamb Mandi,1,62.0,62.0
ORD-102356,Arabic,Main,Chicken Machboos,1,48.0,48.0
ORD-102356,Arabic,Side,Arabic Rice,1,12.0,12.0
ORD-102356,Arabic,Beverage,Mint Lemonade,1,18.0,18.0
ORD-102357,Indian,Main,Chicken Biryani,1,42.0,42.0
ORD-102357,Indian,Side,Garlic Naan,1,8.0,8.0
ORD-102358,Continental,Main,Classic Beef Burger,1,48.0,48.0
ORD-102358,Continental,Starter,Chicken Wings,1,34.0,34.0
ORD-102359,Indian,Main,Butter Chicken,1,45.0,45.0
ORD-102359,Indian,Main,Chicken Biryani,1,42.0,42.0
ORD-102359,Indian,Side,Garlic Naan,2,8.0,16.0
ORD-102359,Indian,Beverage,Mango Lassi,2,16.0,32.0
ORD-102360,Arabic,Main,Chicken Shawarma Plate,1,38.0,38.0
ORD-102360,Arabic,Starter,Fattoush,1,24.0,24.0
ORD-102360,Arabic,Side,Arabic Rice,1,12.0,12.0
ORD-102360,Arabic,Beverage,Mint Lemonade,1,18.0,18.0
ORD-102361,Italian,Main,Beef Lasagna,1,55.0,55.0
ORD-102362,Arabic,Main,Lamb Mandi,1,62.0,62.0
ORD-102363,Continental,Main,Classic Beef Burger,1,48.0,48.0
ORD-102363,Continental,Starter,Chicken Wings,1,34.0,34.0
ORD-102364,Italian,Main,Beef Lasagna,1,55.0,55.0
ORD-102364,Italian,Main,Margherita Pizza,1,45.0,45.0
ORD-102364,Italian,Side,Garlic Bread,2,18.0,36.0
ORD-102364,Italian,Beverage,Italian Lemon Soda,1,18.0,18.0
ORD-102365,Continental,Main,Classic Beef Burger,1,48.0,48.0
ORD-102365,Continental,Side,French Fries,1,16.0,16.0
ORD-102365,Continental,Dessert,Chocolate Brownie,1,24.0,24.0
ORD-102366,Indian,Main,Dal Makhani,1,32.0,32.0
ORD-102367,Indian,Main,Palak Paneer,1,34.0,34.0
ORD-102367,Chinese,Main,Chicken Manchurian,1,38.0,38.0
ORD-102367,Indian,Starter,Chicken Tikka,1,36.0,36.0
ORD-102367,Indian,Side,Garlic Naan,2,8.0,16.0
ORD-102368,Italian,Main,Fettuccine Alfredo,1,48.0,48.0
ORD-102368,Italian,Main,Penne Arrabbiata,1,42.0,42.0
ORD-102368,Italian,Beverage,Italian Lemon Soda,1,18.0,18.0
ORD-102369,Italian,Main,Pepperoni Pizza,1,52.0,52.0
ORD-102369,Italian,Starter,Caesar Salad,1,32.0,32.0
ORD-102370,Arabic,Main,Falafel Wrap,1,22.0,22.0
ORD-102370,Arabic,Dessert,Umm Ali,1,26.0,26.0
ORD-102370,Arabic,Beverage,Mint Lemonade,1,18.0,18.0
ORD-102371,Indian,Main,Chicken Biryani,1,42.0,42.0
ORD-102371,Indian,Main,Palak Paneer,1,34.0,34.0
ORD-102371,Indian,Side,Jeera Rice,2,14.0,28.0
ORD-102371,Indian,Dessert,Gulab Jamun,1,18.0,18.0
ORD-102372,Continental,Main,Grilled Salmon,1,78.0,78.0
ORD-102372,Continental,Main,Fish and Chips,1,50.0,50.0
ORD-102372,Continental,Main,Grilled Chicken Burger,1,42.0,42.0
ORD-102373,Italian,Main,Margherita Pizza,1,45.0,45.0
ORD-102373,Italian,Main,Fettuccine Alfredo,2,48.0,96.0
ORD-102373,Italian,Starter,Caesar Salad,1,32.0,32.0
ORD-102373,Italian,Side,Garlic Bread,2,18.0,36.0
ORD-102373,Italian,Beverage,Italian Lemon Soda,3,18.0,54.0
ORD-102374,Arabic,Main,Lamb Mandi,1,62.0,62.0
ORD-102374,Arabic,Side,Arabic Rice,1,12.0,12.0
ORD-102375,Italian,Main,Margherita Pizza,1,45.0,45.0
ORD-102375,Italian,Starter,Bruschetta,1,26.0,26.0
ORD-102376,Continental,Main,Classic Beef Burger,1,48.0,48.0
ORD-102376,Continental,Side,French Fries,1,16.0,16.0
ORD-102377,Italian,Main,Margherita Pizza,1,45.0,45.0
ORD-102378,Italian,Main,Fettuccine Alfredo,1,48.0,48.0
ORD-102378,Italian,Side,Garlic Bread,1,18.0,18.0
ORD-102379,Continental,Main,Classic Beef Burger,1,48.0,48.0
ORD-102379,Continental,Main,Fish and Chips,1,50.0,50.0
ORD-102379,Continental,Dessert,Chocolate Brownie,1,24.0,24.0
ORD-102380,Italian,Main,Pepperoni Pizza,1,52.0,52.0
ORD-102380,Italian,Starter,Bruschetta,1,26.0,26.0
ORD-102380,Italian,Side,Garlic Bread,1,18.0,18.0
ORD-102380,Italian,Beverage,Italian Lemon Soda,1,18.0,18.0
ORD-102381,Continental,Main,Classic Beef Burger,1,48.0,48.0
ORD-102381,Continental,Main,Grilled Salmon,1,78.0,78.0
ORD-102382,Indian,Main,Butter Chicken,1,45.0,45.0
ORD-102382,Indian,Starter,Paneer Tikka,1,32.0,32.0
ORD-102382,Indian,Side,Jeera Rice,1,14.0,14.0
ORD-102383,Continental,Main,Grilled Salmon,1,78.0,78.0
ORD-102383,Continental,Starter,Chicken Wings,1,34.0,34.0
ORD-102383,Continental,Dessert,Chocolate Brownie,1,24.0,24.0
ORD-102383,Continental,Beverage,Chocolate Milkshake,1,22.0,22.0
ORD-102384,Arabic,Main,Lamb Mandi,1,62.0,62.0
ORD-102384,Arabic,Starter,Fattoush,1,24.0,24.0
ORD-102384,Arabic,Dessert,Umm Ali,1,26.0,26.0
ORD-102385,Arabic,Main,Lamb Mandi,1,62.0,62.0
ORD-102385,Arabic,Starter,Hummus,1,22.0,22.0
ORD-102385,Arabic,Dessert,Umm Ali,1,26.0,26.0
ORD-102386,Italian,Main,Fettuccine Alfredo,2,48.0,96.0
ORD-102386,Italian,Side,Garlic Bread,1,18.0,18.0
ORD-102386,Italian,Dessert,Tiramisu,1,30.0,30.0
ORD-102386,Italian,Beverage,Italian Lemon Soda,1,18.0,18.0
ORD-102387,Arabic,Main,Chicken Shawarma Plate,1,38.0,38.0
ORD-102387,Arabic,Main,Lamb Mandi,1,62.0,62.0
ORD-102388,Continental,Main,Classic Beef Burger,1,48.0,48.0
ORD-102388,Continental,Starter,Chicken Wings,1,34.0,34.0
ORD-102389,Arabic,Main,Mixed Grill,1,75.0,75.0
ORD-102389,Arabic,Starter,Fattoush,1,24.0,24.0
ORD-102390,Continental,Main,Grilled Chicken Burger,2,42.0,84.0
ORD-102390,Continental,Starter,Chicken Wings,1,34.0,34.0
ORD-102391,Continental,Main,Classic Beef Burger,1,48.0,48.0
ORD-102391,Continental,Side,French Fries,1,16.0,16.0
ORD-102392,Continental,Main,Grilled Salmon,1,78.0,78.0
ORD-102392,Continental,Main,Fish and Chips,1,50.0,50.0
ORD-102392,Continental,Beverage,Chocolate Milkshake,1,22.0,22.0
ORD-102393,Continental,Main,Fish and Chips,1,50.0,50.0
ORD-102393,Continental,Main,Grilled Salmon,1,78.0,78.0
ORD-102393,Continental,Main,Classic Beef Burger,1,48.0,48.0
ORD-102393,Continental,Starter,Soup of the Day,1,22.0,22.0
ORD-102393,Arabic,Dessert,Umm Ali,1,26.0,26.0
ORD-102393,Continental,Beverage,Chocolate Milkshake,3,22.0,66.0
ORD-102394,Italian,Main,Pepperoni Pizza,1,52.0,52.0
ORD-102394,Italian,Main,Beef Lasagna,1,55.0,55.0
ORD-102394,Italian,Main,Fettuccine Alfredo,1,48.0,48.0
ORD-102394,Italian,Starter,Caesar Salad,1,32.0,32.0
ORD-102394,Italian,Side,Garlic Bread,2,18.0,36.0
ORD-102394,Italian,Beverage,Italian Lemon Soda,2,18.0,36.0
ORD-102395,Continental,Main,Grilled Chicken with Mash,1,52.0,52.0
ORD-102395,Continental,Main,Fish and Chips,1,50.0,50.0
ORD-102396,Arabic,Main,Falafel Wrap,1,22.0,22.0
ORD-102396,Arabic,Side,Arabic Rice,1,12.0,12.0
ORD-102397,Italian,Main,Fettuccine Alfredo,1,48.0,48.0
ORD-102397,Italian,Beverage,Italian Lemon Soda,1,18.0,18.0
ORD-102398,Indian,Main,Mutton Biryani,1,52.0,52.0
ORD-102398,Arabic,Main,Mixed Grill,1,75.0,75.0
ORD-102398,Arabic,Starter,Hummus,1,22.0,22.0
ORD-102398,Arabic,Beverage,Mint Lemonade,2,18.0,36.0
ORD-102399,Continental,Main,Grilled Salmon,1,78.0,78.0
ORD-102399,Continental,Main,Classic Beef Burger,1,48.0,48.0
ORD-102399,Italian,Beverage,Italian Lemon Soda,1,18.0,18.0
ORD-102400,Indian,Main,Palak Paneer,1,34.0,34.0
ORD-102400,Indian,Main,Dal Makhani,1,32.0,32.0
ORD-102400,Indian,Main,Chicken Biryani,1,42.0,42.0
ORD-102400,Indian,Side,Garlic Naan,1,8.0,8.0
ORD-102401,Arabic,Main,Falafel Wrap,1,22.0,22.0
ORD-102401,Indian,Main,Dal Makhani,1,32.0,32.0
ORD-102401,Arabic,Dessert,Kunafa,1,28.0,28.0
ORD-102401,Arabic,Beverage,Mint Lemonade,2,18.0,36.0
ORD-102402,Chinese,Main,Chicken Fried Rice,1,34.0,34.0
ORD-102402,Chinese,Main,Szechuan Beef,1,52.0,52.0
ORD-102402,Chinese,Starter,Hot and Sour Soup,1,24.0,24.0
ORD-102403,Italian,Main,Beef Lasagna,1,55.0,55.0
ORD-102403,Italian,Main,Margherita Pizza,2,45.0,90.0
ORD-102403,Italian,Starter,Caesar Salad,1,32.0,32.0
ORD-102403,Italian,Side,Garlic Bread,3,18.0,54.0
ORD-102403,Italian,Beverage,Italian Lemon Soda,3,18.0,54.0
ORD-102404,Arabic,Main,Chicken Machboos,1,48.0,48.0
ORD-102404,Arabic,Main,Chicken Shawarma Plate,1,38.0,38.0
ORD-102404,Arabic,Starter,Hummus,1,22.0,22.0
ORD-102405,Continental,Main,Classic Beef Burger,1,48.0,48.0
ORD-102405,Continental,Beverage,Chocolate Milkshake,1,22.0,22.0
ORD-102406,Chinese,Main,Szechuan Beef,1,52.0,52.0
ORD-102406,Chinese,Starter,Chicken Dim Sum,1,34.0,34.0
ORD-102406,Chinese,Dessert,Mango Pudding,1,20.0,20.0
ORD-102407,Chinese,Main,Szechuan Beef,1,52.0,52.0
ORD-102407,Italian,Starter,Bruschetta,1,26.0,26.0
ORD-102407,Italian,Beverage,Italian Lemon Soda,1,18.0,18.0
ORD-102408,Arabic,Main,Mixed Grill,1,75.0,75.0
ORD-102408,Arabic,Main,Falafel Wrap,1,22.0,22.0
ORD-102408,Arabic,Side,Arabic Rice,2,12.0,24.0
ORD-102409,Indian,Main,Chicken Biryani,1,42.0,42.0
ORD-102409,Indian,Main,Mutton Biryani,1,52.0,52.0
ORD-102409,Indian,Side,Garlic Naan,2,8.0,16.0
ORD-102409,Indian,Beverage,Mango Lassi,2,16.0,32.0
ORD-102410,Arabic,Main,Chicken Shawarma Plate,1,38.0,38.0
ORD-102411,Arabic,Main,Lamb Mandi,1,62.0,62.0
ORD-102411,Arabic,Starter,Fattoush,1,24.0,24.0
ORD-102412,Arabic,Main,Falafel Wrap,1,22.0,22.0
ORD-102412,Arabic,Main,Chicken Shawarma Plate,2,38.0,76.0
ORD-102413,Continental,Main,Classic Beef Burger,2,48.0,96.0
ORD-102413,Continental,Starter,Soup of the Day,1,22.0,22.0
ORD-102413,Continental,Dessert,New York Cheesecake,1,28.0,28.0
ORD-102413,Continental,Beverage,Chocolate Milkshake,2,22.0,44.0
ORD-102414,Continental,Main,Fish and Chips,1,50.0,50.0
ORD-102415,Arabic,Main,Chicken Shawarma Plate,1,38.0,38.0
ORD-102416,Indian,Main,Chicken Biryani,1,42.0,42.0
ORD-102416,Indian,Main,Palak Paneer,1,34.0,34.0
ORD-102416,Indian,Side,Garlic Naan,1,8.0,8.0
ORD-102416,Indian,Beverage,Mango Lassi,1,16.0,16.0
ORD-102417,Indian,Main,Butter Chicken,1,45.0,45.0
ORD-102418,Chinese,Main,Chicken Manchurian,1,38.0,38.0
ORD-102418,Chinese,Beverage,Jasmine Tea,1,12.0,12.0
ORD-102419,Indian,Main,Butter Chicken,1,45.0,45.0
ORD-102419,Indian,Main,Mutton Biryani,1,52.0,52.0
ORD-102419,Indian,Starter,Vegetable Samosa,1,16.0,16.0
ORD-102419,Indian,Beverage,Mango Lassi,2,16.0,32.0
ORD-102420,Italian,Main,Margherita Pizza,1,45.0,45.0
ORD-102420,Italian,Dessert,Tiramisu,1,30.0,30.0
ORD-102421,Chinese,Main,Chicken Manchurian,1,38.0,38.0
ORD-102421,Continental,Main,Grilled Chicken with Mash,1,52.0,52.0
ORD-102421,Continental,Main,Grilled Chicken Burger,1,42.0,42.0
ORD-102421,Chinese,Dessert,Mango Pudding,1,20.0,20.0
ORD-102421,Continental,Beverage,Chocolate Milkshake,2,22.0,44.0
ORD-102422,Continental,Main,Fish and Chips,1,50.0,50.0
ORD-102422,Continental,Main,Grilled Chicken Burger,1,42.0,42.0
ORD-102422,Continental,Starter,Chicken Wings,1,34.0,34.0
ORD-102422,Continental,Beverage,Chocolate Milkshake,1,22.0,22.0
ORD-102423,Continental,Main,Grilled Chicken Burger,1,42.0,42.0
ORD-102423,Continental,Main,Classic Beef Burger,1,48.0,48.0
ORD-102423,Continental,Dessert,New York Cheesecake,1,28.0,28.0
ORD-102423,Continental,Beverage,Chocolate Milkshake,2,22.0,44.0
ORD-102424,Continental,Main,Grilled Chicken with Mash,1,52.0,52.0
ORD-102424,Continental,Beverage,Chocolate Milkshake,1,22.0,22.0
ORD-102425,Arabic,Main,Lamb Mandi,1,62.0,62.0
ORD-102425,Arabic,Main,Mixed Grill,1,75.0,75.0
ORD-102426,Indian,Main,Dal Makhani,1,32.0,32.0
ORD-102426,Indian,Side,Garlic Naan,1,8.0,8.0
ORD-102426,Indian,Beverage,Mango Lassi,1,16.0,16.0
ORD-102427,Arabic,Main,Chicken Shawarma Plate,1,38.0,38.0
ORD-102427,Arabic,Starter,Hummus,1,22.0,22.0
ORD-102428,Arabic,Main,Mixed Grill,1,75.0,75.0
ORD-102428,Arabic,Dessert,Kunafa,1,28.0,28.0
ORD-102428,Arabic,Beverage,Mint Lemonade,1,18.0,18.0
ORD-102429,Italian,Main,Penne Arrabbiata,1,42.0,42.0
ORD-102430,Indian,Main,Dal Makhani,1,32.0,32.0
ORD-102430,Indian,Starter,Paneer Tikka,1,32.0,32.0
ORD-102430,Indian,Beverage,Mango Lassi,1,16.0,16.0
ORD-102431,Indian,Main,Dal Makhani,1,32.0,32.0
ORD-102431,Indian,Main,Palak Paneer,1,34.0,34.0
ORD-102431,Indian,Side,Garlic Naan,1,8.0,8.0
ORD-102431,Indian,Beverage,Mango Lassi,1,16.0,16.0
ORD-102432,Continental,Main,Grilled Chicken with Mash,1,52.0,52.0
ORD-102432,Continental,Main,Classic Beef Burger,1,48.0,48.0
ORD-102432,Continental,Beverage,Chocolate Milkshake,2,22.0,44.0
ORD-102433,Chinese,Main,Chicken Manchurian,1,38.0,38.0
ORD-102433,Chinese,Main,Szechuan Beef,1,52.0,52.0
ORD-102434,Indian,Main,Dal Makhani,1,32.0,32.0
ORD-102434,Indian,Side,Garlic Naan,1,8.0,8.0
ORD-102435,Continental,Main,Classic Beef Burger,1,48.0,48.0
ORD-102435,Continental,Main,Grilled Salmon,1,78.0,78.0
ORD-102435,Continental,Main,Grilled Chicken with Mash,1,52.0,52.0
ORD-102435,Continental,Dessert,Chocolate Brownie,1,24.0,24.0
ORD-102436,Italian,Main,Pepperoni Pizza,1,52.0,52.0
ORD-102436,Italian,Main,Penne Arrabbiata,1,42.0,42.0
ORD-102436,Arabic,Main,Mixed Grill,1,75.0,75.0
ORD-102437,Arabic,Main,Mixed Grill,1,75.0,75.0
ORD-102437,Arabic,Main,Chicken Shawarma Plate,1,38.0,38.0
ORD-102437,Arabic,Side,Arabic Rice,2,12.0,24.0
ORD-102438,Arabic,Main,Falafel Wrap,1,22.0,22.0
ORD-102438,Arabic,Main,Lamb Mandi,1,62.0,62.0
ORD-102438,Arabic,Starter,Fattoush,1,24.0,24.0
ORD-102439,Italian,Main,Beef Lasagna,1,55.0,55.0
ORD-102439,Italian,Main,Fettuccine Alfredo,1,48.0,48.0
ORD-102440,Italian,Main,Beef Lasagna,1,55.0,55.0
ORD-102440,Italian,Starter,Caesar Salad,1,32.0,32.0
ORD-102440,Italian,Side,Garlic Bread,1,18.0,18.0
ORD-102440,Italian,Dessert,Tiramisu,1,30.0,30.0
ORD-102441,Italian,Main,Beef Lasagna,1,55.0,55.0
ORD-102441,Italian,Dessert,Tiramisu,1,30.0,30.0
ORD-102442,Indian,Main,Butter Chicken,1,45.0,45.0
ORD-102442,Indian,Side,Jeera Rice,1,14.0,14.0
ORD-102442,Indian,Dessert,Gulab Jamun,1,18.0,18.0
ORD-102442,Indian,Beverage,Mango Lassi,1,16.0,16.0
ORD-102443,Indian,Main,Dal Makhani,1,32.0,32.0
ORD-102443,Indian,Starter,Vegetable Samosa,1,16.0,16.0
ORD-102443,Indian,Beverage,Mango Lassi,1,16.0,16.0
ORD-102444,Continental,Main,Grilled Chicken with Mash,1,52.0,52.0
ORD-102444,Continental,Main,Classic Beef Burger,1,48.0,48.0
ORD-102445,Continental,Main,Grilled Salmon,1,78.0,78.0
ORD-102445,Continental,Main,Grilled Chicken with Mash,1,52.0,52.0
ORD-102445,Continental,Starter,Chicken Wings,1,34.0,34.0
ORD-102446,Italian,Main,Fettuccine Alfredo,1,48.0,48.0
ORD-102446,Italian,Main,Pepperoni Pizza,1,52.0,52.0
ORD-102446,Italian,Starter,Caesar Salad,1,32.0,32.0
ORD-102447,Continental,Main,Grilled Salmon,2,78.0,156.0
ORD-102447,Arabic,Starter,Fattoush,1,24.0,24.0
ORD-102447,Continental,Side,French Fries,2,16.0,32.0
ORD-102447,Continental,Dessert,Chocolate Brownie,1,24.0,24.0
ORD-102447,Continental,Beverage,Chocolate Milkshake,2,22.0,44.0
ORD-102448,Continental,Main,Grilled Chicken Burger,1,42.0,42.0
ORD-102448,Continental,Dessert,Chocolate Brownie,1,24.0,24.0
ORD-102449,Indian,Main,Butter Chicken,1,45.0,45.0
ORD-102449,Indian,Main,Chicken Biryani,1,42.0,42.0
ORD-102449,Indian,Starter,Chicken Tikka,1,36.0,36.0
ORD-102449,Indian,Side,Garlic Naan,2,8.0,16.0
ORD-102450,Indian,Main,Butter Chicken,1,45.0,45.0
ORD-102450,Indian,Side,Garlic Naan,1,8.0,8.0
ORD-102450,Indian,Beverage,Mango Lassi,1,16.0,16.0
ORD-102451,Continental,Main,Grilled Chicken with Mash,1,52.0,52.0
ORD-102451,Continental,Main,Fish and Chips,1,50.0,50.0
ORD-102451,Continental,Side,French Fries,2,16.0,32.0
ORD-102452,Arabic,Main,Chicken Shawarma Plate,2,38.0,76.0
ORD-102452,Arabic,Main,Falafel Wrap,1,22.0,22.0
ORD-102452,Arabic,Beverage,Mint Lemonade,3,18.0,54.0
ORD-102453,Chinese,Main,Szechuan Beef,1,52.0,52.0
ORD-102453,Chinese,Side,Steamed Rice,1,10.0,10.0
ORD-102453,Chinese,Beverage,Jasmine Tea,1,12.0,12.0
ORD-102454,Italian,Main,Penne Arrabbiata,1,42.0,42.0
ORD-102454,Italian,Beverage,Italian Lemon Soda,1,18.0,18.0
ORD-102455,Indian,Main,Palak Paneer,1,34.0,34.0
ORD-102455,Indian,Starter,Vegetable Samosa,1,16.0,16.0
ORD-102455,Indian,Side,Jeera Rice,1,14.0,14.0
ORD-102455,Indian,Dessert,Gulab Jamun,1,18.0,18.0
ORD-102456,Indian,Main,Chicken Biryani,1,42.0,42.0
ORD-102456,Chinese,Main,Chicken Manchurian,1,38.0,38.0
ORD-102456,Indian,Main,Mutton Biryani,1,52.0,52.0
ORD-102456,Indian,Starter,Paneer Tikka,1,32.0,32.0
ORD-102456,Indian,Side,Garlic Naan,1,8.0,8.0
ORD-102456,Chinese,Dessert,Mango Pudding,1,20.0,20.0
ORD-102456,Indian,Beverage,Mango Lassi,3,16.0,48.0
ORD-102457,Indian,Main,Mutton Biryani,1,52.0,52.0
ORD-102457,Indian,Main,Dal Makhani,1,32.0,32.0
ORD-102457,Indian,Starter,Paneer Tikka,1,32.0,32.0
ORD-102457,Indian,Side,Garlic Naan,1,8.0,8.0
ORD-102458,Arabic,Main,Mixed Grill,1,75.0,75.0
ORD-102458,Arabic,Main,Chicken Shawarma Plate,1,38.0,38.0
ORD-102458,Arabic,Starter,Hummus,1,22.0,22.0
ORD-102458,Arabic,Side,Arabic Rice,1,12.0,12.0
ORD-102459,Indian,Main,Chicken Biryani,1,42.0,42.0
ORD-102459,Indian,Beverage,Mango Lassi,1,16.0,16.0
ORD-102460,Arabic,Main,Lamb Mandi,1,62.0,62.0
ORD-102460,Arabic,Main,Chicken Shawarma Plate,1,38.0,38.0
ORD-102461,Indian,Main,Chicken Biryani,1,42.0,42.0
ORD-102461,Indian,Main,Dal Makhani,1,32.0,32.0
ORD-102461,Indian,Side,Jeera Rice,2,14.0,28.0
ORD-102462,Chinese,Main,Chicken Manchurian,1,38.0,38.0
ORD-102462,Indian,Main,Mutton Biryani,1,52.0,52.0
ORD-102462,Indian,Beverage,Mango Lassi,1,16.0,16.0
ORD-102463,Continental,Main,Grilled Chicken Burger,1,42.0,42.0
ORD-102463,Italian,Starter,Caesar Salad,1,32.0,32.0
ORD-102464,Chinese,Main,Veg Hakka Noodles,2,32.0,64.0
ORD-102464,Chinese,Side,Steamed Rice,1,10.0,10.0
ORD-102464,Chinese,Beverage,Jasmine Tea,1,12.0,12.0
ORD-102465,Continental,Main,Fish and Chips,2,50.0,100.0
ORD-102465,Arabic,Main,Chicken Shawarma Plate,1,38.0,38.0
ORD-102466,Arabic,Main,Chicken Shawarma Plate,1,38.0,38.0
ORD-102466,Arabic,Side,Arabic Rice,1,12.0,12.0
ORD-102467,Arabic,Main,Falafel Wrap,1,22.0,22.0
ORD-102467,Arabic,Main,Mixed Grill,1,75.0,75.0
ORD-102467,Arabic,Beverage,Mint Lemonade,1,18.0,18.0
ORD-102468,Indian,Main,Palak Paneer,1,34.0,34.0
ORD-102468,Indian,Starter,Chicken Tikka,1,36.0,36.0
ORD-102468,Indian,Side,Jeera Rice,1,14.0,14.0
ORD-102468,Indian,Beverage,Mango Lassi,1,16.0,16.0
ORD-102469,Arabic,Main,Chicken Shawarma Plate,2,38.0,76.0
ORD-102469,Arabic,Dessert,Umm Ali,1,26.0,26.0
ORD-102469,Arabic,Beverage,Mint Lemonade,1,18.0,18.0
ORD-102470,Arabic,Main,Mixed Grill,1,75.0,75.0
ORD-102470,Arabic,Starter,Fattoush,1,24.0,24.0
ORD-102470,Arabic,Dessert,Umm Ali,1,26.0,26.0
ORD-102470,Arabic,Beverage,Mint Lemonade,1,18.0,18.0
ORD-102471,Chinese,Main,Chicken Manchurian,1,38.0,38.0
ORD-102471,Chinese,Dessert,Mango Pudding,1,20.0,20.0
ORD-102472,Indian,Main,Chicken Biryani,1,42.0,42.0
ORD-102472,Indian,Starter,Chicken Tikka,1,36.0,36.0
ORD-102473,Indian,Main,Butter Chicken,1,45.0,45.0
ORD-102473,Indian,Starter,Chicken Tikka,1,36.0,36.0
ORD-102473,Indian,Beverage,Mango Lassi,1,16.0,16.0
ORD-102474,Italian,Main,Pepperoni Pizza,2,52.0,104.0
ORD-102474,Italian,Starter,Caesar Salad,1,32.0,32.0
ORD-102474,Italian,Beverage,Italian Lemon Soda,1,18.0,18.0
ORD-102475,Indian,Main,Butter Chicken,1,45.0,45.0
ORD-102475,Indian,Main,Mutton Biryani,1,52.0,52.0
ORD-102475,Indian,Side,Garlic Naan,2,8.0,16.0
ORD-102476,Continental,Main,Grilled Chicken Burger,1,42.0,42.0
ORD-102477,Continental,Main,Classic Beef Burger,2,48.0,96.0
ORD-102477,Continental,Dessert,Chocolate Brownie,1,24.0,24.0
ORD-102477,Continental,Beverage,Chocolate Milkshake,2,22.0,44.0
ORD-102478,Continental,Main,Fish and Chips,1,50.0,50.0
ORD-102478,Continental,Main,Grilled Chicken Burger,1,42.0,42.0
ORD-102478,Continental,Side,French Fries,1,16.0,16.0
ORD-102479,Italian,Main,Beef Lasagna,1,55.0,55.0
ORD-102479,Italian,Main,Margherita Pizza,1,45.0,45.0
ORD-102479,Italian,Side,Garlic Bread,2,18.0,36.0
ORD-102479,Italian,Beverage,Italian Lemon Soda,2,18.0,36.0
ORD-102480,Italian,Main,Pepperoni Pizza,1,52.0,52.0
ORD-102480,Arabic,Starter,Hummus,1,22.0,22.0
ORD-102481,Indian,Main,Butter Chicken,1,45.0,45.0
ORD-102481,Indian,Main,Chicken Biryani,1,42.0,42.0
ORD-102481,Indian,Main,Palak Paneer,1,34.0,34.0
ORD-102481,Indian,Beverage,Mango Lassi,1,16.0,16.0
ORD-102482,Italian,Main,Margherita Pizza,2,45.0,90.0
ORD-102483,Indian,Main,Mutton Biryani,1,52.0,52.0
ORD-102484,Continental,Main,Grilled Chicken with Mash,1,52.0,52.0
ORD-102484,Continental,Dessert,New York Cheesecake,1,28.0,28.0
ORD-102484,Indian,Beverage,Mango Lassi,1,16.0,16.0
ORD-102485,Continental,Main,Classic Beef Burger,1,48.0,48.0
ORD-102486,Chinese,Main,Veg Hakka Noodles,1,32.0,32.0
ORD-102486,Chinese,Side,Steamed Rice,1,10.0,10.0
ORD-102486,Chinese,Dessert,Mango Pudding,1,20.0,20.0
ORD-102486,Arabic,Beverage,Mint Lemonade,1,18.0,18.0
ORD-102487,Italian,Main,Margherita Pizza,2,45.0,90.0
ORD-102487,Italian,Main,Penne Arrabbiata,1,42.0,42.0
ORD-102487,Italian,Side,Garlic Bread,3,18.0,54.0
ORD-102487,Italian,Beverage,Italian Lemon Soda,2,18.0,36.0
ORD-102488,Indian,Main,Dal Makhani,1,32.0,32.0
ORD-102488,Indian,Starter,Chicken Tikka,1,36.0,36.0
ORD-102489,Indian,Main,Butter Chicken,1,45.0,45.0
ORD-102489,Indian,Starter,Chicken Tikka,1,36.0,36.0
ORD-102489,Indian,Side,Garlic Naan,1,8.0,8.0
ORD-102490,Arabic,Main,Lamb Mandi,1,62.0,62.0
ORD-102491,Italian,Main,Margherita Pizza,1,45.0,45.0
ORD-102491,Italian,Main,Penne Arrabbiata,1,42.0,42.0
ORD-102491,Italian,Side,Garlic Bread,2,18.0,36.0
ORD-102491,Italian,Beverage,Italian Lemon Soda,1,18.0,18.0
ORD-102492,Italian,Main,Margherita Pizza,1,45.0,45.0
ORD-102492,Italian,Main,Pepperoni Pizza,1,52.0,52.0
ORD-102492,Italian,Main,Fettuccine Alfredo,1,48.0,48.0
ORD-102492,Italian,Starter,Bruschetta,1,26.0,26.0
ORD-102492,Italian,Beverage,Italian Lemon Soda,1,18.0,18.0
ORD-102493,Italian,Main,Beef Lasagna,1,55.0,55.0
ORD-102493,Italian,Starter,Bruschetta,1,26.0,26.0
ORD-102493,Italian,Dessert,Tiramisu,1,30.0,30.0
ORD-102494,Indian,Main,Butter Chicken,1,45.0,45.0
ORD-102494,Indian,Beverage,Mango Lassi,1,16.0,16.0
ORD-102495,Indian,Main,Butter Chicken,1,45.0,45.0
ORD-102495,Indian,Side,Garlic Naan,1,8.0,8.0
ORD-102495,Indian,Beverage,Mango Lassi,1,16.0,16.0
ORD-102496,Continental,Main,Grilled Chicken with Mash,1,52.0,52.0
ORD-102496,Continental,Starter,Chicken Wings,1,34.0,34.0
ORD-102497,Italian,Main,Pepperoni Pizza,1,52.0,52.0
ORD-102497,Italian,Starter,Bruschetta,1,26.0,26.0
ORD-102497,Italian,Beverage,Italian Lemon Soda,1,18.0,18.0
ORD-102498,Indian,Main,Mutton Biryani,1,52.0,52.0
ORD-102499,Arabic,Main,Lamb Mandi,1,62.0,62.0
ORD-102499,Arabic,Starter,Mutabbal,1,22.0,22.0
ORD-102499,Arabic,Side,Arabic Rice,1,12.0,12.0
ORD-102500,Chinese,Main,Szechuan Beef,1,52.0,52.0
ORD-102501,Indian,Main,Chicken Biryani,1,42.0,42.0
ORD-102501,Indian,Starter,Paneer Tikka,1,32.0,32.0
ORD-102501,Indian,Side,Jeera Rice,1,14.0,14.0
ORD-102502,Indian,Main,Mutton Biryani,1,52.0,52.0
ORD-102502,Indian,Main,Butter Chicken,1,45.0,45.0
ORD-102502,Indian,Starter,Vegetable Samosa,1,16.0,16.0
ORD-102502,Indian,Side,Garlic Naan,1,8.0,8.0
ORD-102502,Indian,Beverage,Mango Lassi,1,16.0,16.0
ORD-102503,Continental,Main,Fish and Chips,1,50.0,50.0
ORD-102503,Continental,Main,Grilled Salmon,1,78.0,78.0
ORD-102504,Chinese,Main,Chicken Fried Rice,1,34.0,34.0
ORD-102505,Indian,Main,Butter Chicken,2,45.0,90.0
ORD-102505,Indian,Side,Jeera Rice,1,14.0,14.0
ORD-102505,Indian,Beverage,Mango Lassi,2,16.0,32.0
ORD-102506,Chinese,Main,Chicken Fried Rice,1,34.0,34.0
ORD-102506,Chinese,Main,Kung Pao Chicken,1,44.0,44.0
ORD-102506,Chinese,Side,Steamed Rice,2,10.0,20.0
ORD-102507,Continental,Main,Classic Beef Burger,1,48.0,48.0
ORD-102507,Continental,Main,Grilled Chicken with Mash,1,52.0,52.0
ORD-102507,Continental,Starter,Chicken Wings,1,34.0,34.0
ORD-102507,Continental,Side,French Fries,2,16.0,32.0
ORD-102508,Chinese,Main,Chicken Fried Rice,1,34.0,34.0
ORD-102508,Chinese,Main,Kung Pao Chicken,1,44.0,44.0
ORD-102508,Chinese,Starter,Chicken Dim Sum,1,34.0,34.0
ORD-102509,Indian,Main,Mutton Biryani,1,52.0,52.0
ORD-102509,Indian,Starter,Paneer Tikka,1,32.0,32.0
ORD-102509,Indian,Side,Jeera Rice,1,14.0,14.0
ORD-102509,Indian,Beverage,Mango Lassi,1,16.0,16.0
ORD-102510,Continental,Main,Fish and Chips,1,50.0,50.0
ORD-102511,Indian,Main,Palak Paneer,2,34.0,68.0
ORD-102511,Indian,Starter,Chicken Tikka,1,36.0,36.0
ORD-102511,Indian,Dessert,Gulab Jamun,1,18.0,18.0
ORD-102512,Italian,Main,Margherita Pizza,1,45.0,45.0
ORD-102512,Italian,Starter,Bruschetta,1,26.0,26.0
ORD-102512,Italian,Side,Garlic Bread,1,18.0,18.0
ORD-102513,Arabic,Main,Chicken Machboos,1,48.0,48.0
ORD-102513,Arabic,Starter,Mutabbal,1,22.0,22.0
ORD-102513,Arabic,Side,Arabic Rice,1,12.0,12.0
ORD-102513,Arabic,Beverage,Mint Lemonade,1,18.0,18.0
ORD-102514,Indian,Main,Butter Chicken,1,45.0,45.0
ORD-102514,Indian,Main,Dal Makhani,1,32.0,32.0
ORD-102514,Indian,Side,Garlic Naan,1,8.0,8.0
ORD-102514,Indian,Beverage,Mango Lassi,2,16.0,32.0
ORD-102515,Indian,Main,Chicken Biryani,1,42.0,42.0
ORD-102515,Indian,Main,Butter Chicken,1,45.0,45.0
ORD-102515,Indian,Starter,Chicken Tikka,1,36.0,36.0
ORD-102515,Indian,Side,Jeera Rice,1,14.0,14.0
ORD-102515,Indian,Beverage,Mango Lassi,2,16.0,32.0
ORD-102516,Indian,Main,Palak Paneer,1,34.0,34.0
ORD-102516,Indian,Side,Garlic Naan,1,8.0,8.0
ORD-102517,Indian,Main,Butter Chicken,1,45.0,45.0
ORD-102517,Indian,Dessert,Gulab Jamun,1,18.0,18.0
ORD-102518,Continental,Main,Fish and Chips,1,50.0,50.0
ORD-102519,Continental,Main,Grilled Chicken with Mash,1,52.0,52.0
ORD-102520,Arabic,Main,Chicken Shawarma Plate,2,38.0,76.0
ORD-102520,Arabic,Main,Chicken Machboos,1,48.0,48.0
ORD-102521,Indian,Main,Dal Makhani,1,32.0,32.0
ORD-102521,Indian,Side,Jeera Rice,1,14.0,14.0
ORD-102522,Italian,Main,Beef Lasagna,1,55.0,55.0
ORD-102522,Italian,Starter,Caesar Salad,1,32.0,32.0
ORD-102522,Italian,Beverage,Italian Lemon Soda,1,18.0,18.0
ORD-102523,Arabic,Main,Mixed Grill,1,75.0,75.0
ORD-102523,Arabic,Main,Chicken Machboos,1,48.0,48.0
ORD-102523,Arabic,Starter,Mutabbal,1,22.0,22.0
ORD-102524,Italian,Main,Fettuccine Alfredo,1,48.0,48.0
ORD-102524,Italian,Main,Margherita Pizza,1,45.0,45.0
ORD-102524,Italian,Main,Pepperoni Pizza,1,52.0,52.0
ORD-102524,Italian,Starter,Caesar Salad,1,32.0,32.0
ORD-102524,Italian,Dessert,Tiramisu,1,30.0,30.0
ORD-102525,Chinese,Main,Chicken Fried Rice,1,34.0,34.0
ORD-102525,Chinese,Starter,Chicken Dim Sum,1,34.0,34.0
ORD-102526,Continental,Main,Fish and Chips,1,50.0,50.0
ORD-102526,Continental,Beverage,Chocolate Milkshake,1,22.0,22.0
ORD-102527,Continental,Main,Grilled Salmon,1,78.0,78.0
ORD-102527,Continental,Starter,Chicken Wings,1,34.0,34.0
ORD-102527,Continental,Beverage,Chocolate Milkshake,1,22.0,22.0
ORD-102528,Italian,Main,Beef Lasagna,1,55.0,55.0
ORD-102528,Italian,Main,Penne Arrabbiata,1,42.0,42.0
ORD-102528,Italian,Side,Garlic Bread,2,18.0,36.0
ORD-102528,Italian,Beverage,Italian Lemon Soda,1,18.0,18.0
ORD-102529,Italian,Main,Beef Lasagna,1,55.0,55.0
ORD-102530,Continental,Main,Classic Beef Burger,1,48.0,48.0
ORD-102530,Continental,Starter,Chicken Wings,1,34.0,34.0
ORD-102531,Arabic,Main,Chicken Machboos,1,48.0,48.0
ORD-102531,Arabic,Dessert,Umm Ali,1,26.0,26.0
ORD-102532,Arabic,Main,Falafel Wrap,1,22.0,22.0
ORD-102532,Arabic,Starter,Hummus,1,22.0,22.0
ORD-102532,Arabic,Beverage,Mint Lemonade,1,18.0,18.0
ORD-102533,Chinese,Main,Veg Hakka Noodles,1,32.0,32.0
ORD-102533,Chinese,Main,Chicken Manchurian,1,38.0,38.0
ORD-102534,Arabic,Main,Chicken Shawarma Plate,1,38.0,38.0
ORD-102534,Arabic,Main,Falafel Wrap,1,22.0,22.0
ORD-102535,Continental,Main,Grilled Salmon,1,78.0,78.0
ORD-102535,Continental,Main,Grilled Chicken Burger,1,42.0,42.0
ORD-102535,Continental,Main,Grilled Chicken with Mash,1,52.0,52.0
ORD-102535,Continental,Starter,Chicken Wings,1,34.0,34.0
ORD-102536,Arabic,Main,Mixed Grill,1,75.0,75.0
ORD-102536,Arabic,Main,Chicken Machboos,1,48.0,48.0
ORD-102536,Arabic,Starter,Hummus,1,22.0,22.0
ORD-102536,Arabic,Side,Arabic Rice,1,12.0,12.0
ORD-102536,Arabic,Dessert,Umm Ali,1,26.0,26.0
ORD-102537,Indian,Main,Dal Makhani,1,32.0,32.0
ORD-102537,Indian,Starter,Chicken Tikka,1,36.0,36.0
ORD-102537,Indian,Side,Garlic Naan,1,8.0,8.0
ORD-102538,Chinese,Main,Kung Pao Chicken,1,44.0,44.0
ORD-102538,Chinese,Main,Chicken Fried Rice,1,34.0,34.0
ORD-102539,Italian,Main,Beef Lasagna,1,55.0,55.0
ORD-102539,Chinese,Main,Kung Pao Chicken,1,44.0,44.0
ORD-102539,Italian,Main,Penne Arrabbiata,1,42.0,42.0
ORD-102539,Italian,Dessert,Tiramisu,1,30.0,30.0
ORD-102540,Arabic,Main,Chicken Machboos,1,48.0,48.0
ORD-102540,Arabic,Starter,Hummus,1,22.0,22.0
ORD-102540,Arabic,Dessert,Kunafa,1,28.0,28.0
ORD-102540,Arabic,Beverage,Mint Lemonade,1,18.0,18.0
ORD-102541,Continental,Main,Classic Beef Burger,1,48.0,48.0
ORD-102542,Arabic,Main,Falafel Wrap,1,22.0,22.0
ORD-102542,Arabic,Side,Arabic Rice,1,12.0,12.0
ORD-102542,Arabic,Beverage,Mint Lemonade,1,18.0,18.0
ORD-102543,Arabic,Main,Mixed Grill,1,75.0,75.0
ORD-102543,Arabic,Main,Chicken Shawarma Plate,1,38.0,38.0
ORD-102544,Indian,Main,Mutton Biryani,2,52.0,104.0
ORD-102544,Chinese,Main,Kung Pao Chicken,1,44.0,44.0
ORD-102544,Indian,Starter,Chicken Tikka,1,36.0,36.0
ORD-102544,Indian,Side,Garlic Naan,1,8.0,8.0
ORD-102544,Indian,Beverage,Mango Lassi,3,16.0,48.0
ORD-102545,Arabic,Main,Chicken Shawarma Plate,1,38.0,38.0
ORD-102545,Italian,Dessert,Tiramisu,1,30.0,30.0
ORD-102545,Arabic,Beverage,Mint Lemonade,1,18.0,18.0
ORD-102546,Chinese,Main,Kung Pao Chicken,1,44.0,44.0
ORD-102546,Chinese,Main,Chicken Manchurian,1,38.0,38.0
ORD-102546,Chinese,Starter,Hot and Sour Soup,1,24.0,24.0
ORD-102547,Indian,Main,Dal Makhani,1,32.0,32.0
ORD-102547,Chinese,Main,Kung Pao Chicken,1,44.0,44.0
ORD-102547,Indian,Side,Garlic Naan,2,8.0,16.0
ORD-102548,Arabic,Main,Lamb Mandi,1,62.0,62.0
ORD-102549,Indian,Main,Dal Makhani,1,32.0,32.0
ORD-102549,Indian,Starter,Vegetable Samosa,1,16.0,16.0
ORD-102549,Indian,Side,Garlic Naan,1,8.0,8.0
ORD-102550,Continental,Main,Classic Beef Burger,1,48.0,48.0
ORD-102550,Continental,Starter,Chicken Wings,1,34.0,34.0
ORD-102551,Italian,Main,Margherita Pizza,1,45.0,45.0
ORD-102551,Italian,Beverage,Italian Lemon Soda,1,18.0,18.0
ORD-102552,Arabic,Main,Chicken Shawarma Plate,1,38.0,38.0
ORD-102552,Arabic,Dessert,Kunafa,1,28.0,28.0
ORD-102553,Chinese,Main,Szechuan Beef,1,52.0,52.0
ORD-102553,Chinese,Starter,Hot and Sour Soup,1,24.0,24.0
ORD-102554,Italian,Main,Fettuccine Alfredo,1,48.0,48.0
ORD-102554,Italian,Dessert,Tiramisu,1,30.0,30.0
ORD-102555,Chinese,Main,Chicken Manchurian,1,38.0,38.0
ORD-102555,Indian,Main,Mutton Biryani,1,52.0,52.0
ORD-102555,Indian,Starter,Vegetable Samosa,1,16.0,16.0
ORD-102556,Arabic,Main,Mixed Grill,1,75.0,75.0
ORD-102556,Arabic,Main,Lamb Mandi,1,62.0,62.0
ORD-102557,Continental,Main,Grilled Chicken with Mash,1,52.0,52.0
ORD-102557,Chinese,Main,Chicken Fried Rice,1,34.0,34.0
ORD-102557,Chinese,Dessert,Mango Pudding,1,20.0,20.0
ORD-102558,Chinese,Main,Chicken Fried Rice,2,34.0,68.0
ORD-102558,Chinese,Main,Chicken Manchurian,1,38.0,38.0
ORD-102558,Chinese,Starter,Spring Rolls,1,22.0,22.0
ORD-102558,Chinese,Dessert,Mango Pudding,1,20.0,20.0
ORD-102559,Italian,Main,Pepperoni Pizza,1,52.0,52.0
ORD-102559,Italian,Starter,Caesar Salad,1,32.0,32.0
ORD-102559,Italian,Beverage,Italian Lemon Soda,1,18.0,18.0
ORD-102560,Italian,Main,Pepperoni Pizza,1,52.0,52.0
ORD-102560,Italian,Main,Margherita Pizza,1,45.0,45.0
ORD-102560,Italian,Starter,Caesar Salad,1,32.0,32.0
ORD-102560,Italian,Side,Garlic Bread,1,18.0,18.0
ORD-102561,Italian,Main,Beef Lasagna,2,55.0,110.0
ORD-102561,Italian,Main,Penne Arrabbiata,1,42.0,42.0
ORD-102561,Italian,Starter,Caesar Salad,1,32.0,32.0
ORD-102561,Italian,Dessert,Tiramisu,1,30.0,30.0
ORD-102561,Italian,Beverage,Italian Lemon Soda,2,18.0,36.0
ORD-102562,Indian,Main,Butter Chicken,1,45.0,45.0
ORD-102562,Indian,Side,Jeera Rice,1,14.0,14.0
ORD-102562,Indian,Beverage,Mango Lassi,1,16.0,16.0
ORD-102563,Italian,Main,Margherita Pizza,1,45.0,45.0
ORD-102563,Italian,Main,Fettuccine Alfredo,1,48.0,48.0
ORD-102563,Italian,Dessert,Tiramisu,1,30.0,30.0
ORD-102564,Italian,Main,Fettuccine Alfredo,1,48.0,48.0
ORD-102564,Italian,Main,Pepperoni Pizza,1,52.0,52.0
ORD-102564,Italian,Dessert,Tiramisu,1,30.0,30.0
ORD-102565,Indian,Main,Butter Chicken,1,45.0,45.0
ORD-102565,Indian,Side,Garlic Naan,1,8.0,8.0
ORD-102565,Indian,Beverage,Mango Lassi,1,16.0,16.0
ORD-102566,Italian,Main,Margherita Pizza,1,45.0,45.0
ORD-102566,Italian,Main,Pepperoni Pizza,1,52.0,52.0
ORD-102566,Italian,Side,Garlic Bread,1,18.0,18.0
ORD-102566,Italian,Dessert,Tiramisu,1,30.0,30.0
ORD-102567,Chinese,Main,Chicken Fried Rice,1,34.0,34.0
ORD-102567,Chinese,Main,Chicken Manchurian,1,38.0,38.0
ORD-102567,Chinese,Side,Steamed Rice,1,10.0,10.0
ORD-102568,Italian,Main,Pepperoni Pizza,1,52.0,52.0
ORD-102568,Italian,Dessert,Tiramisu,1,30.0,30.0
ORD-102569,Indian,Main,Butter Chicken,1,45.0,45.0
ORD-102569,Indian,Side,Jeera Rice,1,14.0,14.0
ORD-102570,Arabic,Main,Mixed Grill,1,75.0,75.0
ORD-102570,Arabic,Side,Arabic Rice,1,12.0,12.0
ORD-102571,Chinese,Main,Chicken Fried Rice,1,34.0,34.0
ORD-102571,Chinese,Main,Szechuan Beef,1,52.0,52.0
ORD-102571,Chinese,Dessert,Mango Pudding,1,20.0,20.0
ORD-102572,Indian,Main,Mutton Biryani,1,52.0,52.0
ORD-102572,Indian,Main,Dal Makhani,1,32.0,32.0
ORD-102572,Indian,Side,Jeera Rice,2,14.0,28.0
ORD-102572,Indian,Beverage,Mango Lassi,1,16.0,16.0
ORD-102573,Indian,Main,Chicken Biryani,1,42.0,42.0
ORD-102573,Indian,Starter,Vegetable Samosa,1,16.0,16.0
ORD-102574,Continental,Main,Grilled Chicken with Mash,1,52.0,52.0
ORD-102574,Continental,Beverage,Chocolate Milkshake,1,22.0,22.0
ORD-102575,Chinese,Main,Chicken Manchurian,1,38.0,38.0
ORD-102575,Chinese,Main,Kung Pao Chicken,1,44.0,44.0
ORD-102575,Chinese,Starter,Hot and Sour Soup,1,24.0,24.0
ORD-102576,Italian,Main,Penne Arrabbiata,1,42.0,42.0
ORD-102576,Italian,Main,Beef Lasagna,1,55.0,55.0
ORD-102576,Italian,Dessert,Tiramisu,1,30.0,30.0
ORD-102577,Arabic,Main,Lamb Mandi,1,62.0,62.0
ORD-102577,Arabic,Main,Chicken Shawarma Plate,2,38.0,76.0
ORD-102577,Arabic,Main,Chicken Machboos,1,48.0,48.0
ORD-102577,Arabic,Starter,Hummus,1,22.0,22.0
ORD-102577,Arabic,Side,Arabic Rice,4,12.0,48.0
ORD-102578,Chinese,Main,Kung Pao Chicken,1,44.0,44.0
ORD-102578,Continental,Main,Grilled Chicken Burger,1,42.0,42.0
ORD-102578,Continental,Beverage,Chocolate Milkshake,1,22.0,22.0
ORD-102579,Continental,Main,Grilled Chicken Burger,1,42.0,42.0
ORD-102579,Continental,Beverage,Chocolate Milkshake,1,22.0,22.0
ORD-102580,Italian,Main,Margherita Pizza,1,45.0,45.0
ORD-102580,Italian,Dessert,Tiramisu,1,30.0,30.0
ORD-102581,Indian,Main,Dal Makhani,1,32.0,32.0
ORD-102581,Indian,Starter,Chicken Tikka,1,36.0,36.0
ORD-102581,Indian,Side,Jeera Rice,1,14.0,14.0
ORD-102582,Italian,Main,Penne Arrabbiata,2,42.0,84.0
ORD-102583,Italian,Main,Penne Arrabbiata,1,42.0,42.0
ORD-102583,Italian,Starter,Caesar Salad,1,32.0,32.0
ORD-102584,Indian,Main,Palak Paneer,2,34.0,68.0
ORD-102584,Indian,Main,Chicken Biryani,2,42.0,84.0
ORD-102584,Indian,Side,Jeera Rice,4,14.0,56.0
ORD-102584,Indian,Beverage,Mango Lassi,1,16.0,16.0
ORD-102585,Italian,Main,Margherita Pizza,1,45.0,45.0
ORD-102585,Italian,Beverage,Italian Lemon Soda,1,18.0,18.0
ORD-102586,Indian,Main,Chicken Biryani,2,42.0,84.0
ORD-102587,Continental,Main,Grilled Salmon,1,78.0,78.0
ORD-102587,Continental,Starter,Chicken Wings,1,34.0,34.0
ORD-102587,Continental,Beverage,Chocolate Milkshake,1,22.0,22.0
ORD-102588,Indian,Main,Chicken Biryani,1,42.0,42.0
ORD-102588,Indian,Side,Jeera Rice,1,14.0,14.0
ORD-102589,Italian,Main,Margherita Pizza,1,45.0,45.0
ORD-102589,Italian,Starter,Caesar Salad,1,32.0,32.0
ORD-102589,Italian,Dessert,Tiramisu,1,30.0,30.0
ORD-102590,Chinese,Main,Chicken Manchurian,1,38.0,38.0
ORD-102590,Chinese,Dessert,Mango Pudding,1,20.0,20.0
ORD-102590,Chinese,Beverage,Jasmine Tea,1,12.0,12.0
ORD-102591,Indian,Main,Chicken Biryani,1,42.0,42.0
ORD-102591,Indian,Main,Dal Makhani,1,32.0,32.0
ORD-102591,Chinese,Beverage,Jasmine Tea,1,12.0,12.0
ORD-102592,Continental,Main,Grilled Chicken Burger,1,42.0,42.0
ORD-102592,Continental,Beverage,Chocolate Milkshake,1,22.0,22.0
ORD-102593,Arabic,Main,Chicken Shawarma Plate,1,38.0,38.0
ORD-102593,Arabic,Starter,Fattoush,1,24.0,24.0
ORD-102594,Arabic,Main,Falafel Wrap,1,22.0,22.0
ORD-102594,Arabic,Main,Chicken Shawarma Plate,1,38.0,38.0
ORD-102595,Continental,Main,Fish and Chips,1,50.0,50.0
ORD-102595,Continental,Starter,Soup of the Day,1,22.0,22.0
ORD-102595,Continental,Beverage,Chocolate Milkshake,1,22.0,22.0
ORD-102596,Chinese,Main,Kung Pao Chicken,1,44.0,44.0
ORD-102596,Chinese,Main,Chicken Fried Rice,1,34.0,34.0
ORD-102596,Chinese,Starter,Chicken Dim Sum,1,34.0,34.0
ORD-102597,Indian,Main,Palak Paneer,1,34.0,34.0
ORD-102597,Indian,Side,Jeera Rice,1,14.0,14.0
ORD-102598,Chinese,Main,Kung Pao Chicken,2,44.0,88.0
ORD-102598,Chinese,Starter,Hot and Sour Soup,1,24.0,24.0
ORD-102599,Italian,Main,Fettuccine Alfredo,1,48.0,48.0
ORD-102599,Italian,Dessert,Tiramisu,1,30.0,30.0
ORD-102599,Italian,Beverage,Italian Lemon Soda,1,18.0,18.0
ORD-102600,Indian,Main,Butter Chicken,1,45.0,45.0
ORD-102600,Indian,Main,Chicken Biryani,1,42.0,42.0
ORD-102600,Indian,Main,Dal Makhani,1,32.0,32.0
ORD-102600,Indian,Starter,Vegetable Samosa,1,16.0,16.0
ORD-102600,Indian,Side,Garlic Naan,1,8.0,8.0
ORD-102600,Indian,Beverage,Mango Lassi,1,16.0,16.0
ORD-102601,Italian,Main,Beef Lasagna,1,55.0,55.0
ORD-102601,Italian,Starter,Caesar Salad,1,32.0,32.0
ORD-102602,Italian,Main,Margherita Pizza,1,45.0,45.0
ORD-102602,Italian,Main,Pepperoni Pizza,1,52.0,52.0
ORD-102602,Italian,Dessert,Tiramisu,1,30.0,30.0
ORD-102602,Italian,Beverage,Italian Lemon Soda,2,18.0,36.0
ORD-102603,Indian,Main,Mutton Biryani,1,52.0,52.0
ORD-102603,Indian,Main,Palak Paneer,1,34.0,34.0
ORD-102603,Indian,Starter,Chicken Tikka,1,36.0,36.0
ORD-102603,Indian,Side,Garlic Naan,2,8.0,16.0
ORD-102604,Continental,Main,Classic Beef Burger,1,48.0,48.0
ORD-102604,Continental,Dessert,Chocolate Brownie,1,24.0,24.0
ORD-102604,Continental,Beverage,Chocolate Milkshake,1,22.0,22.0
ORD-102605,Indian,Main,Palak Paneer,1,34.0,34.0
ORD-102605,Indian,Main,Mutton Biryani,1,52.0,52.0
ORD-102605,Indian,Side,Garlic Naan,2,8.0,16.0
ORD-102606,Arabic,Main,Mixed Grill,1,75.0,75.0
ORD-102606,Arabic,Starter,Hummus,1,22.0,22.0
ORD-102606,Arabic,Side,Arabic Rice,1,12.0,12.0
ORD-102606,Arabic,Beverage,Mint Lemonade,1,18.0,18.0
ORD-102607,Chinese,Main,Veg Hakka Noodles,1,32.0,32.0
ORD-102607,Chinese,Main,Szechuan Beef,1,52.0,52.0
ORD-102607,Chinese,Starter,Spring Rolls,1,22.0,22.0
ORD-102607,Chinese,Side,Steamed Rice,1,10.0,10.0
ORD-102607,Chinese,Dessert,Mango Pudding,1,20.0,20.0
ORD-102608,Arabic,Main,Chicken Shawarma Plate,1,38.0,38.0
ORD-102608,Arabic,Starter,Fattoush,1,24.0,24.0
ORD-102609,Continental,Main,Fish and Chips,1,50.0,50.0
ORD-102609,Continental,Side,French Fries,1,16.0,16.0
ORD-102609,Continental,Dessert,New York Cheesecake,1,28.0,28.0
ORD-102610,Indian,Main,Chicken Biryani,1,42.0,42.0
ORD-102610,Indian,Beverage,Mango Lassi,1,16.0,16.0
ORD-102611,Arabic,Main,Lamb Mandi,1,62.0,62.0
ORD-102611,Arabic,Main,Falafel Wrap,1,22.0,22.0
ORD-102611,Arabic,Dessert,Kunafa,1,28.0,28.0
ORD-102611,Arabic,Beverage,Mint Lemonade,1,18.0,18.0
ORD-102612,Continental,Main,Grilled Chicken Burger,1,42.0,42.0
ORD-102612,Continental,Main,Fish and Chips,1,50.0,50.0
ORD-102612,Continental,Main,Grilled Chicken with Mash,1,52.0,52.0
ORD-102612,Continental,Starter,Chicken Wings,1,34.0,34.0
ORD-102612,Continental,Beverage,Chocolate Milkshake,2,22.0,44.0
ORD-102613,Italian,Main,Margherita Pizza,1,45.0,45.0
ORD-102613,Italian,Side,Garlic Bread,1,18.0,18.0
ORD-102614,Continental,Main,Grilled Chicken Burger,1,42.0,42.0
ORD-102614,Continental,Starter,Soup of the Day,1,22.0,22.0
ORD-102614,Continental,Beverage,Chocolate Milkshake,1,22.0,22.0
ORD-102615,Arabic,Main,Chicken Machboos,1,48.0,48.0
ORD-102615,Arabic,Side,Arabic Rice,1,12.0,12.0
ORD-102615,Arabic,Dessert,Kunafa,1,28.0,28.0
ORD-102615,Arabic,Beverage,Mint Lemonade,1,18.0,18.0
ORD-102616,Indian,Main,Palak Paneer,1,34.0,34.0
ORD-102616,Indian,Main,Mutton Biryani,1,52.0,52.0
ORD-102616,Indian,Starter,Paneer Tikka,1,32.0,32.0
ORD-102616,Indian,Side,Garlic Naan,2,8.0,16.0
ORD-102616,Indian,Dessert,Gulab Jamun,1,18.0,18.0
ORD-102616,Indian,Beverage,Mango Lassi,1,16.0,16.0
ORD-102617,Chinese,Main,Chicken Manchurian,1,38.0,38.0
ORD-102617,Chinese,Starter,Spring Rolls,1,22.0,22.0
ORD-102618,Italian,Main,Penne Arrabbiata,1,42.0,42.0
ORD-102618,Italian,Main,Fettuccine Alfredo,1,48.0,48.0
ORD-102618,Indian,Starter,Paneer Tikka,1,32.0,32.0
ORD-102618,Italian,Side,Garlic Bread,1,18.0,18.0
ORD-102618,Indian,Beverage,Mango Lassi,1,16.0,16.0
ORD-102619,Indian,Main,Mutton Biryani,1,52.0,52.0
ORD-102619,Indian,Side,Jeera Rice,1,14.0,14.0
ORD-102619,Indian,Dessert,Gulab Jamun,1,18.0,18.0
ORD-102619,Indian,Beverage,Mango Lassi,1,16.0,16.0
ORD-102620,Indian,Main,Dal Makhani,1,32.0,32.0
ORD-102620,Indian,Starter,Vegetable Samosa,1,16.0,16.0
ORD-102620,Indian,Side,Jeera Rice,1,14.0,14.0
ORD-102620,Indian,Dessert,Gulab Jamun,1,18.0,18.0
ORD-102620,Indian,Beverage,Mango Lassi,1,16.0,16.0
ORD-102621,Chinese,Main,Veg Hakka Noodles,1,32.0,32.0
ORD-102621,Chinese,Main,Chicken Fried Rice,1,34.0,34.0
ORD-102621,Chinese,Main,Kung Pao Chicken,1,44.0,44.0
ORD-102621,Chinese,Starter,Hot and Sour Soup,1,24.0,24.0
ORD-102622,Continental,Main,Fish and Chips,1,50.0,50.0
ORD-102622,Continental,Main,Classic Beef Burger,1,48.0,48.0
ORD-102622,Continental,Side,French Fries,1,16.0,16.0
ORD-102622,Continental,Beverage,Chocolate Milkshake,2,22.0,44.0
ORD-102623,Italian,Main,Fettuccine Alfredo,1,48.0,48.0
ORD-102624,Italian,Main,Pepperoni Pizza,1,52.0,52.0
ORD-102624,Italian,Starter,Bruschetta,1,26.0,26.0
ORD-102624,Italian,Side,Garlic Bread,1,18.0,18.0
ORD-102624,Italian,Beverage,Italian Lemon Soda,1,18.0,18.0
ORD-102625,Chinese,Main,Chicken Manchurian,1,38.0,38.0
ORD-102625,Chinese,Main,Veg Hakka Noodles,1,32.0,32.0
ORD-102625,Chinese,Main,Chicken Fried Rice,1,34.0,34.0
ORD-102625,Chinese,Starter,Spring Rolls,1,22.0,22.0
ORD-102625,Chinese,Beverage,Jasmine Tea,2,12.0,24.0
ORD-102626,Indian,Main,Palak Paneer,1,34.0,34.0
ORD-102626,Indian,Side,Jeera Rice,1,14.0,14.0
ORD-102627,Indian,Main,Mutton Biryani,1,52.0,52.0
ORD-102627,Indian,Starter,Chicken Tikka,1,36.0,36.0
ORD-102627,Indian,Side,Garlic Naan,1,8.0,8.0
ORD-102627,Indian,Beverage,Mango Lassi,1,16.0,16.0
ORD-102628,Arabic,Main,Falafel Wrap,1,22.0,22.0
ORD-102628,Arabic,Main,Mixed Grill,1,75.0,75.0
ORD-102628,Arabic,Side,Arabic Rice,1,12.0,12.0
ORD-102628,Arabic,Beverage,Mint Lemonade,1,18.0,18.0
ORD-102629,Italian,Main,Beef Lasagna,1,55.0,55.0
ORD-102629,Italian,Side,Garlic Bread,1,18.0,18.0
ORD-102630,Indian,Main,Mutton Biryani,1,52.0,52.0
ORD-102630,Indian,Main,Dal Makhani,1,32.0,32.0
ORD-102630,Indian,Side,Garlic Naan,2,8.0,16.0
ORD-102631,Arabic,Main,Chicken Shawarma Plate,1,38.0,38.0
ORD-102631,Arabic,Starter,Hummus,1,22.0,22.0
ORD-102631,Arabic,Beverage,Mint Lemonade,1,18.0,18.0
ORD-102632,Indian,Main,Dal Makhani,1,32.0,32.0
ORD-102632,Indian,Starter,Paneer Tikka,1,32.0,32.0
ORD-102633,Chinese,Main,Veg Hakka Noodles,1,32.0,32.0
ORD-102633,Chinese,Main,Chicken Manchurian,1,38.0,38.0
ORD-102633,Chinese,Starter,Spring Rolls,1,22.0,22.0
ORD-102634,Indian,Main,Dal Makhani,1,32.0,32.0
ORD-102634,Indian,Starter,Chicken Tikka,1,36.0,36.0
ORD-102634,Indian,Beverage,Mango Lassi,1,16.0,16.0
ORD-102635,Italian,Main,Fettuccine Alfredo,2,48.0,96.0
ORD-102635,Indian,Starter,Paneer Tikka,1,32.0,32.0
ORD-102635,Italian,Side,Garlic Bread,1,18.0,18.0
ORD-102635,Indian,Beverage,Mango Lassi,1,16.0,16.0
ORD-102636,Italian,Main,Fettuccine Alfredo,1,48.0,48.0
ORD-102636,Italian,Starter,Bruschetta,1,26.0,26.0
ORD-102637,Italian,Main,Pepperoni Pizza,1,52.0,52.0
ORD-102637,Italian,Starter,Caesar Salad,1,32.0,32.0
ORD-102637,Italian,Beverage,Italian Lemon Soda,1,18.0,18.0
ORD-102638,Italian,Main,Pepperoni Pizza,1,52.0,52.0
ORD-102638,Italian,Main,Beef Lasagna,1,55.0,55.0
ORD-102638,Italian,Starter,Bruschetta,1,26.0,26.0
ORD-102638,Italian,Side,Garlic Bread,2,18.0,36.0
ORD-102638,Italian,Beverage,Italian Lemon Soda,1,18.0,18.0
ORD-102639,Arabic,Main,Chicken Shawarma Plate,1,38.0,38.0
ORD-102639,Arabic,Beverage,Mint Lemonade,1,18.0,18.0
ORD-102640,Indian,Main,Butter Chicken,1,45.0,45.0
ORD-102640,Indian,Starter,Vegetable Samosa,1,16.0,16.0
ORD-102640,Indian,Beverage,Mango Lassi,1,16.0,16.0
ORD-102641,Arabic,Main,Chicken Shawarma Plate,1,38.0,38.0
ORD-102641,Arabic,Beverage,Mint Lemonade,1,18.0,18.0
ORD-102642,Arabic,Main,Chicken Shawarma Plate,1,38.0,38.0
ORD-102642,Arabic,Beverage,Mint Lemonade,1,18.0,18.0
ORD-102643,Indian,Main,Chicken Biryani,3,42.0,126.0
ORD-102643,Indian,Side,Garlic Naan,2,8.0,16.0
ORD-102644,Indian,Main,Chicken Biryani,1,42.0,42.0
ORD-102644,Indian,Main,Mutton Biryani,1,52.0,52.0
ORD-102644,Indian,Side,Jeera Rice,2,14.0,28.0
ORD-102645,Chinese,Main,Chicken Manchurian,1,38.0,38.0
ORD-102645,Chinese,Dessert,Mango Pudding,1,20.0,20.0
ORD-102645,Chinese,Beverage,Jasmine Tea,1,12.0,12.0
ORD-102646,Arabic,Main,Chicken Shawarma Plate,1,38.0,38.0
ORD-102646,Arabic,Side,Arabic Rice,1,12.0,12.0
ORD-102646,Arabic,Beverage,Mint Lemonade,1,18.0,18.0
ORD-102647,Continental,Main,Grilled Chicken Burger,1,42.0,42.0
ORD-102647,Arabic,Main,Mixed Grill,1,75.0,75.0
ORD-102648,Continental,Main,Grilled Chicken with Mash,1,52.0,52.0
ORD-102648,Continental,Side,French Fries,1,16.0,16.0
ORD-102649,Continental,Main,Classic Beef Burger,1,48.0,48.0
ORD-102649,Continental,Starter,Chicken Wings,1,34.0,34.0
ORD-102649,Continental,Side,French Fries,1,16.0,16.0
ORD-102650,Chinese,Main,Chicken Manchurian,1,38.0,38.0
ORD-102650,Chinese,Starter,Spring Rolls,1,22.0,22.0
ORD-102650,Chinese,Beverage,Jasmine Tea,1,12.0,12.0
ORD-102651,Arabic,Main,Chicken Machboos,1,48.0,48.0
ORD-102651,Arabic,Side,Arabic Rice,1,12.0,12.0
ORD-102652,Continental,Main,Grilled Chicken with Mash,2,52.0,104.0
ORD-102652,Continental,Main,Fish and Chips,1,50.0,50.0
ORD-102653,Continental,Main,Classic Beef Burger,1,48.0,48.0
ORD-102653,Continental,Main,Grilled Chicken Burger,1,42.0,42.0
ORD-102653,Continental,Starter,Chicken Wings,1,34.0,34.0
ORD-102654,Indian,Main,Palak Paneer,1,34.0,34.0
ORD-102654,Indian,Main,Dal Makhani,1,32.0,32.0
ORD-102654,Indian,Side,Garlic Naan,1,8.0,8.0
ORD-102654,Indian,Beverage,Mango Lassi,1,16.0,16.0
ORD-102655,Indian,Main,Butter Chicken,2,45.0,90.0
ORD-102655,Indian,Main,Chicken Biryani,1,42.0,42.0
ORD-102655,Indian,Starter,Chicken Tikka,1,36.0,36.0
ORD-102655,Indian,Side,Garlic Naan,3,8.0,24.0
ORD-102656,Chinese,Main,Kung Pao Chicken,1,44.0,44.0
ORD-102656,Chinese,Main,Veg Hakka Noodles,2,32.0,64.0
ORD-102656,Chinese,Dessert,Mango Pudding,1,20.0,20.0
ORD-102657,Chinese,Main,Veg Hakka Noodles,1,32.0,32.0
ORD-102657,Chinese,Main,Kung Pao Chicken,1,44.0,44.0
ORD-102657,Chinese,Main,Szechuan Beef,1,52.0,52.0
ORD-102658,Indian,Main,Dal Makhani,1,32.0,32.0
ORD-102658,Indian,Main,Chicken Biryani,1,42.0,42.0
ORD-102658,Indian,Starter,Chicken Tikka,1,36.0,36.0
ORD-102658,Indian,Beverage,Mango Lassi,2,16.0,32.0
ORD-102659,Continental,Main,Fish and Chips,1,50.0,50.0
ORD-102660,Indian,Main,Butter Chicken,1,45.0,45.0
ORD-102660,Indian,Starter,Paneer Tikka,1,32.0,32.0
ORD-102661,Indian,Main,Mutton Biryani,1,52.0,52.0
ORD-102661,Indian,Main,Butter Chicken,1,45.0,45.0
ORD-102661,Indian,Starter,Paneer Tikka,1,32.0,32.0
ORD-102661,Indian,Side,Garlic Naan,2,8.0,16.0
ORD-102662,Indian,Main,Butter Chicken,1,45.0,45.0
ORD-102662,Indian,Main,Chicken Biryani,1,42.0,42.0
ORD-102662,Indian,Starter,Vegetable Samosa,1,16.0,16.0
ORD-102662,Indian,Side,Jeera Rice,1,14.0,14.0
ORD-102662,Indian,Beverage,Mango Lassi,2,16.0,32.0
ORD-102663,Arabic,Main,Chicken Machboos,1,48.0,48.0
ORD-102663,Arabic,Side,Arabic Rice,1,12.0,12.0
ORD-102663,Arabic,Dessert,Umm Ali,1,26.0,26.0
ORD-102663,Arabic,Beverage,Mint Lemonade,1,18.0,18.0
ORD-102664,Chinese,Main,Chicken Manchurian,1,38.0,38.0
ORD-102664,Chinese,Main,Kung Pao Chicken,1,44.0,44.0
ORD-102664,Chinese,Main,Chicken Fried Rice,1,34.0,34.0
ORD-102665,Arabic,Main,Chicken Shawarma Plate,1,38.0,38.0
ORD-102665,Arabic,Main,Mixed Grill,1,75.0,75.0
ORD-102665,Arabic,Starter,Fattoush,1,24.0,24.0
ORD-102665,Arabic,Side,Arabic Rice,1,12.0,12.0
ORD-102665,Arabic,Dessert,Kunafa,1,28.0,28.0
ORD-102666,Indian,Main,Palak Paneer,1,34.0,34.0
ORD-102666,Indian,Side,Garlic Naan,1,8.0,8.0
ORD-102667,Arabic,Main,Lamb Mandi,1,62.0,62.0
ORD-102668,Arabic,Main,Lamb Mandi,1,62.0,62.0
ORD-102668,Arabic,Dessert,Umm Ali,1,26.0,26.0
ORD-102668,Arabic,Beverage,Mint Lemonade,1,18.0,18.0
ORD-102669,Continental,Main,Grilled Chicken with Mash,1,52.0,52.0
ORD-102669,Continental,Side,French Fries,1,16.0,16.0
ORD-102670,Indian,Main,Palak Paneer,1,34.0,34.0
ORD-102670,Indian,Main,Chicken Biryani,1,42.0,42.0
ORD-102670,Indian,Main,Dal Makhani,1,32.0,32.0
ORD-102670,Indian,Beverage,Mango Lassi,3,16.0,48.0
ORD-102671,Indian,Main,Butter Chicken,1,45.0,45.0
ORD-102671,Indian,Starter,Paneer Tikka,1,32.0,32.0
ORD-102671,Indian,Side,Garlic Naan,1,8.0,8.0
ORD-102671,Indian,Dessert,Gulab Jamun,1,18.0,18.0
ORD-102671,Indian,Beverage,Mango Lassi,1,16.0,16.0
ORD-102672,Indian,Main,Butter Chicken,1,45.0,45.0
ORD-102672,Indian,Main,Mutton Biryani,1,52.0,52.0
ORD-102672,Indian,Side,Garlic Naan,1,8.0,8.0
ORD-102672,Indian,Dessert,Gulab Jamun,1,18.0,18.0
ORD-102673,Indian,Main,Dal Makhani,1,32.0,32.0
ORD-102673,Indian,Side,Jeera Rice,1,14.0,14.0
ORD-102673,Indian,Beverage,Mango Lassi,1,16.0,16.0
ORD-102674,Continental,Main,Grilled Salmon,1,78.0,78.0
ORD-102674,Arabic,Main,Chicken Shawarma Plate,1,38.0,38.0
ORD-102674,Continental,Starter,Chicken Wings,1,34.0,34.0
ORD-102674,Arabic,Beverage,Mint Lemonade,1,18.0,18.0
ORD-102675,Arabic,Main,Falafel Wrap,1,22.0,22.0
ORD-102675,Arabic,Beverage,Mint Lemonade,1,18.0,18.0
ORD-102676,Indian,Main,Butter Chicken,1,45.0,45.0
ORD-102676,Continental,Main,Grilled Salmon,1,78.0,78.0
ORD-102676,Indian,Dessert,Gulab Jamun,1,18.0,18.0
ORD-102677,Indian,Main,Chicken Biryani,1,42.0,42.0
ORD-102677,Indian,Starter,Paneer Tikka,1,32.0,32.0
ORD-102677,Indian,Side,Garlic Naan,1,8.0,8.0
ORD-102677,Indian,Beverage,Mango Lassi,1,16.0,16.0
ORD-102678,Continental,Main,Classic Beef Burger,1,48.0,48.0
ORD-102678,Indian,Main,Mutton Biryani,1,52.0,52.0
ORD-102678,Continental,Main,Grilled Chicken with Mash,1,52.0,52.0
ORD-102678,Continental,Dessert,New York Cheesecake,1,28.0,28.0
ORD-102678,Continental,Beverage,Chocolate Milkshake,2,22.0,44.0
ORD-102679,Italian,Main,Penne Arrabbiata,1,42.0,42.0
ORD-102679,Italian,Main,Beef Lasagna,1,55.0,55.0
ORD-102680,Continental,Main,Fish and Chips,1,50.0,50.0
ORD-102680,Continental,Main,Grilled Chicken with Mash,1,52.0,52.0
ORD-102680,Continental,Starter,Chicken Wings,1,34.0,34.0
ORD-102680,Continental,Side,French Fries,2,16.0,32.0
ORD-102681,Chinese,Main,Chicken Manchurian,1,38.0,38.0
ORD-102681,Chinese,Main,Chicken Fried Rice,1,34.0,34.0
ORD-102681,Chinese,Starter,Hot and Sour Soup,1,24.0,24.0
ORD-102681,Chinese,Side,Steamed Rice,1,10.0,10.0
ORD-102682,Chinese,Main,Chicken Manchurian,1,38.0,38.0
ORD-102682,Chinese,Main,Veg Hakka Noodles,1,32.0,32.0
ORD-102683,Italian,Main,Pepperoni Pizza,2,52.0,104.0
ORD-102683,Italian,Starter,Bruschetta,1,26.0,26.0
ORD-102684,Arabic,Main,Falafel Wrap,1,22.0,22.0
ORD-102684,Italian,Beverage,Italian Lemon Soda,1,18.0,18.0
ORD-102685,Indian,Main,Dal Makhani,1,32.0,32.0
ORD-102685,Indian,Side,Garlic Naan,1,8.0,8.0
ORD-102685,Continental,Beverage,Chocolate Milkshake,1,22.0,22.0
ORD-102686,Italian,Main,Margherita Pizza,1,45.0,45.0
ORD-102686,Italian,Beverage,Italian Lemon Soda,1,18.0,18.0
ORD-102687,Indian,Main,Dal Makhani,1,32.0,32.0
ORD-102687,Indian,Starter,Chicken Tikka,1,36.0,36.0
ORD-102688,Continental,Main,Classic Beef Burger,1,48.0,48.0
ORD-102688,Continental,Starter,Soup of the Day,1,22.0,22.0
ORD-102688,Continental,Side,French Fries,1,16.0,16.0
ORD-102689,Continental,Main,Classic Beef Burger,1,48.0,48.0
ORD-102689,Continental,Main,Grilled Salmon,1,78.0,78.0
ORD-102689,Continental,Main,Grilled Chicken with Mash,1,52.0,52.0
ORD-102689,Continental,Starter,Chicken Wings,1,34.0,34.0
ORD-102689,Continental,Dessert,Chocolate Brownie,1,24.0,24.0
ORD-102689,Continental,Beverage,Chocolate Milkshake,1,22.0,22.0
ORD-102690,Continental,Main,Grilled Chicken Burger,2,42.0,84.0
ORD-102690,Continental,Main,Grilled Chicken with Mash,1,52.0,52.0
ORD-102690,Continental,Starter,Chicken Wings,1,34.0,34.0
ORD-102691,Italian,Main,Pepperoni Pizza,1,52.0,52.0
ORD-102691,Italian,Side,Garlic Bread,1,18.0,18.0
ORD-102692,Chinese,Main,Chicken Manchurian,1,38.0,38.0
ORD-102692,Chinese,Main,Veg Hakka Noodles,2,32.0,64.0
ORD-102693,Continental,Main,Grilled Chicken with Mash,1,52.0,52.0
ORD-102693,Continental,Main,Fish and Chips,1,50.0,50.0
ORD-102694,Arabic,Main,Chicken Shawarma Plate,1,38.0,38.0
ORD-102695,Indian,Main,Mutton Biryani,1,52.0,52.0
ORD-102695,Indian,Starter,Chicken Tikka,1,36.0,36.0
ORD-102695,Indian,Side,Jeera Rice,1,14.0,14.0
ORD-102695,Indian,Beverage,Mango Lassi,1,16.0,16.0
ORD-102696,Italian,Main,Margherita Pizza,1,45.0,45.0
ORD-102696,Italian,Starter,Caesar Salad,1,32.0,32.0
ORD-102697,Italian,Main,Margherita Pizza,1,45.0,45.0
ORD-102698,Chinese,Main,Chicken Manchurian,1,38.0,38.0
ORD-102699,Chinese,Main,Chicken Fried Rice,1,34.0,34.0
ORD-102699,Chinese,Starter,Chicken Dim Sum,1,34.0,34.0
ORD-102700,Italian,Main,Pepperoni Pizza,1,52.0,52.0
ORD-102700,Italian,Starter,Caesar Salad,1,32.0,32.0
ORD-102701,Continental,Main,Classic Beef Burger,1,48.0,48.0
ORD-102701,Continental,Side,French Fries,1,16.0,16.0
ORD-102702,Indian,Main,Dal Makhani,1,32.0,32.0
ORD-102702,Indian,Side,Jeera Rice,1,14.0,14.0
ORD-102702,Indian,Dessert,Gulab Jamun,1,18.0,18.0
ORD-102703,Indian,Main,Butter Chicken,2,45.0,90.0
ORD-102703,Indian,Starter,Paneer Tikka,1,32.0,32.0
ORD-102703,Indian,Side,Jeera Rice,1,14.0,14.0
ORD-102704,Italian,Main,Penne Arrabbiata,2,42.0,84.0
ORD-102704,Italian,Dessert,Tiramisu,1,30.0,30.0
ORD-102705,Continental,Main,Fish and Chips,1,50.0,50.0
ORD-102705,Arabic,Beverage,Mint Lemonade,1,18.0,18.0
ORD-102706,Italian,Main,Margherita Pizza,1,45.0,45.0
ORD-102706,Italian,Main,Pepperoni Pizza,1,52.0,52.0
ORD-102706,Indian,Starter,Paneer Tikka,1,32.0,32.0
ORD-102706,Italian,Side,Garlic Bread,2,18.0,36.0
ORD-102707,Chinese,Main,Kung Pao Chicken,1,44.0,44.0
ORD-102707,Chinese,Starter,Spring Rolls,1,22.0,22.0
ORD-102707,Chinese,Beverage,Jasmine Tea,1,12.0,12.0
ORD-102708,Indian,Main,Mutton Biryani,1,52.0,52.0
ORD-102708,Indian,Starter,Paneer Tikka,1,32.0,32.0
ORD-102708,Indian,Side,Garlic Naan,1,8.0,8.0
ORD-102709,Indian,Main,Palak Paneer,1,34.0,34.0
ORD-102709,Indian,Starter,Chicken Tikka,1,36.0,36.0
ORD-102709,Indian,Side,Garlic Naan,1,8.0,8.0
ORD-102710,Chinese,Main,Kung Pao Chicken,1,44.0,44.0
ORD-102710,Chinese,Starter,Spring Rolls,1,22.0,22.0
ORD-102710,Chinese,Side,Steamed Rice,1,10.0,10.0
ORD-102710,Chinese,Dessert,Mango Pudding,1,20.0,20.0
ORD-102711,Italian,Main,Penne Arrabbiata,1,42.0,42.0
ORD-102711,Italian,Beverage,Italian Lemon Soda,1,18.0,18.0
ORD-102712,Arabic,Main,Lamb Mandi,1,62.0,62.0
ORD-102712,Arabic,Starter,Hummus,1,22.0,22.0
ORD-102712,Arabic,Beverage,Mint Lemonade,1,18.0,18.0
ORD-102713,Chinese,Main,Chicken Fried Rice,1,34.0,34.0
ORD-102713,Chinese,Main,Chicken Manchurian,1,38.0,38.0
ORD-102713,Chinese,Starter,Hot and Sour Soup,1,24.0,24.0
ORD-102713,Chinese,Dessert,Mango Pudding,1,20.0,20.0
ORD-102714,Indian,Main,Butter Chicken,1,45.0,45.0
ORD-102714,Indian,Side,Jeera Rice,1,14.0,14.0
ORD-102715,Italian,Main,Pepperoni Pizza,1,52.0,52.0
ORD-102715,Italian,Side,Garlic Bread,1,18.0,18.0
ORD-102715,Italian,Dessert,Tiramisu,1,30.0,30.0
ORD-102716,Chinese,Main,Chicken Fried Rice,1,34.0,34.0
ORD-102716,Chinese,Main,Szechuan Beef,1,52.0,52.0
ORD-102716,Chinese,Beverage,Jasmine Tea,1,12.0,12.0
ORD-102717,Arabic,Main,Lamb Mandi,1,62.0,62.0
ORD-102717,Arabic,Starter,Hummus,1,22.0,22.0
ORD-102717,Arabic,Beverage,Mint Lemonade,1,18.0,18.0
ORD-102718,Arabic,Main,Mixed Grill,1,75.0,75.0
ORD-102718,Arabic,Main,Lamb Mandi,1,62.0,62.0
ORD-102718,Arabic,Starter,Hummus,1,22.0,22.0
ORD-102718,Arabic,Beverage,Mint Lemonade,1,18.0,18.0
ORD-102719,Arabic,Main,Chicken Shawarma Plate,1,38.0,38.0
ORD-102719,Arabic,Starter,Hummus,1,22.0,22.0
ORD-102719,Arabic,Dessert,Kunafa,1,28.0,28.0
ORD-102719,Arabic,Beverage,Mint Lemonade,1,18.0,18.0
ORD-102720,Indian,Main,Chicken Biryani,1,42.0,42.0
ORD-102720,Indian,Side,Garlic Naan,1,8.0,8.0
ORD-102720,Indian,Dessert,Gulab Jamun,1,18.0,18.0
ORD-102721,Arabic,Main,Chicken Machboos,1,48.0,48.0
ORD-102721,Arabic,Main,Chicken Shawarma Plate,1,38.0,38.0
ORD-102721,Italian,Main,Margherita Pizza,1,45.0,45.0
ORD-102721,Italian,Starter,Caesar Salad,1,32.0,32.0
ORD-102721,Arabic,Beverage,Mint Lemonade,3,18.0,54.0
ORD-102722,Arabic,Main,Lamb Mandi,1,62.0,62.0
ORD-102722,Indian,Main,Palak Paneer,1,34.0,34.0
ORD-102723,Indian,Main,Butter Chicken,1,45.0,45.0
ORD-102723,Indian,Starter,Chicken Tikka,1,36.0,36.0
ORD-102723,Indian,Side,Garlic Naan,1,8.0,8.0
ORD-102724,Chinese,Main,Chicken Fried Rice,1,34.0,34.0
ORD-102724,Chinese,Side,Steamed Rice,1,10.0,10.0
ORD-102725,Arabic,Main,Chicken Shawarma Plate,1,38.0,38.0
ORD-102725,Arabic,Starter,Mutabbal,1,22.0,22.0
ORD-102725,Arabic,Side,Arabic Rice,1,12.0,12.0
ORD-102726,Indian,Main,Chicken Biryani,1,42.0,42.0
ORD-102726,Indian,Main,Butter Chicken,1,45.0,45.0
ORD-102726,Indian,Starter,Vegetable Samosa,1,16.0,16.0
ORD-102726,Indian,Beverage,Mango Lassi,1,16.0,16.0
ORD-102727,Arabic,Main,Mixed Grill,1,75.0,75.0
ORD-102727,Arabic,Starter,Hummus,1,22.0,22.0
ORD-102728,Continental,Main,Grilled Chicken Burger,1,42.0,42.0
ORD-102728,Continental,Main,Classic Beef Burger,1,48.0,48.0
ORD-102728,Continental,Main,Grilled Chicken with Mash,1,52.0,52.0
ORD-102728,Continental,Beverage,Chocolate Milkshake,3,22.0,66.0
ORD-102729,Arabic,Main,Chicken Machboos,1,48.0,48.0
ORD-102729,Arabic,Main,Chicken Shawarma Plate,1,38.0,38.0
ORD-102729,Arabic,Starter,Mutabbal,1,22.0,22.0
ORD-102729,Arabic,Beverage,Mint Lemonade,2,18.0,36.0
ORD-102730,Continental,Main,Grilled Salmon,1,78.0,78.0
ORD-102730,Continental,Main,Fish and Chips,1,50.0,50.0
ORD-102730,Continental,Starter,Soup of the Day,1,22.0,22.0
ORD-102730,Continental,Side,French Fries,1,16.0,16.0
ORD-102730,Continental,Beverage,Chocolate Milkshake,1,22.0,22.0
ORD-102731,Chinese,Main,Veg Hakka Noodles,1,32.0,32.0
ORD-102731,Chinese,Starter,Spring Rolls,1,22.0,22.0
ORD-102732,Indian,Main,Dal Makhani,1,32.0,32.0
ORD-102732,Indian,Starter,Chicken Tikka,1,36.0,36.0
ORD-102732,Indian,Side,Jeera Rice,1,14.0,14.0
ORD-102732,Indian,Dessert,Gulab Jamun,1,18.0,18.0
ORD-102733,Italian,Main,Margherita Pizza,2,45.0,90.0
ORD-102733,Italian,Main,Beef Lasagna,1,55.0,55.0
ORD-102733,Italian,Starter,Caesar Salad,1,32.0,32.0
ORD-102733,Italian,Beverage,Italian Lemon Soda,2,18.0,36.0
ORD-102734,Arabic,Main,Chicken Shawarma Plate,2,38.0,76.0
ORD-102734,Chinese,Main,Chicken Manchurian,1,38.0,38.0
ORD-102734,Chinese,Main,Veg Hakka Noodles,1,32.0,32.0
ORD-102734,Arabic,Dessert,Kunafa,1,28.0,28.0
ORD-102734,Arabic,Beverage,Mint Lemonade,2,18.0,36.0
ORD-102735,Indian,Main,Chicken Biryani,2,42.0,84.0
ORD-102736,Continental,Main,Classic Beef Burger,1,48.0,48.0
ORD-102736,Continental,Starter,Chicken Wings,1,34.0,34.0
ORD-102736,Continental,Beverage,Chocolate Milkshake,1,22.0,22.0
ORD-102737,Arabic,Main,Mixed Grill,1,75.0,75.0
ORD-102737,Arabic,Beverage,Mint Lemonade,1,18.0,18.0
ORD-102738,Indian,Main,Mutton Biryani,1,52.0,52.0
ORD-102738,Indian,Starter,Paneer Tikka,1,32.0,32.0
ORD-102738,Indian,Side,Jeera Rice,1,14.0,14.0
ORD-102739,Continental,Main,Grilled Chicken Burger,1,42.0,42.0
ORD-102739,Continental,Starter,Chicken Wings,1,34.0,34.0
ORD-102739,Continental,Side,French Fries,1,16.0,16.0
ORD-102739,Continental,Beverage,Chocolate Milkshake,1,22.0,22.0
ORD-102740,Chinese,Main,Veg Hakka Noodles,1,32.0,32.0
ORD-102740,Chinese,Side,Steamed Rice,1,10.0,10.0
ORD-102741,Arabic,Main,Falafel Wrap,1,22.0,22.0
ORD-102741,Arabic,Main,Lamb Mandi,1,62.0,62.0
ORD-102742,Arabic,Main,Chicken Shawarma Plate,1,38.0,38.0
ORD-102742,Arabic,Starter,Hummus,1,22.0,22.0
ORD-102742,Arabic,Side,Arabic Rice,1,12.0,12.0
ORD-102742,Arabic,Dessert,Umm Ali,1,26.0,26.0
ORD-102743,Chinese,Main,Chicken Manchurian,1,38.0,38.0
ORD-102743,Arabic,Main,Mixed Grill,1,75.0,75.0
ORD-102743,Arabic,Starter,Mutabbal,1,22.0,22.0
ORD-102743,Chinese,Beverage,Jasmine Tea,2,12.0,24.0
ORD-102744,Indian,Main,Chicken Biryani,1,42.0,42.0
ORD-102744,Indian,Dessert,Gulab Jamun,1,18.0,18.0
ORD-102745,Chinese,Main,Szechuan Beef,1,52.0,52.0
ORD-102745,Chinese,Main,Kung Pao Chicken,1,44.0,44.0
ORD-102745,Chinese,Beverage,Jasmine Tea,1,12.0,12.0
ORD-102746,Chinese,Main,Chicken Manchurian,1,38.0,38.0
ORD-102746,Chinese,Dessert,Mango Pudding,1,20.0,20.0
ORD-102747,Indian,Main,Mutton Biryani,1,52.0,52.0
ORD-102747,Indian,Main,Chicken Biryani,1,42.0,42.0
ORD-102747,Indian,Side,Jeera Rice,2,14.0,28.0
ORD-102747,Indian,Dessert,Gulab Jamun,1,18.0,18.0
ORD-102748,Indian,Main,Mutton Biryani,1,52.0,52.0
ORD-102748,Indian,Side,Garlic Naan,1,8.0,8.0
ORD-102749,Italian,Main,Beef Lasagna,1,55.0,55.0
ORD-102749,Italian,Main,Pepperoni Pizza,1,52.0,52.0
ORD-102750,Arabic,Main,Chicken Shawarma Plate,1,38.0,38.0
ORD-102750,Italian,Main,Margherita Pizza,1,45.0,45.0
ORD-102750,Arabic,Starter,Mutabbal,1,22.0,22.0
ORD-102750,Arabic,Beverage,Mint Lemonade,2,18.0,36.0
ORD-102751,Continental,Main,Grilled Chicken with Mash,1,52.0,52.0
ORD-102751,Continental,Main,Classic Beef Burger,1,48.0,48.0
ORD-102751,Continental,Starter,Soup of the Day,1,22.0,22.0
ORD-102751,Continental,Side,French Fries,2,16.0,32.0
ORD-102751,Continental,Beverage,Chocolate Milkshake,2,22.0,44.0
ORD-102752,Italian,Main,Margherita Pizza,1,45.0,45.0
ORD-102752,Italian,Side,Garlic Bread,1,18.0,18.0
ORD-102753,Indian,Main,Palak Paneer,1,34.0,34.0
ORD-102753,Indian,Side,Jeera Rice,1,14.0,14.0
ORD-102754,Italian,Main,Pepperoni Pizza,2,52.0,104.0
ORD-102754,Italian,Starter,Bruschetta,1,26.0,26.0
ORD-102755,Indian,Main,Palak Paneer,1,34.0,34.0
ORD-102755,Indian,Main,Chicken Biryani,2,42.0,84.0
ORD-102755,Indian,Side,Garlic Naan,3,8.0,24.0
ORD-102755,Indian,Beverage,Mango Lassi,1,16.0,16.0
ORD-102756,Indian,Main,Mutton Biryani,1,52.0,52.0
ORD-102756,Indian,Starter,Vegetable Samosa,1,16.0,16.0
ORD-102757,Arabic,Main,Mixed Grill,1,75.0,75.0
ORD-102757,Arabic,Main,Chicken Shawarma Plate,1,38.0,38.0
ORD-102757,Arabic,Starter,Fattoush,1,24.0,24.0
ORD-102757,Arabic,Side,Arabic Rice,2,12.0,24.0
ORD-102758,Italian,Main,Margherita Pizza,1,45.0,45.0
ORD-102758,Continental,Main,Grilled Salmon,1,78.0,78.0
ORD-102758,Continental,Dessert,Chocolate Brownie,1,24.0,24.0
ORD-102759,Arabic,Main,Chicken Shawarma Plate,2,38.0,76.0
ORD-102759,Arabic,Main,Lamb Mandi,1,62.0,62.0
ORD-102759,Arabic,Starter,Hummus,1,22.0,22.0
ORD-102759,Arabic,Side,Arabic Rice,3,12.0,36.0
ORD-102760,Italian,Main,Pepperoni Pizza,1,52.0,52.0
ORD-102760,Italian,Starter,Caesar Salad,1,32.0,32.0
ORD-102761,Arabic,Main,Chicken Shawarma Plate,2,38.0,76.0
ORD-102761,Arabic,Side,Arabic Rice,1,12.0,12.0
ORD-102761,Arabic,Dessert,Kunafa,1,28.0,28.0
ORD-102762,Continental,Main,Fish and Chips,2,50.0,100.0
ORD-102762,Continental,Main,Grilled Salmon,1,78.0,78.0
ORD-102762,Continental,Starter,Chicken Wings,1,34.0,34.0
ORD-102762,Continental,Side,French Fries,1,16.0,16.0
ORD-102762,Continental,Beverage,Chocolate Milkshake,3,22.0,66.0
ORD-102763,Indian,Main,Chicken Biryani,2,42.0,84.0
ORD-102763,Indian,Main,Mutton Biryani,1,52.0,52.0
ORD-102763,Chinese,Starter,Chicken Dim Sum,1,34.0,34.0
ORD-102763,Indian,Side,Garlic Naan,1,8.0,8.0
ORD-102763,Indian,Dessert,Gulab Jamun,1,18.0,18.0
ORD-102764,Continental,Main,Classic Beef Burger,1,48.0,48.0
ORD-102765,Indian,Main,Mutton Biryani,1,52.0,52.0
ORD-102765,Indian,Starter,Vegetable Samosa,1,16.0,16.0
ORD-102765,Indian,Beverage,Mango Lassi,1,16.0,16.0
ORD-102766,Indian,Main,Dal Makhani,3,32.0,96.0
ORD-102766,Indian,Starter,Paneer Tikka,1,32.0,32.0
ORD-102766,Indian,Side,Garlic Naan,3,8.0,24.0
ORD-102767,Chinese,Main,Kung Pao Chicken,1,44.0,44.0
ORD-102767,Chinese,Side,Steamed Rice,1,10.0,10.0
ORD-102768,Indian,Main,Chicken Biryani,1,42.0,42.0
ORD-102768,Indian,Main,Butter Chicken,1,45.0,45.0
ORD-102768,Indian,Starter,Paneer Tikka,1,32.0,32.0
ORD-102768,Indian,Side,Jeera Rice,1,14.0,14.0
ORD-102768,Indian,Dessert,Gulab Jamun,1,18.0,18.0
ORD-102768,Indian,Beverage,Mango Lassi,2,16.0,32.0
ORD-102769,Indian,Main,Mutton Biryani,1,52.0,52.0
ORD-102769,Indian,Main,Palak Paneer,1,34.0,34.0
ORD-102769,Indian,Side,Garlic Naan,1,8.0,8.0
ORD-102770,Chinese,Main,Veg Hakka Noodles,1,32.0,32.0
ORD-102770,Chinese,Starter,Chicken Dim Sum,1,34.0,34.0
ORD-102770,Chinese,Side,Steamed Rice,1,10.0,10.0
ORD-102771,Arabic,Main,Mixed Grill,1,75.0,75.0
ORD-102771,Continental,Starter,Chicken Wings,1,34.0,34.0
ORD-102771,Arabic,Dessert,Kunafa,1,28.0,28.0
ORD-102771,Continental,Beverage,Chocolate Milkshake,1,22.0,22.0
ORD-102772,Indian,Main,Chicken Biryani,1,42.0,42.0
ORD-102772,Indian,Starter,Chicken Tikka,1,36.0,36.0
ORD-102772,Indian,Side,Jeera Rice,1,14.0,14.0
ORD-102773,Continental,Main,Grilled Salmon,1,78.0,78.0
ORD-102773,Continental,Starter,Soup of the Day,1,22.0,22.0
ORD-102773,Continental,Dessert,New York Cheesecake,1,28.0,28.0
ORD-102773,Continental,Beverage,Chocolate Milkshake,1,22.0,22.0
ORD-102774,Italian,Main,Pepperoni Pizza,1,52.0,52.0
ORD-102774,Italian,Main,Penne Arrabbiata,2,42.0,84.0
ORD-102774,Italian,Starter,Caesar Salad,1,32.0,32.0
ORD-102774,Italian,Beverage,Italian Lemon Soda,3,18.0,54.0
ORD-102775,Indian,Main,Chicken Biryani,1,42.0,42.0
ORD-102775,Indian,Side,Jeera Rice,1,14.0,14.0
ORD-102776,Indian,Main,Chicken Biryani,1,42.0,42.0
ORD-102776,Indian,Starter,Paneer Tikka,1,32.0,32.0
ORD-102776,Indian,Side,Garlic Naan,1,8.0,8.0
ORD-102776,Indian,Dessert,Gulab Jamun,1,18.0,18.0
ORD-102777,Chinese,Main,Kung Pao Chicken,1,44.0,44.0
ORD-102777,Chinese,Starter,Chicken Dim Sum,1,34.0,34.0
ORD-102777,Chinese,Side,Steamed Rice,1,10.0,10.0
ORD-102777,Chinese,Dessert,Mango Pudding,1,20.0,20.0
ORD-102778,Italian,Main,Penne Arrabbiata,1,42.0,42.0
ORD-102778,Italian,Main,Pepperoni Pizza,1,52.0,52.0
ORD-102778,Italian,Starter,Caesar Salad,1,32.0,32.0
ORD-102778,Italian,Dessert,Tiramisu,1,30.0,30.0
ORD-102779,Chinese,Main,Veg Hakka Noodles,2,32.0,64.0
ORD-102779,Chinese,Main,Chicken Fried Rice,1,34.0,34.0
ORD-102779,Chinese,Side,Steamed Rice,3,10.0,30.0
ORD-102780,Indian,Main,Chicken Biryani,1,42.0,42.0
ORD-102780,Indian,Side,Garlic Naan,1,8.0,8.0
ORD-102781,Indian,Main,Chicken Biryani,1,42.0,42.0
ORD-102781,Indian,Starter,Paneer Tikka,1,32.0,32.0
ORD-102781,Indian,Dessert,Gulab Jamun,1,18.0,18.0
ORD-102782,Chinese,Main,Szechuan Beef,1,52.0,52.0
ORD-102782,Chinese,Main,Chicken Manchurian,1,38.0,38.0
ORD-102782,Chinese,Starter,Spring Rolls,1,22.0,22.0
ORD-102783,Italian,Main,Pepperoni Pizza,1,52.0,52.0
ORD-102783,Italian,Main,Fettuccine Alfredo,1,48.0,48.0
ORD-102783,Italian,Dessert,Tiramisu,1,30.0,30.0
ORD-102784,Chinese,Main,Chicken Manchurian,1,38.0,38.0
ORD-102785,Arabic,Main,Mixed Grill,1,75.0,75.0
ORD-102785,Arabic,Side,Arabic Rice,1,12.0,12.0
ORD-102785,Arabic,Beverage,Mint Lemonade,1,18.0,18.0
ORD-102786,Italian,Main,Margherita Pizza,1,45.0,45.0
ORD-102786,Italian,Starter,Bruschetta,1,26.0,26.0
ORD-102786,Italian,Side,Garlic Bread,1,18.0,18.0
ORD-102787,Arabic,Main,Chicken Shawarma Plate,1,38.0,38.0
ORD-102787,Italian,Starter,Bruschetta,1,26.0,26.0
ORD-102788,Italian,Main,Margherita Pizza,1,45.0,45.0
ORD-102789,Chinese,Main,Chicken Manchurian,2,38.0,76.0
ORD-102789,Chinese,Beverage,Jasmine Tea,2,12.0,24.0
ORD-102790,Chinese,Main,Veg Hakka Noodles,1,32.0,32.0
ORD-102791,Indian,Main,Butter Chicken,1,45.0,45.0
ORD-102791,Indian,Starter,Chicken Tikka,1,36.0,36.0
ORD-102791,Indian,Side,Jeera Rice,1,14.0,14.0
ORD-102792,Chinese,Main,Chicken Fried Rice,1,34.0,34.0
ORD-102792,Chinese,Side,Steamed Rice,1,10.0,10.0
ORD-102793,Arabic,Main,Chicken Shawarma Plate,1,38.0,38.0
ORD-102793,Arabic,Beverage,Mint Lemonade,1,18.0,18.0
ORD-102794,Continental,Main,Fish and Chips,1,50.0,50.0
ORD-102794,Continental,Main,Classic Beef Burger,2,48.0,96.0
ORD-102795,Arabic,Main,Chicken Shawarma Plate,1,38.0,38.0
ORD-102795,Arabic,Dessert,Kunafa,1,28.0,28.0
ORD-102796,Italian,Main,Margherita Pizza,1,45.0,45.0
ORD-102796,Italian,Starter,Bruschetta,1,26.0,26.0
ORD-102797,Arabic,Main,Falafel Wrap,1,22.0,22.0
ORD-102797,Arabic,Main,Chicken Machboos,1,48.0,48.0
ORD-102797,Arabic,Starter,Hummus,1,22.0,22.0
ORD-102797,Arabic,Side,Arabic Rice,1,12.0,12.0
ORD-102797,Arabic,Beverage,Mint Lemonade,1,18.0,18.0
ORD-102798,Arabic,Main,Chicken Shawarma Plate,1,38.0,38.0
ORD-102798,Arabic,Starter,Hummus,1,22.0,22.0
ORD-102798,Arabic,Side,Arabic Rice,1,12.0,12.0
ORD-102798,Chinese,Dessert,Mango Pudding,1,20.0,20.0
ORD-102798,Arabic,Beverage,Mint Lemonade,1,18.0,18.0
ORD-102799,Chinese,Main,Chicken Fried Rice,1,34.0,34.0
ORD-102799,Chinese,Main,Szechuan Beef,1,52.0,52.0
ORD-102799,Chinese,Starter,Hot and Sour Soup,1,24.0,24.0
ORD-102800,Indian,Main,Chicken Biryani,2,42.0,84.0
ORD-102800,Indian,Starter,Paneer Tikka,1,32.0,32.0
ORD-102800,Indian,Side,Jeera Rice,1,14.0,14.0
ORD-102800,Indian,Dessert,Gulab Jamun,1,18.0,18.0
ORD-102801,Indian,Main,Mutton Biryani,1,52.0,52.0
ORD-102801,Indian,Side,Garlic Naan,1,8.0,8.0
ORD-102801,Indian,Dessert,Gulab Jamun,1,18.0,18.0
ORD-102802,Indian,Main,Mutton Biryani,1,52.0,52.0
ORD-102802,Indian,Main,Butter Chicken,1,45.0,45.0
ORD-102802,Indian,Side,Jeera Rice,1,14.0,14.0
ORD-102802,Indian,Beverage,Mango Lassi,1,16.0,16.0
ORD-102803,Chinese,Main,Chicken Fried Rice,1,34.0,34.0
ORD-102803,Chinese,Starter,Hot and Sour Soup,1,24.0,24.0
ORD-102803,Chinese,Side,Steamed Rice,1,10.0,10.0
ORD-102804,Indian,Main,Palak Paneer,1,34.0,34.0
ORD-102804,Indian,Side,Garlic Naan,1,8.0,8.0
ORD-102805,Continental,Main,Grilled Chicken Burger,1,42.0,42.0
ORD-102805,Continental,Side,French Fries,1,16.0,16.0
ORD-102806,Arabic,Main,Chicken Shawarma Plate,1,38.0,38.0
ORD-102806,Arabic,Main,Lamb Mandi,1,62.0,62.0
ORD-102806,Arabic,Starter,Mutabbal,1,22.0,22.0
ORD-102806,Arabic,Beverage,Mint Lemonade,1,18.0,18.0
ORD-102807,Arabic,Main,Lamb Mandi,1,62.0,62.0
ORD-102807,Arabic,Main,Falafel Wrap,2,22.0,44.0
ORD-102807,Arabic,Dessert,Kunafa,1,28.0,28.0
ORD-102807,Arabic,Beverage,Mint Lemonade,1,18.0,18.0
ORD-102808,Arabic,Main,Mixed Grill,1,75.0,75.0
ORD-102808,Arabic,Main,Chicken Shawarma Plate,1,38.0,38.0
ORD-102808,Arabic,Beverage,Mint Lemonade,2,18.0,36.0
ORD-102809,Indian,Main,Chicken Biryani,1,42.0,42.0
ORD-102809,Indian,Main,Butter Chicken,1,45.0,45.0
ORD-102810,Italian,Main,Pepperoni Pizza,1,52.0,52.0
ORD-102810,Italian,Main,Beef Lasagna,1,55.0,55.0
ORD-102810,Italian,Beverage,Italian Lemon Soda,2,18.0,36.0
ORD-102811,Indian,Main,Chicken Biryani,2,42.0,84.0
ORD-102811,Indian,Starter,Vegetable Samosa,1,16.0,16.0
ORD-102812,Chinese,Main,Szechuan Beef,1,52.0,52.0
ORD-102812,Chinese,Main,Chicken Fried Rice,1,34.0,34.0
ORD-102813,Continental,Main,Grilled Chicken with Mash,1,52.0,52.0
ORD-102813,Continental,Starter,Chicken Wings,1,34.0,34.0
ORD-102814,Chinese,Main,Chicken Manchurian,1,38.0,38.0
ORD-102814,Arabic,Starter,Hummus,1,22.0,22.0
ORD-102814,Chinese,Side,Steamed Rice,1,10.0,10.0
ORD-102815,Indian,Main,Palak Paneer,2,34.0,68.0
ORD-102815,Arabic,Main,Chicken Machboos,1,48.0,48.0
ORD-102815,Indian,Side,Garlic Naan,2,8.0,16.0
ORD-102815,Arabic,Beverage,Mint Lemonade,1,18.0,18.0
ORD-102816,Continental,Main,Grilled Chicken with Mash,1,52.0,52.0
ORD-102817,Indian,Main,Chicken Biryani,1,42.0,42.0
ORD-102817,Indian,Beverage,Mango Lassi,1,16.0,16.0
ORD-102818,Indian,Main,Palak Paneer,1,34.0,34.0
ORD-102818,Indian,Starter,Vegetable Samosa,1,16.0,16.0
ORD-102818,Indian,Side,Garlic Naan,1,8.0,8.0
ORD-102818,Indian,Beverage,Mango Lassi,1,16.0,16.0
ORD-102819,Continental,Main,Classic Beef Burger,1,48.0,48.0
ORD-102819,Continental,Starter,Chicken Wings,1,34.0,34.0
ORD-102819,Continental,Side,French Fries,1,16.0,16.0
ORD-102819,Continental,Dessert,New York Cheesecake,1,28.0,28.0
ORD-102820,Continental,Main,Classic Beef Burger,1,48.0,48.0
ORD-102820,Continental,Dessert,New York Cheesecake,1,28.0,28.0
ORD-102821,Indian,Main,Chicken Biryani,1,42.0,42.0
ORD-102821,Indian,Starter,Vegetable Samosa,1,16.0,16.0
ORD-102821,Indian,Side,Jeera Rice,1,14.0,14.0
ORD-102821,Indian,Beverage,Mango Lassi,1,16.0,16.0
ORD-102822,Italian,Main,Beef Lasagna,1,55.0,55.0
ORD-102822,Italian,Side,Garlic Bread,1,18.0,18.0
ORD-102822,Italian,Beverage,Italian Lemon Soda,1,18.0,18.0
ORD-102823,Italian,Main,Pepperoni Pizza,1,52.0,52.0
ORD-102823,Italian,Main,Margherita Pizza,1,45.0,45.0
ORD-102823,Italian,Dessert,Tiramisu,1,30.0,30.0
ORD-102824,Italian,Main,Margherita Pizza,1,45.0,45.0
ORD-102824,Italian,Main,Beef Lasagna,1,55.0,55.0
ORD-102824,Italian,Starter,Bruschetta,1,26.0,26.0
ORD-102824,Italian,Beverage,Italian Lemon Soda,2,18.0,36.0
ORD-102825,Arabic,Main,Chicken Shawarma Plate,1,38.0,38.0
ORD-102825,Chinese,Beverage,Jasmine Tea,1,12.0,12.0
ORD-102826,Continental,Main,Grilled Chicken with Mash,2,52.0,104.0
ORD-102826,Continental,Main,Classic Beef Burger,1,48.0,48.0
ORD-102826,Continental,Beverage,Chocolate Milkshake,2,22.0,44.0
ORD-102827,Arabic,Main,Falafel Wrap,1,22.0,22.0
ORD-102827,Arabic,Main,Chicken Shawarma Plate,2,38.0,76.0
ORD-102827,Arabic,Starter,Hummus,1,22.0,22.0
ORD-102827,Arabic,Side,Arabic Rice,1,12.0,12.0
ORD-102827,Arabic,Dessert,Kunafa,1,28.0,28.0
ORD-102828,Continental,Main,Grilled Chicken Burger,1,42.0,42.0
ORD-102828,Continental,Main,Classic Beef Burger,1,48.0,48.0
ORD-102828,Continental,Beverage,Chocolate Milkshake,2,22.0,44.0
ORD-102829,Indian,Main,Chicken Biryani,1,42.0,42.0
ORD-102829,Indian,Side,Jeera Rice,1,14.0,14.0
ORD-102829,Indian,Dessert,Gulab Jamun,1,18.0,18.0
ORD-102829,Indian,Beverage,Mango Lassi,1,16.0,16.0
ORD-102830,Indian,Main,Chicken Biryani,1,42.0,42.0
ORD-102830,Indian,Main,Dal Makhani,1,32.0,32.0
ORD-102830,Indian,Side,Garlic Naan,1,8.0,8.0
ORD-102830,Indian,Beverage,Mango Lassi,1,16.0,16.0
ORD-102831,Italian,Main,Fettuccine Alfredo,1,48.0,48.0
ORD-102831,Italian,Starter,Bruschetta,1,26.0,26.0
ORD-102831,Italian,Side,Garlic Bread,1,18.0,18.0
ORD-102831,Italian,Beverage,Italian Lemon Soda,1,18.0,18.0
ORD-102832,Italian,Main,Pepperoni Pizza,1,52.0,52.0
ORD-102832,Italian,Starter,Bruschetta,1,26.0,26.0
ORD-102833,Indian,Main,Mutton Biryani,1,52.0,52.0
ORD-102833,Indian,Starter,Paneer Tikka,1,32.0,32.0
ORD-102833,Indian,Side,Jeera Rice,1,14.0,14.0
ORD-102833,Indian,Beverage,Mango Lassi,1,16.0,16.0
ORD-102834,Chinese,Main,Chicken Manchurian,2,38.0,76.0
ORD-102834,Chinese,Beverage,Jasmine Tea,2,12.0,24.0
ORD-102835,Indian,Main,Mutton Biryani,1,52.0,52.0
ORD-102835,Indian,Main,Dal Makhani,1,32.0,32.0
ORD-102835,Indian,Starter,Chicken Tikka,1,36.0,36.0
ORD-102836,Arabic,Main,Lamb Mandi,1,62.0,62.0
ORD-102836,Arabic,Main,Mixed Grill,1,75.0,75.0
ORD-102836,Arabic,Beverage,Mint Lemonade,1,18.0,18.0
ORD-102837,Indian,Main,Mutton Biryani,1,52.0,52.0
ORD-102837,Chinese,Starter,Spring Rolls,1,22.0,22.0
ORD-102837,Indian,Side,Jeera Rice,1,14.0,14.0
ORD-102838,Indian,Main,Butter Chicken,2,45.0,90.0
ORD-102838,Indian,Main,Chicken Biryani,1,42.0,42.0
ORD-102838,Indian,Starter,Chicken Tikka,1,36.0,36.0
ORD-102838,Indian,Dessert,Gulab Jamun,1,18.0,18.0
ORD-102839,Continental,Main,Grilled Salmon,1,78.0,78.0
ORD-102839,Continental,Beverage,Chocolate Milkshake,1,22.0,22.0
ORD-102840,Chinese,Main,Kung Pao Chicken,1,44.0,44.0
ORD-102840,Chinese,Side,Steamed Rice,1,10.0,10.0
ORD-102841,Italian,Main,Fettuccine Alfredo,2,48.0,96.0
ORD-102841,Italian,Dessert,Tiramisu,1,30.0,30.0
ORD-102842,Continental,Main,Grilled Chicken Burger,1,42.0,42.0
ORD-102842,Continental,Beverage,Chocolate Milkshake,1,22.0,22.0
ORD-102843,Indian,Main,Mutton Biryani,2,52.0,104.0
ORD-102843,Indian,Side,Jeera Rice,1,14.0,14.0
ORD-102843,Indian,Dessert,Gulab Jamun,1,18.0,18.0
ORD-102844,Continental,Main,Fish and Chips,1,50.0,50.0
ORD-102844,Continental,Starter,Chicken Wings,1,34.0,34.0
ORD-102844,Continental,Beverage,Chocolate Milkshake,1,22.0,22.0
ORD-102845,Chinese,Main,Szechuan Beef,1,52.0,52.0
ORD-102845,Chinese,Main,Chicken Manchurian,1,38.0,38.0
ORD-102845,Chinese,Starter,Chicken Dim Sum,1,34.0,34.0
ORD-102846,Arabic,Main,Falafel Wrap,1,22.0,22.0
ORD-102846,Arabic,Main,Chicken Shawarma Plate,1,38.0,38.0
ORD-102846,Arabic,Dessert,Umm Ali,1,26.0,26.0
ORD-102847,Italian,Main,Margherita Pizza,1,45.0,45.0
ORD-102847,Italian,Main,Beef Lasagna,1,55.0,55.0
ORD-102847,Italian,Beverage,Italian Lemon Soda,2,18.0,36.0
ORD-102848,Italian,Main,Pepperoni Pizza,1,52.0,52.0
ORD-102848,Indian,Starter,Chicken Tikka,1,36.0,36.0
ORD-102848,Italian,Beverage,Italian Lemon Soda,1,18.0,18.0
ORD-102849,Chinese,Main,Szechuan Beef,1,52.0,52.0
ORD-102849,Chinese,Starter,Hot and Sour Soup,1,24.0,24.0
ORD-102850,Italian,Main,Pepperoni Pizza,1,52.0,52.0
ORD-102850,Italian,Main,Fettuccine Alfredo,1,48.0,48.0
ORD-102850,Italian,Beverage,Italian Lemon Soda,1,18.0,18.0
ORD-102851,Arabic,Main,Chicken Shawarma Plate,1,38.0,38.0
ORD-102852,Continental,Main,Classic Beef Burger,1,48.0,48.0
ORD-102852,Continental,Starter,Chicken Wings,1,34.0,34.0
ORD-102852,Continental,Side,French Fries,1,16.0,16.0
ORD-102853,Italian,Main,Penne Arrabbiata,1,42.0,42.0
ORD-102853,Italian,Side,Garlic Bread,1,18.0,18.0
ORD-102853,Italian,Beverage,Italian Lemon Soda,1,18.0,18.0
ORD-102854,Arabic,Main,Chicken Machboos,1,48.0,48.0
ORD-102854,Arabic,Main,Lamb Mandi,1,62.0,62.0
ORD-102854,Arabic,Starter,Hummus,1,22.0,22.0
ORD-102854,Arabic,Side,Arabic Rice,1,12.0,12.0
ORD-102854,Arabic,Beverage,Mint Lemonade,2,18.0,36.0
ORD-102855,Continental,Main,Classic Beef Burger,3,48.0,144.0
ORD-102855,Continental,Starter,Soup of the Day,1,22.0,22.0
ORD-102855,Continental,Side,French Fries,3,16.0,48.0
ORD-102856,Arabic,Main,Chicken Shawarma Plate,2,38.0,76.0
ORD-102856,Arabic,Starter,Fattoush,1,24.0,24.0
ORD-102856,Arabic,Dessert,Umm Ali,1,26.0,26.0
ORD-102856,Arabic,Beverage,Mint Lemonade,2,18.0,36.0
ORD-102857,Italian,Main,Fettuccine Alfredo,1,48.0,48.0
ORD-102857,Italian,Main,Penne Arrabbiata,1,42.0,42.0
ORD-102857,Italian,Starter,Caesar Salad,1,32.0,32.0
ORD-102857,Italian,Beverage,Italian Lemon Soda,1,18.0,18.0
ORD-102858,Italian,Main,Penne Arrabbiata,1,42.0,42.0
ORD-102858,Italian,Main,Margherita Pizza,1,45.0,45.0
ORD-102859,Arabic,Main,Chicken Machboos,1,48.0,48.0
ORD-102859,Arabic,Starter,Mutabbal,1,22.0,22.0
ORD-102860,Italian,Main,Penne Arrabbiata,1,42.0,42.0
ORD-102861,Italian,Main,Margherita Pizza,1,45.0,45.0
ORD-102861,Continental,Main,Classic Beef Burger,1,48.0,48.0
ORD-102861,Italian,Side,Garlic Bread,1,18.0,18.0
ORD-102862,Chinese,Main,Chicken Fried Rice,1,34.0,34.0
ORD-102862,Chinese,Main,Veg Hakka Noodles,1,32.0,32.0
ORD-102862,Chinese,Starter,Spring Rolls,1,22.0,22.0
ORD-102863,Chinese,Main,Chicken Fried Rice,1,34.0,34.0
ORD-102863,Chinese,Main,Veg Hakka Noodles,1,32.0,32.0
ORD-102864,Arabic,Main,Chicken Machboos,2,48.0,96.0
ORD-102864,Arabic,Beverage,Mint Lemonade,1,18.0,18.0
ORD-102865,Italian,Main,Penne Arrabbiata,1,42.0,42.0
ORD-102865,Italian,Beverage,Italian Lemon Soda,1,18.0,18.0
ORD-102866,Arabic,Main,Chicken Machboos,1,48.0,48.0
ORD-102866,Arabic,Starter,Hummus,1,22.0,22.0
ORD-102866,Arabic,Dessert,Kunafa,1,28.0,28.0
ORD-102866,Arabic,Beverage,Mint Lemonade,1,18.0,18.0
ORD-102867,Indian,Main,Chicken Biryani,1,42.0,42.0
ORD-102867,Indian,Side,Garlic Naan,1,8.0,8.0
ORD-102867,Continental,Dessert,Chocolate Brownie,1,24.0,24.0
ORD-102868,Italian,Main,Penne Arrabbiata,1,42.0,42.0
ORD-102868,Italian,Main,Fettuccine Alfredo,1,48.0,48.0
ORD-102868,Italian,Dessert,Tiramisu,1,30.0,30.0
ORD-102869,Italian,Main,Margherita Pizza,1,45.0,45.0
ORD-102869,Italian,Main,Fettuccine Alfredo,1,48.0,48.0
ORD-102870,Continental,Main,Grilled Chicken with Mash,1,52.0,52.0
ORD-102871,Continental,Main,Fish and Chips,1,50.0,50.0
ORD-102871,Continental,Side,French Fries,1,16.0,16.0
ORD-102872,Italian,Main,Margherita Pizza,1,45.0,45.0
ORD-102872,Italian,Beverage,Italian Lemon Soda,1,18.0,18.0
ORD-102873,Arabic,Main,Chicken Shawarma Plate,1,38.0,38.0
ORD-102873,Arabic,Side,Arabic Rice,1,12.0,12.0
ORD-102873,Arabic,Beverage,Mint Lemonade,1,18.0,18.0
ORD-102874,Chinese,Main,Szechuan Beef,1,52.0,52.0
ORD-102874,Chinese,Main,Veg Hakka Noodles,1,32.0,32.0
ORD-102874,Chinese,Side,Steamed Rice,1,10.0,10.0
ORD-102874,Chinese,Beverage,Jasmine Tea,1,12.0,12.0
ORD-102875,Italian,Main,Pepperoni Pizza,1,52.0,52.0
ORD-102875,Italian,Main,Margherita Pizza,1,45.0,45.0
ORD-102875,Italian,Beverage,Italian Lemon Soda,1,18.0,18.0
ORD-102876,Indian,Main,Dal Makhani,1,32.0,32.0
ORD-102876,Indian,Starter,Vegetable Samosa,1,16.0,16.0
ORD-102876,Indian,Side,Garlic Naan,1,8.0,8.0
ORD-102876,Indian,Beverage,Mango Lassi,1,16.0,16.0
ORD-102877,Continental,Main,Grilled Chicken with Mash,1,52.0,52.0
ORD-102878,Indian,Main,Chicken Biryani,1,42.0,42.0
ORD-102878,Indian,Side,Garlic Naan,1,8.0,8.0
ORD-102879,Arabic,Main,Lamb Mandi,1,62.0,62.0
ORD-102879,Arabic,Starter,Hummus,1,22.0,22.0
ORD-102880,Continental,Main,Grilled Chicken Burger,1,42.0,42.0
ORD-102880,Italian,Main,Margherita Pizza,1,45.0,45.0
ORD-102880,Continental,Starter,Chicken Wings,1,34.0,34.0
ORD-102880,Continental,Side,French Fries,1,16.0,16.0
ORD-102881,Arabic,Main,Lamb Mandi,1,62.0,62.0
ORD-102882,Arabic,Main,Mixed Grill,1,75.0,75.0
ORD-102882,Arabic,Beverage,Mint Lemonade,1,18.0,18.0
ORD-102883,Arabic,Main,Lamb Mandi,1,62.0,62.0
ORD-102883,Arabic,Main,Chicken Machboos,1,48.0,48.0
ORD-102883,Arabic,Main,Chicken Shawarma Plate,1,38.0,38.0
ORD-102883,Arabic,Starter,Hummus,1,22.0,22.0
ORD-102883,Arabic,Side,Arabic Rice,1,12.0,12.0
ORD-102883,Arabic,Dessert,Kunafa,1,28.0,28.0
ORD-102884,Indian,Main,Dal Makhani,1,32.0,32.0
ORD-102884,Indian,Starter,Paneer Tikka,1,32.0,32.0
ORD-102884,Indian,Side,Jeera Rice,1,14.0,14.0
ORD-102884,Indian,Beverage,Mango Lassi,1,16.0,16.0
ORD-102885,Indian,Main,Palak Paneer,1,34.0,34.0
ORD-102885,Indian,Starter,Chicken Tikka,1,36.0,36.0
ORD-102885,Indian,Side,Garlic Naan,1,8.0,8.0
ORD-102885,Indian,Dessert,Gulab Jamun,1,18.0,18.0
ORD-102886,Indian,Main,Mutton Biryani,2,52.0,104.0
ORD-102886,Indian,Side,Jeera Rice,1,14.0,14.0
ORD-102886,Indian,Beverage,Mango Lassi,1,16.0,16.0
ORD-102887,Indian,Main,Chicken Biryani,1,42.0,42.0
ORD-102887,Indian,Starter,Vegetable Samosa,1,16.0,16.0
ORD-102887,Indian,Dessert,Gulab Jamun,1,18.0,18.0
ORD-102887,Indian,Beverage,Mango Lassi,1,16.0,16.0
ORD-102888,Arabic,Main,Mixed Grill,1,75.0,75.0
ORD-102888,Arabic,Starter,Hummus,1,22.0,22.0
ORD-102888,Arabic,Beverage,Mint Lemonade,1,18.0,18.0
ORD-102889,Indian,Main,Mutton Biryani,1,52.0,52.0
ORD-102889,Indian,Main,Palak Paneer,1,34.0,34.0
ORD-102889,Indian,Main,Chicken Biryani,1,42.0,42.0
ORD-102889,Indian,Side,Jeera Rice,2,14.0,28.0
ORD-102890,Arabic,Main,Falafel Wrap,1,22.0,22.0
ORD-102890,Arabic,Main,Chicken Machboos,1,48.0,48.0
ORD-102890,Arabic,Beverage,Mint Lemonade,1,18.0,18.0
ORD-102891,Arabic,Main,Chicken Machboos,1,48.0,48.0
ORD-102891,Arabic,Starter,Fattoush,1,24.0,24.0
ORD-102892,Chinese,Main,Chicken Manchurian,1,38.0,38.0
ORD-102892,Chinese,Main,Szechuan Beef,1,52.0,52.0
ORD-102893,Indian,Main,Chicken Biryani,1,42.0,42.0
ORD-102893,Indian,Starter,Paneer Tikka,1,32.0,32.0
ORD-102893,Indian,Beverage,Mango Lassi,1,16.0,16.0
ORD-102894,Continental,Main,Classic Beef Burger,1,48.0,48.0
ORD-102894,Continental,Starter,Chicken Wings,1,34.0,34.0
ORD-102894,Continental,Side,French Fries,1,16.0,16.0
ORD-102895,Indian,Main,Mutton Biryani,1,52.0,52.0
ORD-102895,Indian,Starter,Paneer Tikka,1,32.0,32.0
ORD-102895,Indian,Side,Jeera Rice,1,14.0,14.0
ORD-102896,Indian,Main,Butter Chicken,1,45.0,45.0
ORD-102896,Indian,Side,Garlic Naan,1,8.0,8.0
ORD-102896,Indian,Beverage,Mango Lassi,1,16.0,16.0
ORD-102897,Arabic,Main,Chicken Machboos,1,48.0,48.0
ORD-102897,Arabic,Side,Arabic Rice,1,12.0,12.0
ORD-102897,Arabic,Dessert,Kunafa,1,28.0,28.0
ORD-102898,Arabic,Main,Chicken Shawarma Plate,1,38.0,38.0
ORD-102898,Arabic,Starter,Fattoush,1,24.0,24.0
ORD-102898,Arabic,Side,Arabic Rice,1,12.0,12.0
ORD-102899,Arabic,Main,Chicken Machboos,1,48.0,48.0
ORD-102899,Indian,Starter,Chicken Tikka,1,36.0,36.0
ORD-102899,Indian,Dessert,Gulab Jamun,1,18.0,18.0
ORD-102900,Indian,Main,Butter Chicken,1,45.0,45.0
ORD-102900,Indian,Main,Dal Makhani,1,32.0,32.0
ORD-102900,Indian,Main,Palak Paneer,1,34.0,34.0
ORD-102900,Indian,Side,Garlic Naan,3,8.0,24.0
ORD-102900,Indian,Beverage,Mango Lassi,1,16.0,16.0
ORD-102901,Arabic,Main,Chicken Shawarma Plate,2,38.0,76.0
ORD-102901,Arabic,Main,Lamb Mandi,1,62.0,62.0
ORD-102902,Chinese,Main,Kung Pao Chicken,1,44.0,44.0
ORD-102902,Chinese,Starter,Hot and Sour Soup,1,24.0,24.0
ORD-102903,Arabic,Main,Falafel Wrap,1,22.0,22.0
ORD-102903,Arabic,Starter,Fattoush,1,24.0,24.0
ORD-102903,Arabic,Beverage,Mint Lemonade,1,18.0,18.0
ORD-102904,Indian,Main,Dal Makhani,1,32.0,32.0
ORD-102904,Indian,Main,Palak Paneer,1,34.0,34.0
ORD-102904,Indian,Starter,Chicken Tikka,1,36.0,36.0
ORD-102904,Indian,Side,Jeera Rice,1,14.0,14.0
ORD-102904,Indian,Beverage,Mango Lassi,1,16.0,16.0
ORD-102905,Indian,Main,Mutton Biryani,1,52.0,52.0
ORD-102905,Indian,Side,Garlic Naan,1,8.0,8.0
ORD-102905,Indian,Dessert,Gulab Jamun,1,18.0,18.0
ORD-102905,Indian,Beverage,Mango Lassi,1,16.0,16.0
ORD-102906,Italian,Main,Beef Lasagna,1,55.0,55.0
ORD-102907,Arabic,Main,Chicken Shawarma Plate,1,38.0,38.0
ORD-102907,Continental,Main,Classic Beef Burger,1,48.0,48.0
ORD-102907,Arabic,Beverage,Mint Lemonade,1,18.0,18.0
ORD-102908,Indian,Main,Butter Chicken,1,45.0,45.0
ORD-102908,Indian,Main,Chicken Biryani,1,42.0,42.0
ORD-102908,Indian,Side,Jeera Rice,1,14.0,14.0
ORD-102909,Continental,Main,Classic Beef Burger,1,48.0,48.0
ORD-102909,Continental,Side,French Fries,1,16.0,16.0
ORD-102909,Continental,Beverage,Chocolate Milkshake,1,22.0,22.0
ORD-102910,Indian,Main,Chicken Biryani,1,42.0,42.0
ORD-102910,Indian,Starter,Vegetable Samosa,1,16.0,16.0
ORD-102910,Indian,Side,Jeera Rice,1,14.0,14.0
ORD-102911,Italian,Main,Penne Arrabbiata,1,42.0,42.0
ORD-102911,Italian,Main,Pepperoni Pizza,1,52.0,52.0
ORD-102911,Italian,Beverage,Italian Lemon Soda,1,18.0,18.0
ORD-102912,Indian,Main,Chicken Biryani,1,42.0,42.0
ORD-102912,Arabic,Main,Mixed Grill,1,75.0,75.0
ORD-102912,Indian,Main,Palak Paneer,1,34.0,34.0
ORD-102912,Indian,Dessert,Gulab Jamun,1,18.0,18.0
ORD-102912,Arabic,Beverage,Mint Lemonade,3,18.0,54.0
ORD-102913,Italian,Main,Margherita Pizza,1,45.0,45.0
ORD-102913,Italian,Dessert,Tiramisu,1,30.0,30.0
ORD-102914,Chinese,Main,Kung Pao Chicken,1,44.0,44.0
ORD-102914,Chinese,Starter,Spring Rolls,1,22.0,22.0
ORD-102914,Chinese,Beverage,Jasmine Tea,1,12.0,12.0
ORD-102915,Continental,Main,Classic Beef Burger,1,48.0,48.0
ORD-102915,Continental,Side,French Fries,1,16.0,16.0
ORD-102915,Continental,Dessert,Chocolate Brownie,1,24.0,24.0
ORD-102915,Continental,Beverage,Chocolate Milkshake,1,22.0,22.0
ORD-102916,Chinese,Main,Chicken Fried Rice,1,34.0,34.0
ORD-102917,Chinese,Main,Chicken Fried Rice,1,34.0,34.0
ORD-102917,Chinese,Dessert,Mango Pudding,1,20.0,20.0
ORD-102918,Indian,Main,Mutton Biryani,1,52.0,52.0
ORD-102918,Indian,Main,Chicken Biryani,1,42.0,42.0
ORD-102918,Indian,Side,Jeera Rice,2,14.0,28.0
ORD-102918,Indian,Dessert,Gulab Jamun,1,18.0,18.0
ORD-102919,Italian,Main,Margherita Pizza,1,45.0,45.0
ORD-102919,Italian,Starter,Bruschetta,1,26.0,26.0
ORD-102919,Italian,Dessert,Tiramisu,1,30.0,30.0
ORD-102920,Arabic,Main,Mixed Grill,1,75.0,75.0
ORD-102920,Arabic,Dessert,Kunafa,1,28.0,28.0
ORD-102921,Chinese,Main,Chicken Fried Rice,2,34.0,68.0
ORD-102921,Chinese,Main,Veg Hakka Noodles,1,32.0,32.0
ORD-102921,Chinese,Side,Steamed Rice,2,10.0,20.0
ORD-102921,Chinese,Beverage,Jasmine Tea,2,12.0,24.0
ORD-102922,Continental,Main,Grilled Salmon,1,78.0,78.0
ORD-102923,Italian,Main,Pepperoni Pizza,1,52.0,52.0
ORD-102923,Italian,Starter,Bruschetta,1,26.0,26.0
ORD-102923,Italian,Beverage,Italian Lemon Soda,1,18.0,18.0
ORD-102924,Arabic,Main,Mixed Grill,1,75.0,75.0
ORD-102924,Arabic,Starter,Fattoush,1,24.0,24.0
ORD-102924,Arabic,Beverage,Mint Lemonade,1,18.0,18.0
ORD-102925,Indian,Main,Chicken Biryani,1,42.0,42.0
ORD-102925,Indian,Side,Jeera Rice,1,14.0,14.0
ORD-102926,Arabic,Main,Falafel Wrap,1,22.0,22.0
ORD-102926,Arabic,Dessert,Kunafa,1,28.0,28.0
ORD-102927,Arabic,Main,Chicken Machboos,1,48.0,48.0
ORD-102927,Arabic,Main,Lamb Mandi,1,62.0,62.0
ORD-102927,Arabic,Starter,Hummus,1,22.0,22.0
ORD-102927,Arabic,Side,Arabic Rice,1,12.0,12.0
ORD-102928,Indian,Main,Palak Paneer,1,34.0,34.0
ORD-102928,Indian,Side,Jeera Rice,1,14.0,14.0
ORD-102928,Indian,Dessert,Gulab Jamun,1,18.0,18.0
ORD-102929,Italian,Main,Penne Arrabbiata,1,42.0,42.0
ORD-102929,Italian,Main,Fettuccine Alfredo,1,48.0,48.0
ORD-102930,Arabic,Main,Falafel Wrap,1,22.0,22.0
ORD-102930,Arabic,Beverage,Mint Lemonade,1,18.0,18.0
ORD-102931,Arabic,Main,Falafel Wrap,1,22.0,22.0
ORD-102931,Arabic,Beverage,Mint Lemonade,1,18.0,18.0
ORD-102932,Italian,Main,Fettuccine Alfredo,1,48.0,48.0
ORD-102932,Italian,Side,Garlic Bread,1,18.0,18.0
ORD-102932,Italian,Beverage,Italian Lemon Soda,1,18.0,18.0
ORD-102933,Italian,Main,Margherita Pizza,1,45.0,45.0
ORD-102933,Italian,Starter,Bruschetta,1,26.0,26.0
ORD-102933,Italian,Side,Garlic Bread,1,18.0,18.0
ORD-102933,Italian,Beverage,Italian Lemon Soda,1,18.0,18.0
ORD-102934,Continental,Main,Classic Beef Burger,2,48.0,96.0
ORD-102935,Indian,Main,Dal Makhani,1,32.0,32.0
ORD-102935,Indian,Main,Mutton Biryani,1,52.0,52.0
ORD-102935,Indian,Side,Garlic Naan,2,8.0,16.0
ORD-102936,Indian,Main,Butter Chicken,1,45.0,45.0
ORD-102936,Indian,Main,Chicken Biryani,2,42.0,84.0
ORD-102937,Arabic,Main,Falafel Wrap,1,22.0,22.0
ORD-102937,Arabic,Starter,Hummus,1,22.0,22.0
ORD-102937,Arabic,Side,Arabic Rice,1,12.0,12.0
ORD-102938,Chinese,Main,Szechuan Beef,1,52.0,52.0
ORD-102938,Chinese,Main,Veg Hakka Noodles,1,32.0,32.0
ORD-102938,Arabic,Starter,Hummus,1,22.0,22.0
ORD-102938,Chinese,Side,Steamed Rice,1,10.0,10.0
ORD-102938,Chinese,Dessert,Mango Pudding,1,20.0,20.0
ORD-102938,Arabic,Beverage,Mint Lemonade,2,18.0,36.0
ORD-102939,Indian,Main,Dal Makhani,1,32.0,32.0
ORD-102939,Indian,Main,Mutton Biryani,1,52.0,52.0
ORD-102939,Indian,Beverage,Mango Lassi,1,16.0,16.0
ORD-102940,Arabic,Main,Falafel Wrap,1,22.0,22.0
ORD-102940,Arabic,Main,Chicken Machboos,1,48.0,48.0
ORD-102940,Arabic,Side,Arabic Rice,2,12.0,24.0
ORD-102941,Continental,Main,Grilled Chicken Burger,1,42.0,42.0
ORD-102941,Italian,Main,Fettuccine Alfredo,1,48.0,48.0
ORD-102941,Continental,Starter,Soup of the Day,1,22.0,22.0
ORD-102942,Italian,Main,Fettuccine Alfredo,2,48.0,96.0
ORD-102942,Italian,Starter,Bruschetta,1,26.0,26.0
ORD-102942,Italian,Side,Garlic Bread,2,18.0,36.0
ORD-102942,Italian,Dessert,Tiramisu,1,30.0,30.0
ORD-102942,Italian,Beverage,Italian Lemon Soda,1,18.0,18.0
ORD-102943,Continental,Main,Classic Beef Burger,2,48.0,96.0
ORD-102944,Arabic,Main,Chicken Shawarma Plate,2,38.0,76.0
ORD-102944,Arabic,Side,Arabic Rice,2,12.0,24.0
ORD-102945,Continental,Main,Classic Beef Burger,1,48.0,48.0
ORD-102945,Continental,Side,French Fries,1,16.0,16.0
ORD-102946,Arabic,Main,Chicken Shawarma Plate,1,38.0,38.0
ORD-102947,Arabic,Main,Chicken Shawarma Plate,1,38.0,38.0
ORD-102948,Indian,Main,Mutton Biryani,1,52.0,52.0
ORD-102948,Indian,Side,Jeera Rice,1,14.0,14.0
ORD-102948,Indian,Beverage,Mango Lassi,1,16.0,16.0
ORD-102949,Italian,Main,Pepperoni Pizza,1,52.0,52.0
ORD-102949,Italian,Starter,Bruschetta,1,26.0,26.0
ORD-102950,Indian,Main,Chicken Biryani,1,42.0,42.0
ORD-102950,Indian,Starter,Vegetable Samosa,1,16.0,16.0
ORD-102950,Indian,Side,Garlic Naan,1,8.0,8.0
ORD-102950,Indian,Dessert,Gulab Jamun,1,18.0,18.0
ORD-102951,Indian,Main,Butter Chicken,1,45.0,45.0
ORD-102951,Indian,Side,Garlic Naan,1,8.0,8.0
ORD-102951,Indian,Dessert,Gulab Jamun,1,18.0,18.0
ORD-102951,Indian,Beverage,Mango Lassi,1,16.0,16.0
ORD-102952,Arabic,Main,Lamb Mandi,1,62.0,62.0
ORD-102952,Arabic,Beverage,Mint Lemonade,1,18.0,18.0
ORD-102953,Indian,Main,Chicken Biryani,1,42.0,42.0
ORD-102953,Indian,Starter,Paneer Tikka,1,32.0,32.0
ORD-102953,Indian,Dessert,Gulab Jamun,1,18.0,18.0
ORD-102953,Indian,Beverage,Mango Lassi,1,16.0,16.0
ORD-102954,Indian,Main,Chicken Biryani,1,42.0,42.0
ORD-102954,Indian,Side,Garlic Naan,1,8.0,8.0
ORD-102955,Continental,Main,Fish and Chips,1,50.0,50.0
ORD-102956,Indian,Main,Chicken Biryani,1,42.0,42.0
ORD-102956,Indian,Side,Garlic Naan,1,8.0,8.0
ORD-102957,Indian,Main,Butter Chicken,1,45.0,45.0
ORD-102957,Indian,Main,Chicken Biryani,1,42.0,42.0
ORD-102957,Indian,Starter,Paneer Tikka,1,32.0,32.0
ORD-102957,Indian,Side,Garlic Naan,2,8.0,16.0
ORD-102957,Indian,Dessert,Gulab Jamun,1,18.0,18.0
ORD-102958,Arabic,Main,Mixed Grill,1,75.0,75.0
ORD-102958,Arabic,Main,Lamb Mandi,1,62.0,62.0
ORD-102959,Chinese,Main,Veg Hakka Noodles,2,32.0,64.0
ORD-102959,Chinese,Main,Chicken Fried Rice,1,34.0,34.0
ORD-102959,Chinese,Main,Chicken Manchurian,1,38.0,38.0
ORD-102959,Chinese,Dessert,Mango Pudding,1,20.0,20.0
ORD-102960,Arabic,Main,Mixed Grill,2,75.0,150.0
ORD-102960,Arabic,Main,Chicken Shawarma Plate,1,38.0,38.0
ORD-102960,Arabic,Side,Arabic Rice,3,12.0,36.0
ORD-102960,Arabic,Dessert,Kunafa,1,28.0,28.0
ORD-102960,Arabic,Beverage,Mint Lemonade,2,18.0,36.0
ORD-102961,Indian,Main,Palak Paneer,1,34.0,34.0
ORD-102961,Indian,Main,Butter Chicken,1,45.0,45.0
ORD-102961,Indian,Side,Jeera Rice,2,14.0,28.0
ORD-102961,Indian,Beverage,Mango Lassi,2,16.0,32.0
ORD-102962,Chinese,Main,Kung Pao Chicken,1,44.0,44.0
ORD-102962,Chinese,Starter,Chicken Dim Sum,1,34.0,34.0
ORD-102963,Indian,Main,Dal Makhani,1,32.0,32.0
ORD-102963,Indian,Main,Chicken Biryani,1,42.0,42.0
ORD-102963,Indian,Side,Garlic Naan,1,8.0,8.0
ORD-102964,Indian,Main,Mutton Biryani,1,52.0,52.0
ORD-102964,Indian,Starter,Chicken Tikka,1,36.0,36.0
ORD-102964,Indian,Side,Jeera Rice,1,14.0,14.0
ORD-102964,Indian,Beverage,Mango Lassi,1,16.0,16.0
ORD-102965,Continental,Main,Grilled Chicken Burger,1,42.0,42.0
ORD-102965,Continental,Main,Fish and Chips,1,50.0,50.0
ORD-102965,Continental,Main,Grilled Chicken with Mash,1,52.0,52.0
ORD-102965,Continental,Side,French Fries,1,16.0,16.0
ORD-102965,Continental,Beverage,Chocolate Milkshake,3,22.0,66.0
ORD-102966,Continental,Main,Classic Beef Burger,1,48.0,48.0
ORD-102967,Continental,Main,Grilled Salmon,1,78.0,78.0
ORD-102967,Indian,Starter,Vegetable Samosa,1,16.0,16.0
ORD-102967,Continental,Dessert,New York Cheesecake,1,28.0,28.0
ORD-102967,Continental,Beverage,Chocolate Milkshake,1,22.0,22.0
ORD-102968,Arabic,Main,Lamb Mandi,1,62.0,62.0
ORD-102968,Arabic,Main,Chicken Shawarma Plate,2,38.0,76.0
ORD-102968,Arabic,Beverage,Mint Lemonade,3,18.0,54.0
ORD-102969,Italian,Main,Margherita Pizza,1,45.0,45.0
ORD-102970,Arabic,Main,Falafel Wrap,1,22.0,22.0
ORD-102970,Arabic,Beverage,Mint Lemonade,1,18.0,18.0
ORD-102971,Italian,Main,Penne Arrabbiata,1,42.0,42.0
ORD-102971,Italian,Dessert,Tiramisu,1,30.0,30.0
ORD-102972,Italian,Main,Penne Arrabbiata,1,42.0,42.0
ORD-102973,Indian,Main,Mutton Biryani,1,52.0,52.0
ORD-102973,Continental,Starter,Chicken Wings,1,34.0,34.0
ORD-102973,Indian,Beverage,Mango Lassi,1,16.0,16.0
ORD-102974,Indian,Main,Butter Chicken,2,45.0,90.0
ORD-102974,Indian,Side,Jeera Rice,2,14.0,28.0
ORD-102975,Italian,Main,Pepperoni Pizza,1,52.0,52.0
ORD-102975,Italian,Dessert,Tiramisu,1,30.0,30.0
ORD-102976,Indian,Main,Dal Makhani,2,32.0,64.0
ORD-102976,Indian,Starter,Paneer Tikka,1,32.0,32.0
ORD-102976,Indian,Side,Garlic Naan,2,8.0,16.0
ORD-102976,Indian,Beverage,Mango Lassi,1,16.0,16.0
ORD-102977,Arabic,Main,Lamb Mandi,1,62.0,62.0
ORD-102977,Arabic,Side,Arabic Rice,1,12.0,12.0
ORD-102977,Arabic,Beverage,Mint Lemonade,1,18.0,18.0
ORD-102978,Italian,Main,Margherita Pizza,1,45.0,45.0
ORD-102978,Italian,Starter,Bruschetta,1,26.0,26.0
ORD-102978,Italian,Side,Garlic Bread,1,18.0,18.0
ORD-102979,Arabic,Main,Chicken Shawarma Plate,1,38.0,38.0
ORD-102979,Arabic,Main,Lamb Mandi,1,62.0,62.0
ORD-102979,Arabic,Main,Mixed Grill,1,75.0,75.0
ORD-102979,Arabic,Main,Chicken Machboos,1,48.0,48.0
ORD-102980,Indian,Main,Chicken Biryani,1,42.0,42.0
ORD-102980,Indian,Starter,Chicken Tikka,1,36.0,36.0
ORD-102980,Indian,Side,Garlic Naan,1,8.0,8.0
ORD-102980,Indian,Dessert,Gulab Jamun,1,18.0,18.0
ORD-102980,Indian,Beverage,Mango Lassi,1,16.0,16.0
ORD-102981,Italian,Main,Fettuccine Alfredo,1,48.0,48.0
ORD-102981,Italian,Main,Margherita Pizza,1,45.0,45.0
ORD-102981,Italian,Side,Garlic Bread,2,18.0,36.0
ORD-102981,Italian,Dessert,Tiramisu,1,30.0,30.0
ORD-102982,Arabic,Main,Falafel Wrap,1,22.0,22.0
ORD-102982,Arabic,Starter,Mutabbal,1,22.0,22.0
ORD-102982,Arabic,Beverage,Mint Lemonade,1,18.0,18.0
ORD-102983,Indian,Main,Chicken Biryani,1,42.0,42.0
ORD-102983,Indian,Side,Garlic Naan,1,8.0,8.0
ORD-102983,Indian,Dessert,Gulab Jamun,1,18.0,18.0
ORD-102983,Indian,Beverage,Mango Lassi,1,16.0,16.0
ORD-102984,Italian,Main,Pepperoni Pizza,1,52.0,52.0
ORD-102984,Italian,Main,Margherita Pizza,1,45.0,45.0
ORD-102984,Italian,Starter,Caesar Salad,1,32.0,32.0
ORD-102984,Italian,Side,Garlic Bread,1,18.0,18.0
ORD-102985,Chinese,Main,Chicken Fried Rice,2,34.0,68.0
ORD-102985,Chinese,Main,Veg Hakka Noodles,1,32.0,32.0
ORD-102985,Chinese,Dessert,Mango Pudding,1,20.0,20.0
ORD-102986,Chinese,Main,Veg Hakka Noodles,1,32.0,32.0
ORD-102986,Chinese,Side,Steamed Rice,1,10.0,10.0
ORD-102987,Chinese,Main,Szechuan Beef,2,52.0,104.0
ORD-102987,Chinese,Starter,Hot and Sour Soup,1,24.0,24.0
ORD-102988,Continental,Main,Classic Beef Burger,1,48.0,48.0
ORD-102988,Continental,Starter,Chicken Wings,1,34.0,34.0
ORD-102988,Continental,Beverage,Chocolate Milkshake,1,22.0,22.0
ORD-102989,Chinese,Main,Chicken Fried Rice,1,34.0,34.0
ORD-102989,Chinese,Side,Steamed Rice,1,10.0,10.0
ORD-102989,Chinese,Dessert,Mango Pudding,1,20.0,20.0
ORD-102989,Chinese,Beverage,Jasmine Tea,1,12.0,12.0
ORD-102990,Italian,Main,Penne Arrabbiata,1,42.0,42.0
ORD-102990,Italian,Main,Margherita Pizza,1,45.0,45.0
ORD-102990,Italian,Beverage,Italian Lemon Soda,1,18.0,18.0
ORD-102991,Indian,Main,Chicken Biryani,1,42.0,42.0
ORD-102991,Indian,Starter,Paneer Tikka,1,32.0,32.0
ORD-102992,Continental,Main,Classic Beef Burger,1,48.0,48.0
ORD-102992,Continental,Starter,Chicken Wings,1,34.0,34.0
ORD-102993,Italian,Main,Fettuccine Alfredo,1,48.0,48.0
ORD-102993,Italian,Starter,Caesar Salad,1,32.0,32.0
ORD-102994,Continental,Main,Classic Beef Burger,1,48.0,48.0
ORD-102994,Continental,Side,French Fries,1,16.0,16.0
ORD-102995,Continental,Main,Grilled Salmon,1,78.0,78.0
ORD-102995,Continental,Side,French Fries,1,16.0,16.0
ORD-102996,Indian,Main,Mutton Biryani,1,52.0,52.0
ORD-102996,Indian,Main,Dal Makhani,1,32.0,32.0
ORD-102996,Indian,Side,Jeera Rice,2,14.0,28.0
ORD-102996,Indian,Beverage,Mango Lassi,1,16.0,16.0
ORD-102997,Chinese,Main,Veg Hakka Noodles,1,32.0,32.0
ORD-102997,Italian,Main,Pepperoni Pizza,1,52.0,52.0
ORD-102997,Chinese,Starter,Spring Rolls,1,22.0,22.0
ORD-102997,Italian,Beverage,Italian Lemon Soda,1,18.0,18.0
ORD-102998,Indian,Main,Palak Paneer,1,34.0,34.0
ORD-102998,Indian,Starter,Chicken Tikka,1,36.0,36.0
ORD-102998,Indian,Side,Garlic Naan,1,8.0,8.0
ORD-102998,Indian,Beverage,Mango Lassi,1,16.0,16.0
ORD-102999,Arabic,Main,Lamb Mandi,1,62.0,62.0
ORD-102999,Arabic,Starter,Hummus,1,22.0,22.0
ORD-102999,Arabic,Side,Arabic Rice,1,12.0,12.0
ORD-102999,Arabic,Beverage,Mint Lemonade,1,18.0,18.0
ORD-103000,Continental,Main,Grilled Chicken with Mash,1,52.0,52.0
ORD-103000,Continental,Main,Classic Beef Burger,1,48.0,48.0
ORD-103001,Indian,Main,Chicken Biryani,1,42.0,42.0
ORD-103001,Indian,Starter,Chicken Tikka,1,36.0,36.0
ORD-103001,Indian,Side,Garlic Naan,1,8.0,8.0
ORD-103001,Indian,Dessert,Gulab Jamun,1,18.0,18.0
ORD-103002,Italian,Main,Fettuccine Alfredo,1,48.0,48.0
ORD-103002,Indian,Main,Palak Paneer,1,34.0,34.0
ORD-103003,Italian,Main,Beef Lasagna,1,55.0,55.0
ORD-103003,Italian,Starter,Caesar Salad,1,32.0,32.0
ORD-103004,Continental,Main,Fish and Chips,1,50.0,50.0
ORD-103004,Chinese,Starter,Spring Rolls,1,22.0,22.0
ORD-103005,Italian,Main,Pepperoni Pizza,1,52.0,52.0
ORD-103005,Italian,Beverage,Italian Lemon Soda,1,18.0,18.0
ORD-103006,Indian,Main,Mutton Biryani,1,52.0,52.0
ORD-103006,Indian,Beverage,Mango Lassi,1,16.0,16.0
ORD-103007,Arabic,Main,Chicken Machboos,1,48.0,48.0
ORD-103007,Arabic,Side,Arabic Rice,1,12.0,12.0
ORD-103007,Arabic,Dessert,Kunafa,1,28.0,28.0
ORD-103008,Continental,Main,Grilled Salmon,1,78.0,78.0
ORD-103008,Continental,Starter,Chicken Wings,1,34.0,34.0
ORD-103008,Continental,Side,French Fries,1,16.0,16.0
ORD-103009,Indian,Main,Dal Makhani,1,32.0,32.0
ORD-103009,Indian,Starter,Chicken Tikka,1,36.0,36.0
ORD-103009,Indian,Side,Garlic Naan,1,8.0,8.0
ORD-103010,Chinese,Main,Kung Pao Chicken,2,44.0,88.0
ORD-103010,Chinese,Starter,Hot and Sour Soup,1,24.0,24.0
ORD-103011,Italian,Main,Pepperoni Pizza,1,52.0,52.0
ORD-103011,Italian,Dessert,Tiramisu,1,30.0,30.0
ORD-103012,Indian,Main,Butter Chicken,1,45.0,45.0
ORD-103012,Indian,Main,Chicken Biryani,1,42.0,42.0
ORD-103012,Indian,Side,Jeera Rice,2,14.0,28.0
ORD-103012,Indian,Beverage,Mango Lassi,1,16.0,16.0
ORD-103013,Italian,Main,Penne Arrabbiata,1,42.0,42.0
ORD-103013,Italian,Side,Garlic Bread,1,18.0,18.0
ORD-103014,Chinese,Main,Chicken Fried Rice,1,34.0,34.0
ORD-103014,Chinese,Main,Veg Hakka Noodles,1,32.0,32.0
ORD-103015,Indian,Main,Palak Paneer,1,34.0,34.0
ORD-103015,Indian,Starter,Paneer Tikka,1,32.0,32.0
ORD-103015,Indian,Beverage,Mango Lassi,1,16.0,16.0
ORD-103016,Italian,Main,Fettuccine Alfredo,1,48.0,48.0
ORD-103016,Italian,Starter,Caesar Salad,1,32.0,32.0
ORD-103016,Italian,Side,Garlic Bread,1,18.0,18.0
ORD-103017,Arabic,Main,Falafel Wrap,1,22.0,22.0
ORD-103017,Chinese,Main,Kung Pao Chicken,1,44.0,44.0
ORD-103017,Arabic,Starter,Mutabbal,1,22.0,22.0
ORD-103017,Arabic,Beverage,Mint Lemonade,1,18.0,18.0
ORD-103018,Italian,Main,Penne Arrabbiata,1,42.0,42.0
ORD-103018,Italian,Starter,Caesar Salad,1,32.0,32.0
ORD-103018,Italian,Dessert,Tiramisu,1,30.0,30.0
ORD-103019,Indian,Main,Palak Paneer,1,34.0,34.0
ORD-103019,Indian,Starter,Paneer Tikka,1,32.0,32.0
ORD-103019,Indian,Side,Jeera Rice,1,14.0,14.0
ORD-103020,Italian,Main,Fettuccine Alfredo,3,48.0,144.0
ORD-103020,Italian,Side,Garlic Bread,3,18.0,54.0
ORD-103020,Italian,Beverage,Italian Lemon Soda,2,18.0,36.0
ORD-103021,Arabic,Main,Mixed Grill,1,75.0,75.0
ORD-103021,Arabic,Side,Arabic Rice,1,12.0,12.0
ORD-103022,Continental,Main,Fish and Chips,1,50.0,50.0
ORD-103022,Continental,Dessert,Chocolate Brownie,1,24.0,24.0
ORD-103022,Continental,Beverage,Chocolate Milkshake,1,22.0,22.0
ORD-103023,Continental,Main,Grilled Chicken Burger,2,42.0,84.0
ORD-103023,Continental,Dessert,Chocolate Brownie,1,24.0,24.0
ORD-103024,Arabic,Main,Chicken Machboos,1,48.0,48.0
ORD-103024,Arabic,Main,Lamb Mandi,1,62.0,62.0
ORD-103024,Arabic,Dessert,Umm Ali,1,26.0,26.0
ORD-103024,Arabic,Beverage,Mint Lemonade,2,18.0,36.0
ORD-103025,Italian,Main,Penne Arrabbiata,1,42.0,42.0
ORD-103025,Italian,Main,Fettuccine Alfredo,1,48.0,48.0
ORD-103025,Italian,Starter,Bruschetta,1,26.0,26.0
ORD-103026,Arabic,Main,Lamb Mandi,1,62.0,62.0
ORD-103026,Arabic,Starter,Mutabbal,1,22.0,22.0
ORD-103026,Arabic,Dessert,Umm Ali,1,26.0,26.0
ORD-103027,Arabic,Main,Mixed Grill,1,75.0,75.0
ORD-103027,Arabic,Main,Chicken Shawarma Plate,1,38.0,38.0
ORD-103027,Arabic,Starter,Mutabbal,1,22.0,22.0
ORD-103027,Arabic,Beverage,Mint Lemonade,2,18.0,36.0
ORD-103028,Chinese,Main,Veg Hakka Noodles,1,32.0,32.0
ORD-103028,Chinese,Main,Chicken Fried Rice,1,34.0,34.0
ORD-103028,Continental,Main,Grilled Chicken Burger,1,42.0,42.0
ORD-103028,Chinese,Side,Steamed Rice,2,10.0,20.0
ORD-103028,Continental,Beverage,Chocolate Milkshake,2,22.0,44.0
ORD-103029,Chinese,Main,Veg Hakka Noodles,1,32.0,32.0
ORD-103029,Chinese,Main,Kung Pao Chicken,1,44.0,44.0
ORD-103030,Italian,Main,Pepperoni Pizza,1,52.0,52.0
ORD-103030,Italian,Beverage,Italian Lemon Soda,1,18.0,18.0
ORD-103031,Arabic,Main,Chicken Shawarma Plate,1,38.0,38.0
ORD-103032,Arabic,Main,Chicken Shawarma Plate,2,38.0,76.0
ORD-103032,Arabic,Starter,Hummus,1,22.0,22.0
ORD-103032,Arabic,Beverage,Mint Lemonade,1,18.0,18.0
ORD-103033,Indian,Main,Chicken Biryani,1,42.0,42.0
ORD-103033,Indian,Dessert,Gulab Jamun,1,18.0,18.0
ORD-103033,Indian,Beverage,Mango Lassi,1,16.0,16.0
ORD-103034,Indian,Main,Butter Chicken,1,45.0,45.0
ORD-103034,Indian,Starter,Chicken Tikka,1,36.0,36.0
ORD-103034,Indian,Side,Jeera Rice,1,14.0,14.0
ORD-103034,Indian,Beverage,Mango Lassi,1,16.0,16.0
ORD-103035,Italian,Main,Beef Lasagna,1,55.0,55.0
ORD-103035,Italian,Starter,Bruschetta,1,26.0,26.0
ORD-103035,Italian,Dessert,Tiramisu,1,30.0,30.0
ORD-103036,Continental,Main,Classic Beef Burger,2,48.0,96.0
ORD-103036,Continental,Side,French Fries,1,16.0,16.0
ORD-103036,Continental,Dessert,Chocolate Brownie,1,24.0,24.0
ORD-103037,Continental,Main,Grilled Chicken Burger,1,42.0,42.0
ORD-103037,Continental,Main,Grilled Salmon,1,78.0,78.0
ORD-103038,Indian,Main,Butter Chicken,1,45.0,45.0
ORD-103038,Indian,Side,Jeera Rice,1,14.0,14.0
ORD-103038,Indian,Beverage,Mango Lassi,1,16.0,16.0
ORD-103039,Italian,Main,Pepperoni Pizza,2,52.0,104.0
ORD-103040,Arabic,Main,Lamb Mandi,1,62.0,62.0
ORD-103040,Arabic,Side,Arabic Rice,1,12.0,12.0
ORD-103040,Arabic,Dessert,Kunafa,1,28.0,28.0
ORD-103041,Arabic,Main,Lamb Mandi,1,62.0,62.0
ORD-103041,Arabic,Beverage,Mint Lemonade,1,18.0,18.0
ORD-103042,Indian,Main,Chicken Biryani,1,42.0,42.0
ORD-103042,Indian,Main,Mutton Biryani,1,52.0,52.0
ORD-103042,Indian,Side,Garlic Naan,2,8.0,16.0
ORD-103042,Indian,Beverage,Mango Lassi,2,16.0,32.0
ORD-103043,Indian,Main,Butter Chicken,1,45.0,45.0
ORD-103043,Indian,Side,Jeera Rice,1,14.0,14.0
ORD-103043,Indian,Beverage,Mango Lassi,1,16.0,16.0
ORD-103044,Arabic,Main,Chicken Shawarma Plate,1,38.0,38.0
ORD-103044,Arabic,Main,Lamb Mandi,1,62.0,62.0
ORD-103044,Arabic,Beverage,Mint Lemonade,1,18.0,18.0
ORD-103045,Arabic,Main,Chicken Shawarma Plate,1,38.0,38.0
ORD-103045,Arabic,Main,Chicken Machboos,1,48.0,48.0
ORD-103045,Arabic,Main,Lamb Mandi,1,62.0,62.0
ORD-103045,Arabic,Starter,Hummus,1,22.0,22.0
ORD-103046,Arabic,Main,Mixed Grill,1,75.0,75.0
ORD-103046,Arabic,Main,Lamb Mandi,1,62.0,62.0
ORD-103046,Arabic,Side,Arabic Rice,2,12.0,24.0
ORD-103047,Indian,Main,Mutton Biryani,1,52.0,52.0
ORD-103047,Indian,Starter,Chicken Tikka,1,36.0,36.0
ORD-103047,Indian,Side,Garlic Naan,1,8.0,8.0
ORD-103048,Italian,Main,Fettuccine Alfredo,1,48.0,48.0
ORD-103048,Italian,Main,Penne Arrabbiata,1,42.0,42.0
ORD-103048,Italian,Starter,Caesar Salad,1,32.0,32.0
ORD-103049,Continental,Main,Grilled Chicken Burger,1,42.0,42.0
ORD-103049,Continental,Main,Grilled Salmon,1,78.0,78.0
ORD-103049,Continental,Beverage,Chocolate Milkshake,1,22.0,22.0
ORD-103050,Italian,Main,Penne Arrabbiata,1,42.0,42.0
ORD-103050,Arabic,Starter,Fattoush,1,24.0,24.0
ORD-103050,Italian,Side,Garlic Bread,1,18.0,18.0
ORD-103051,Arabic,Main,Falafel Wrap,1,22.0,22.0
ORD-103051,Arabic,Dessert,Kunafa,1,28.0,28.0
ORD-103051,Indian,Beverage,Mango Lassi,1,16.0,16.0
ORD-103052,Chinese,Main,Chicken Fried Rice,1,34.0,34.0
ORD-103052,Chinese,Main,Kung Pao Chicken,1,44.0,44.0
ORD-103052,Chinese,Main,Veg Hakka Noodles,1,32.0,32.0
ORD-103052,Chinese,Starter,Hot and Sour Soup,1,24.0,24.0
ORD-103053,Indian,Main,Butter Chicken,1,45.0,45.0
ORD-103053,Indian,Starter,Vegetable Samosa,1,16.0,16.0
ORD-103054,Continental,Main,Fish and Chips,1,50.0,50.0
ORD-103054,Continental,Starter,Chicken Wings,1,34.0,34.0
ORD-103054,Continental,Dessert,Chocolate Brownie,1,24.0,24.0
ORD-103054,Continental,Beverage,Chocolate Milkshake,1,22.0,22.0
ORD-103055,Arabic,Main,Chicken Shawarma Plate,1,38.0,38.0
ORD-103055,Arabic,Starter,Hummus,1,22.0,22.0
ORD-103056,Arabic,Main,Lamb Mandi,1,62.0,62.0
ORD-103056,Arabic,Main,Chicken Machboos,1,48.0,48.0
ORD-103057,Italian,Main,Penne Arrabbiata,1,42.0,42.0
ORD-103057,Italian,Starter,Bruschetta,1,26.0,26.0
ORD-103058,Continental,Main,Classic Beef Burger,1,48.0,48.0
ORD-103059,Continental,Main,Grilled Chicken with Mash,1,52.0,52.0
ORD-103060,Arabic,Main,Chicken Machboos,1,48.0,48.0
ORD-103060,Arabic,Main,Mixed Grill,1,75.0,75.0
ORD-103061,Arabic,Main,Mixed Grill,1,75.0,75.0
ORD-103062,Arabic,Main,Mixed Grill,1,75.0,75.0
ORD-103063,Continental,Main,Classic Beef Burger,2,48.0,96.0
ORD-103063,Indian,Starter,Paneer Tikka,1,32.0,32.0
ORD-103063,Continental,Side,French Fries,2,16.0,32.0
ORD-103064,Continental,Main,Classic Beef Burger,1,48.0,48.0
ORD-103064,Continental,Main,Fish and Chips,1,50.0,50.0
ORD-103064,Continental,Beverage,Chocolate Milkshake,2,22.0,44.0
ORD-103065,Indian,Main,Butter Chicken,2,45.0,90.0
ORD-103065,Indian,Starter,Chicken Tikka,1,36.0,36.0
ORD-103066,Italian,Main,Beef Lasagna,1,55.0,55.0
ORD-103066,Italian,Main,Penne Arrabbiata,1,42.0,42.0
ORD-103066,Italian,Side,Garlic Bread,1,18.0,18.0
ORD-103066,Italian,Dessert,Tiramisu,1,30.0,30.0
ORD-103067,Indian,Main,Chicken Biryani,1,42.0,42.0
ORD-103068,Arabic,Main,Chicken Shawarma Plate,1,38.0,38.0
ORD-103068,Arabic,Main,Lamb Mandi,1,62.0,62.0
ORD-103068,Arabic,Beverage,Mint Lemonade,2,18.0,36.0
ORD-103069,Continental,Main,Grilled Salmon,1,78.0,78.0
ORD-103069,Continental,Dessert,Chocolate Brownie,1,24.0,24.0
ORD-103069,Continental,Beverage,Chocolate Milkshake,1,22.0,22.0
ORD-103070,Continental,Main,Classic Beef Burger,1,48.0,48.0
ORD-103071,Arabic,Main,Falafel Wrap,1,22.0,22.0
ORD-103072,Chinese,Main,Veg Hakka Noodles,1,32.0,32.0
ORD-103072,Chinese,Starter,Spring Rolls,1,22.0,22.0
ORD-103072,Chinese,Side,Steamed Rice,1,10.0,10.0
ORD-103072,Chinese,Beverage,Jasmine Tea,1,12.0,12.0
ORD-103073,Continental,Main,Fish and Chips,1,50.0,50.0
ORD-103074,Arabic,Main,Lamb Mandi,1,62.0,62.0
ORD-103074,Arabic,Main,Mixed Grill,1,75.0,75.0
ORD-103074,Arabic,Side,Arabic Rice,2,12.0,24.0
ORD-103075,Italian,Main,Penne Arrabbiata,1,42.0,42.0
ORD-103075,Italian,Side,Garlic Bread,1,18.0,18.0
ORD-103076,Continental,Main,Grilled Salmon,2,78.0,156.0
ORD-103076,Continental,Main,Grilled Chicken with Mash,1,52.0,52.0
ORD-103076,Continental,Side,French Fries,3,16.0,48.0
ORD-103077,Arabic,Main,Chicken Shawarma Plate,1,38.0,38.0
ORD-103077,Arabic,Main,Chicken Machboos,1,48.0,48.0
ORD-103077,Arabic,Side,Arabic Rice,2,12.0,24.0
ORD-103077,Arabic,Dessert,Umm Ali,1,26.0,26.0
ORD-103078,Indian,Main,Chicken Biryani,1,42.0,42.0
ORD-103078,Indian,Starter,Paneer Tikka,1,32.0,32.0
ORD-103078,Indian,Side,Jeera Rice,1,14.0,14.0
ORD-103079,Indian,Main,Palak Paneer,1,34.0,34.0
ORD-103079,Indian,Side,Jeera Rice,1,14.0,14.0
ORD-103079,Indian,Dessert,Gulab Jamun,1,18.0,18.0
ORD-103080,Italian,Main,Pepperoni Pizza,1,52.0,52.0
ORD-103080,Italian,Dessert,Tiramisu,1,30.0,30.0
ORD-103081,Indian,Main,Palak Paneer,1,34.0,34.0
ORD-103081,Indian,Main,Dal Makhani,1,32.0,32.0
ORD-103081,Indian,Main,Chicken Biryani,1,42.0,42.0
ORD-103082,Continental,Main,Grilled Salmon,1,78.0,78.0
ORD-103082,Continental,Side,French Fries,1,16.0,16.0
ORD-103082,Continental,Beverage,Chocolate Milkshake,1,22.0,22.0
ORD-103083,Arabic,Main,Chicken Shawarma Plate,1,38.0,38.0
ORD-103083,Arabic,Starter,Fattoush,1,24.0,24.0
ORD-103084,Chinese,Main,Szechuan Beef,1,52.0,52.0
ORD-103084,Chinese,Starter,Spring Rolls,1,22.0,22.0
ORD-103084,Chinese,Dessert,Mango Pudding,1,20.0,20.0
ORD-103085,Arabic,Main,Chicken Shawarma Plate,1,38.0,38.0
ORD-103085,Arabic,Side,Arabic Rice,1,12.0,12.0
ORD-103086,Indian,Main,Palak Paneer,1,34.0,34.0
ORD-103086,Indian,Main,Chicken Biryani,1,42.0,42.0
ORD-103086,Indian,Side,Garlic Naan,2,8.0,16.0
ORD-103087,Indian,Main,Dal Makhani,1,32.0,32.0
ORD-103087,Chinese,Starter,Chicken Dim Sum,1,34.0,34.0
ORD-103087,Indian,Side,Garlic Naan,1,8.0,8.0
ORD-103088,Arabic,Main,Chicken Shawarma Plate,1,38.0,38.0
ORD-103089,Indian,Main,Chicken Biryani,1,42.0,42.0
ORD-103089,Indian,Side,Garlic Naan,1,8.0,8.0
ORD-103089,Indian,Beverage,Mango Lassi,1,16.0,16.0
ORD-103090,Indian,Main,Chicken Biryani,1,42.0,42.0
ORD-103090,Indian,Beverage,Mango Lassi,1,16.0,16.0
ORD-103091,Continental,Main,Classic Beef Burger,2,48.0,96.0
ORD-103091,Continental,Side,French Fries,1,16.0,16.0
ORD-103091,Continental,Beverage,Chocolate Milkshake,2,22.0,44.0
ORD-103092,Arabic,Main,Mixed Grill,2,75.0,150.0
ORD-103092,Arabic,Main,Chicken Shawarma Plate,1,38.0,38.0
ORD-103092,Arabic,Beverage,Mint Lemonade,3,18.0,54.0
ORD-103093,Indian,Main,Chicken Biryani,1,42.0,42.0
ORD-103093,Indian,Side,Garlic Naan,1,8.0,8.0
ORD-103093,Indian,Dessert,Gulab Jamun,1,18.0,18.0
ORD-103094,Continental,Main,Grilled Chicken Burger,1,42.0,42.0
ORD-103094,Continental,Side,French Fries,1,16.0,16.0
ORD-103095,Arabic,Main,Lamb Mandi,1,62.0,62.0
ORD-103096,Italian,Main,Fettuccine Alfredo,1,48.0,48.0
ORD-103096,Italian,Main,Penne Arrabbiata,1,42.0,42.0
ORD-103096,Italian,Main,Beef Lasagna,1,55.0,55.0
ORD-103096,Italian,Dessert,Tiramisu,1,30.0,30.0
ORD-103096,Italian,Beverage,Italian Lemon Soda,1,18.0,18.0
ORD-103097,Indian,Main,Butter Chicken,1,45.0,45.0
ORD-103097,Indian,Starter,Vegetable Samosa,1,16.0,16.0
ORD-103097,Indian,Side,Garlic Naan,1,8.0,8.0
ORD-103097,Indian,Beverage,Mango Lassi,1,16.0,16.0
ORD-103098,Indian,Main,Butter Chicken,1,45.0,45.0
ORD-103098,Indian,Side,Garlic Naan,1,8.0,8.0
ORD-103098,Indian,Beverage,Mango Lassi,1,16.0,16.0
ORD-103099,Continental,Main,Fish and Chips,1,50.0,50.0
ORD-103100,Arabic,Main,Chicken Machboos,1,48.0,48.0
ORD-103100,Arabic,Starter,Mutabbal,1,22.0,22.0
ORD-103101,Arabic,Main,Chicken Machboos,1,48.0,48.0
ORD-103102,Italian,Main,Fettuccine Alfredo,1,48.0,48.0
ORD-103102,Italian,Main,Pepperoni Pizza,1,52.0,52.0
ORD-103102,Italian,Side,Garlic Bread,2,18.0,36.0
ORD-103103,Chinese,Main,Szechuan Beef,1,52.0,52.0
ORD-103104,Chinese,Main,Chicken Manchurian,1,38.0,38.0
ORD-103104,Chinese,Side,Steamed Rice,1,10.0,10.0
ORD-103104,Arabic,Beverage,Mint Lemonade,1,18.0,18.0
ORD-103105,Indian,Main,Mutton Biryani,1,52.0,52.0
ORD-103105,Indian,Main,Dal Makhani,1,32.0,32.0
ORD-103105,Indian,Side,Jeera Rice,2,14.0,28.0
ORD-103105,Indian,Dessert,Gulab Jamun,1,18.0,18.0
ORD-103105,Indian,Beverage,Mango Lassi,1,16.0,16.0
ORD-103106,Chinese,Main,Chicken Fried Rice,2,34.0,68.0
ORD-103106,Chinese,Starter,Chicken Dim Sum,1,34.0,34.0
ORD-103106,Chinese,Side,Steamed Rice,1,10.0,10.0
ORD-103106,Chinese,Beverage,Jasmine Tea,1,12.0,12.0
ORD-103107,Indian,Main,Butter Chicken,1,45.0,45.0
ORD-103107,Indian,Starter,Chicken Tikka,1,36.0,36.0
ORD-103108,Arabic,Main,Falafel Wrap,1,22.0,22.0
ORD-103108,Arabic,Side,Arabic Rice,1,12.0,12.0
ORD-103108,Arabic,Beverage,Mint Lemonade,1,18.0,18.0
ORD-103109,Indian,Main,Mutton Biryani,1,52.0,52.0
ORD-103109,Indian,Main,Chicken Biryani,1,42.0,42.0
ORD-103109,Indian,Side,Garlic Naan,2,8.0,16.0
ORD-103109,Indian,Dessert,Gulab Jamun,1,18.0,18.0
ORD-103110,Arabic,Main,Mixed Grill,1,75.0,75.0
ORD-103110,Arabic,Side,Arabic Rice,1,12.0,12.0
ORD-103110,Arabic,Beverage,Mint Lemonade,1,18.0,18.0
ORD-103111,Indian,Main,Butter Chicken,1,45.0,45.0
ORD-103111,Indian,Starter,Paneer Tikka,1,32.0,32.0
ORD-103112,Italian,Main,Beef Lasagna,1,55.0,55.0
ORD-103113,Continental,Main,Grilled Chicken Burger,1,42.0,42.0
ORD-103113,Continental,Main,Classic Beef Burger,1,48.0,48.0
ORD-103113,Continental,Starter,Soup of the Day,1,22.0,22.0
ORD-103113,Continental,Side,French Fries,1,16.0,16.0
ORD-103113,Continental,Dessert,Chocolate Brownie,1,24.0,24.0
ORD-103114,Continental,Main,Grilled Salmon,1,78.0,78.0
ORD-103114,Continental,Main,Classic Beef Burger,1,48.0,48.0
ORD-103114,Continental,Starter,Soup of the Day,1,22.0,22.0
ORD-103114,Continental,Beverage,Chocolate Milkshake,1,22.0,22.0
ORD-103115,Indian,Main,Palak Paneer,1,34.0,34.0
ORD-103115,Continental,Main,Grilled Salmon,1,78.0,78.0
ORD-103115,Indian,Starter,Vegetable Samosa,1,16.0,16.0
ORD-103116,Italian,Main,Margherita Pizza,1,45.0,45.0
ORD-103117,Continental,Main,Grilled Chicken Burger,2,42.0,84.0
ORD-103117,Continental,Main,Grilled Salmon,1,78.0,78.0
ORD-103117,Continental,Starter,Soup of the Day,1,22.0,22.0
ORD-103117,Continental,Beverage,Chocolate Milkshake,3,22.0,66.0
ORD-103118,Arabic,Main,Chicken Shawarma Plate,1,38.0,38.0
ORD-103118,Arabic,Main,Lamb Mandi,1,62.0,62.0
ORD-103119,Chinese,Main,Veg Hakka Noodles,1,32.0,32.0
ORD-103119,Chinese,Side,Steamed Rice,1,10.0,10.0
ORD-103120,Italian,Main,Beef Lasagna,1,55.0,55.0
ORD-103120,Italian,Starter,Bruschetta,1,26.0,26.0
ORD-103121,Indian,Main,Chicken Biryani,1,42.0,42.0
ORD-103122,Arabic,Main,Lamb Mandi,3,62.0,186.0
ORD-103123,Arabic,Main,Chicken Shawarma Plate,1,38.0,38.0
ORD-103124,Chinese,Main,Kung Pao Chicken,1,44.0,44.0
ORD-103124,Chinese,Main,Chicken Manchurian,1,38.0,38.0
ORD-103124,Chinese,Starter,Hot and Sour Soup,1,24.0,24.0
ORD-103124,Chinese,Beverage,Jasmine Tea,1,12.0,12.0
ORD-103125,Arabic,Main,Chicken Shawarma Plate,1,38.0,38.0
ORD-103125,Arabic,Side,Arabic Rice,1,12.0,12.0
ORD-103126,Indian,Main,Dal Makhani,1,32.0,32.0
ORD-103126,Italian,Main,Pepperoni Pizza,1,52.0,52.0
ORD-103126,Indian,Starter,Chicken Tikka,1,36.0,36.0
ORD-103126,Indian,Side,Jeera Rice,1,14.0,14.0
ORD-103126,Italian,Beverage,Italian Lemon Soda,2,18.0,36.0
ORD-103127,Continental,Main,Classic Beef Burger,1,48.0,48.0
ORD-103127,Continental,Main,Fish and Chips,1,50.0,50.0
ORD-103127,Continental,Beverage,Chocolate Milkshake,2,22.0,44.0
ORD-103128,Italian,Main,Pepperoni Pizza,2,52.0,104.0
ORD-103128,Italian,Starter,Bruschetta,1,26.0,26.0
ORD-103128,Italian,Dessert,Tiramisu,1,30.0,30.0
ORD-103129,Arabic,Main,Falafel Wrap,1,22.0,22.0
ORD-103129,Arabic,Main,Chicken Shawarma Plate,1,38.0,38.0
ORD-103129,Arabic,Side,Arabic Rice,2,12.0,24.0
ORD-103130,Italian,Main,Penne Arrabbiata,1,42.0,42.0
ORD-103130,Italian,Main,Margherita Pizza,1,45.0,45.0
ORD-103130,Italian,Side,Garlic Bread,2,18.0,36.0
ORD-103130,Italian,Beverage,Italian Lemon Soda,1,18.0,18.0
ORD-103131,Indian,Main,Chicken Biryani,1,42.0,42.0
ORD-103131,Indian,Dessert,Gulab Jamun,1,18.0,18.0
ORD-103132,Continental,Main,Fish and Chips,2,50.0,100.0
ORD-103132,Italian,Main,Margherita Pizza,1,45.0,45.0
ORD-103133,Continental,Main,Grilled Chicken Burger,1,42.0,42.0
ORD-103133,Continental,Main,Fish and Chips,1,50.0,50.0
ORD-103133,Continental,Starter,Soup of the Day,1,22.0,22.0
ORD-103133,Continental,Dessert,Chocolate Brownie,1,24.0,24.0
ORD-103134,Indian,Main,Palak Paneer,1,34.0,34.0
ORD-103134,Chinese,Main,Veg Hakka Noodles,1,32.0,32.0
ORD-103134,Indian,Starter,Chicken Tikka,1,36.0,36.0
ORD-103134,Indian,Side,Garlic Naan,2,8.0,16.0
ORD-103135,Italian,Main,Pepperoni Pizza,1,52.0,52.0
ORD-103135,Italian,Side,Garlic Bread,1,18.0,18.0
ORD-103135,Italian,Beverage,Italian Lemon Soda,1,18.0,18.0
ORD-103136,Indian,Main,Butter Chicken,2,45.0,90.0
ORD-103136,Indian,Side,Garlic Naan,1,8.0,8.0
ORD-103136,Indian,Beverage,Mango Lassi,2,16.0,32.0
ORD-103137,Arabic,Main,Chicken Shawarma Plate,1,38.0,38.0
ORD-103138,Indian,Main,Chicken Biryani,1,42.0,42.0
ORD-103139,Italian,Main,Margherita Pizza,1,45.0,45.0
ORD-103139,Italian,Dessert,Tiramisu,1,30.0,30.0
ORD-103140,Arabic,Main,Falafel Wrap,1,22.0,22.0
ORD-103140,Arabic,Dessert,Kunafa,1,28.0,28.0
ORD-103141,Indian,Main,Palak Paneer,1,34.0,34.0
ORD-103141,Indian,Starter,Vegetable Samosa,1,16.0,16.0
ORD-103141,Indian,Side,Garlic Naan,1,8.0,8.0
ORD-103141,Indian,Dessert,Gulab Jamun,1,18.0,18.0
ORD-103142,Chinese,Main,Chicken Manchurian,1,38.0,38.0
ORD-103142,Chinese,Main,Chicken Fried Rice,1,34.0,34.0
ORD-103142,Chinese,Starter,Spring Rolls,1,22.0,22.0
ORD-103142,Chinese,Beverage,Jasmine Tea,2,12.0,24.0
ORD-103143,Continental,Main,Classic Beef Burger,1,48.0,48.0
ORD-103143,Continental,Main,Grilled Chicken Burger,1,42.0,42.0
ORD-103143,Continental,Starter,Soup of the Day,1,22.0,22.0
ORD-103143,Continental,Side,French Fries,2,16.0,32.0
ORD-103143,Continental,Beverage,Chocolate Milkshake,2,22.0,44.0
ORD-103144,Italian,Main,Pepperoni Pizza,1,52.0,52.0
ORD-103144,Italian,Beverage,Italian Lemon Soda,1,18.0,18.0
ORD-103145,Arabic,Main,Lamb Mandi,2,62.0,124.0
ORD-103145,Arabic,Main,Chicken Shawarma Plate,1,38.0,38.0
ORD-103145,Arabic,Starter,Mutabbal,1,22.0,22.0
ORD-103145,Arabic,Beverage,Mint Lemonade,2,18.0,36.0
ORD-103146,Continental,Main,Grilled Chicken Burger,1,42.0,42.0
ORD-103147,Continental,Main,Grilled Salmon,1,78.0,78.0
ORD-103147,Continental,Side,French Fries,1,16.0,16.0
ORD-103148,Chinese,Main,Szechuan Beef,1,52.0,52.0
ORD-103148,Chinese,Starter,Chicken Dim Sum,1,34.0,34.0
ORD-103149,Arabic,Main,Falafel Wrap,1,22.0,22.0
ORD-103149,Arabic,Starter,Fattoush,1,24.0,24.0
ORD-103149,Arabic,Side,Arabic Rice,1,12.0,12.0
ORD-103149,Arabic,Dessert,Kunafa,1,28.0,28.0
ORD-103150,Arabic,Main,Chicken Shawarma Plate,1,38.0,38.0
ORD-103151,Continental,Main,Grilled Chicken with Mash,1,52.0,52.0
ORD-103152,Italian,Main,Beef Lasagna,1,55.0,55.0
ORD-103152,Italian,Main,Pepperoni Pizza,1,52.0,52.0
ORD-103152,Italian,Main,Fettuccine Alfredo,1,48.0,48.0
ORD-103152,Italian,Starter,Caesar Salad,1,32.0,32.0
ORD-103153,Indian,Main,Mutton Biryani,1,52.0,52.0
ORD-103153,Indian,Main,Palak Paneer,1,34.0,34.0
ORD-103153,Indian,Side,Garlic Naan,2,8.0,16.0
ORD-103154,Arabic,Main,Falafel Wrap,1,22.0,22.0
ORD-103155,Chinese,Main,Chicken Manchurian,1,38.0,38.0
ORD-103155,Chinese,Starter,Hot and Sour Soup,1,24.0,24.0
ORD-103155,Chinese,Side,Steamed Rice,1,10.0,10.0
ORD-103155,Continental,Dessert,Chocolate Brownie,1,24.0,24.0
ORD-103155,Chinese,Beverage,Jasmine Tea,1,12.0,12.0
ORD-103156,Arabic,Main,Chicken Shawarma Plate,1,38.0,38.0
ORD-103156,Arabic,Starter,Hummus,1,22.0,22.0
ORD-103157,Indian,Main,Palak Paneer,2,34.0,68.0
ORD-103157,Indian,Beverage,Mango Lassi,1,16.0,16.0
ORD-103158,Italian,Main,Beef Lasagna,1,55.0,55.0
ORD-103158,Italian,Starter,Caesar Salad,1,32.0,32.0
ORD-103158,Italian,Side,Garlic Bread,1,18.0,18.0
ORD-103159,Italian,Main,Margherita Pizza,1,45.0,45.0
ORD-103159,Italian,Main,Fettuccine Alfredo,1,48.0,48.0
ORD-103159,Italian,Starter,Bruschetta,1,26.0,26.0
ORD-103159,Italian,Side,Garlic Bread,1,18.0,18.0
ORD-103160,Chinese,Main,Chicken Manchurian,1,38.0,38.0
ORD-103160,Chinese,Main,Chicken Fried Rice,1,34.0,34.0
ORD-103160,Chinese,Starter,Hot and Sour Soup,1,24.0,24.0
ORD-103160,Chinese,Beverage,Jasmine Tea,1,12.0,12.0
ORD-103161,Indian,Main,Mutton Biryani,1,52.0,52.0
ORD-103161,Indian,Starter,Paneer Tikka,1,32.0,32.0
ORD-103162,Continental,Main,Grilled Salmon,1,78.0,78.0
ORD-103162,Continental,Dessert,Chocolate Brownie,1,24.0,24.0
ORD-103163,Italian,Main,Fettuccine Alfredo,1,48.0,48.0
ORD-103164,Indian,Main,Chicken Biryani,2,42.0,84.0
ORD-103165,Italian,Main,Margherita Pizza,1,45.0,45.0
ORD-103166,Arabic,Main,Chicken Shawarma Plate,1,38.0,38.0
ORD-103167,Continental,Main,Grilled Chicken Burger,1,42.0,42.0
ORD-103167,Continental,Starter,Chicken Wings,1,34.0,34.0
ORD-103167,Continental,Beverage,Chocolate Milkshake,1,22.0,22.0
ORD-103168,Italian,Main,Pepperoni Pizza,1,52.0,52.0
ORD-103168,Italian,Dessert,Tiramisu,1,30.0,30.0
ORD-103168,Italian,Beverage,Italian Lemon Soda,1,18.0,18.0
ORD-103169,Arabic,Main,Mixed Grill,1,75.0,75.0
ORD-103169,Arabic,Starter,Hummus,1,22.0,22.0
ORD-103169,Arabic,Side,Arabic Rice,1,12.0,12.0
ORD-103169,Arabic,Dessert,Umm Ali,1,26.0,26.0
ORD-103170,Italian,Main,Fettuccine Alfredo,1,48.0,48.0
ORD-103171,Italian,Main,Margherita Pizza,2,45.0,90.0
ORD-103171,Italian,Beverage,Italian Lemon Soda,2,18.0,36.0
ORD-103172,Arabic,Main,Lamb Mandi,1,62.0,62.0
ORD-103173,Italian,Main,Fettuccine Alfredo,1,48.0,48.0
ORD-103173,Italian,Main,Pepperoni Pizza,1,52.0,52.0
ORD-103173,Italian,Starter,Caesar Salad,1,32.0,32.0
ORD-103173,Italian,Dessert,Tiramisu,1,30.0,30.0
ORD-103174,Italian,Main,Pepperoni Pizza,1,52.0,52.0
ORD-103174,Italian,Main,Margherita Pizza,1,45.0,45.0
ORD-103174,Italian,Side,Garlic Bread,2,18.0,36.0
ORD-103175,Italian,Main,Fettuccine Alfredo,1,48.0,48.0
ORD-103175,Italian,Starter,Caesar Salad,1,32.0,32.0
ORD-103175,Italian,Beverage,Italian Lemon Soda,1,18.0,18.0
ORD-103176,Italian,Main,Margherita Pizza,1,45.0,45.0
ORD-103176,Italian,Side,Garlic Bread,1,18.0,18.0
ORD-103177,Italian,Main,Margherita Pizza,1,45.0,45.0
ORD-103177,Chinese,Starter,Spring Rolls,1,22.0,22.0
ORD-103177,Italian,Side,Garlic Bread,1,18.0,18.0
ORD-103178,Arabic,Main,Chicken Shawarma Plate,1,38.0,38.0
ORD-103178,Arabic,Starter,Hummus,1,22.0,22.0
ORD-103178,Arabic,Dessert,Kunafa,1,28.0,28.0
ORD-103178,Arabic,Beverage,Mint Lemonade,1,18.0,18.0
ORD-103179,Italian,Main,Beef Lasagna,1,55.0,55.0
ORD-103179,Italian,Starter,Bruschetta,1,26.0,26.0
ORD-103179,Italian,Beverage,Italian Lemon Soda,1,18.0,18.0
ORD-103180,Chinese,Main,Szechuan Beef,1,52.0,52.0
ORD-103180,Chinese,Starter,Chicken Dim Sum,1,34.0,34.0
ORD-103180,Chinese,Beverage,Jasmine Tea,1,12.0,12.0
ORD-103181,Italian,Main,Margherita Pizza,1,45.0,45.0
ORD-103181,Italian,Main,Beef Lasagna,1,55.0,55.0
ORD-103181,Italian,Dessert,Tiramisu,1,30.0,30.0
ORD-103181,Italian,Beverage,Italian Lemon Soda,1,18.0,18.0
ORD-103182,Continental,Main,Fish and Chips,1,50.0,50.0
ORD-103182,Continental,Starter,Soup of the Day,1,22.0,22.0
ORD-103182,Continental,Dessert,New York Cheesecake,1,28.0,28.0
ORD-103183,Indian,Main,Palak Paneer,1,34.0,34.0
ORD-103183,Indian,Starter,Paneer Tikka,1,32.0,32.0
ORD-103184,Italian,Main,Penne Arrabbiata,1,42.0,42.0
ORD-103185,Indian,Main,Palak Paneer,1,34.0,34.0
ORD-103185,Indian,Main,Dal Makhani,1,32.0,32.0
ORD-103185,Indian,Main,Butter Chicken,1,45.0,45.0
ORD-103185,Indian,Starter,Paneer Tikka,1,32.0,32.0
ORD-103185,Indian,Dessert,Gulab Jamun,1,18.0,18.0
ORD-103185,Indian,Beverage,Mango Lassi,3,16.0,48.0
ORD-103186,Arabic,Main,Falafel Wrap,1,22.0,22.0
ORD-103186,Arabic,Main,Chicken Shawarma Plate,1,38.0,38.0
ORD-103186,Arabic,Starter,Mutabbal,1,22.0,22.0
ORD-103187,Arabic,Main,Lamb Mandi,1,62.0,62.0
ORD-103187,Indian,Beverage,Mango Lassi,1,16.0,16.0
ORD-103188,Italian,Main,Margherita Pizza,1,45.0,45.0
ORD-103188,Italian,Starter,Bruschetta,1,26.0,26.0
ORD-103188,Italian,Dessert,Tiramisu,1,30.0,30.0
ORD-103189,Indian,Main,Chicken Biryani,2,42.0,84.0
ORD-103189,Indian,Starter,Paneer Tikka,1,32.0,32.0
ORD-103189,Indian,Side,Jeera Rice,2,14.0,28.0
ORD-103190,Italian,Main,Margherita Pizza,1,45.0,45.0
ORD-103191,Arabic,Main,Lamb Mandi,1,62.0,62.0
ORD-103191,Arabic,Starter,Mutabbal,1,22.0,22.0
ORD-103192,Italian,Main,Beef Lasagna,1,55.0,55.0
ORD-103192,Italian,Main,Fettuccine Alfredo,2,48.0,96.0
ORD-103192,Italian,Starter,Caesar Salad,1,32.0,32.0
ORD-103192,Italian,Beverage,Italian Lemon Soda,3,18.0,54.0
ORD-103193,Italian,Main,Pepperoni Pizza,1,52.0,52.0
ORD-103193,Italian,Main,Beef Lasagna,1,55.0,55.0
ORD-103193,Italian,Starter,Bruschetta,1,26.0,26.0
ORD-103193,Italian,Dessert,Tiramisu,1,30.0,30.0
ORD-103193,Italian,Beverage,Italian Lemon Soda,1,18.0,18.0
ORD-103194,Indian,Main,Dal Makhani,1,32.0,32.0
ORD-103194,Indian,Main,Palak Paneer,1,34.0,34.0
ORD-103194,Indian,Side,Jeera Rice,2,14.0,28.0
ORD-103194,Indian,Beverage,Mango Lassi,1,16.0,16.0
ORD-103195,Chinese,Main,Veg Hakka Noodles,1,32.0,32.0
ORD-103195,Continental,Beverage,Chocolate Milkshake,1,22.0,22.0
ORD-103196,Italian,Main,Beef Lasagna,1,55.0,55.0
ORD-103196,Italian,Starter,Bruschetta,1,26.0,26.0
ORD-103197,Indian,Main,Chicken Biryani,1,42.0,42.0
ORD-103197,Chinese,Main,Szechuan Beef,1,52.0,52.0
ORD-103197,Indian,Starter,Paneer Tikka,1,32.0,32.0
ORD-103197,Indian,Side,Jeera Rice,1,14.0,14.0
ORD-103197,Chinese,Dessert,Mango Pudding,1,20.0,20.0
ORD-103197,Indian,Beverage,Mango Lassi,1,16.0,16.0
ORD-103198,Italian,Main,Margherita Pizza,1,45.0,45.0
ORD-103198,Italian,Side,Garlic Bread,1,18.0,18.0
ORD-103199,Indian,Main,Chicken Biryani,1,42.0,42.0
ORD-103199,Indian,Main,Butter Chicken,1,45.0,45.0
ORD-103199,Indian,Main,Palak Paneer,1,34.0,34.0
ORD-103199,Indian,Starter,Paneer Tikka,1,32.0,32.0
ORD-103199,Indian,Side,Jeera Rice,1,14.0,14.0
ORD-103200,Chinese,Main,Kung Pao Chicken,1,44.0,44.0
ORD-103201,Arabic,Main,Chicken Shawarma Plate,1,38.0,38.0
ORD-103201,Chinese,Main,Chicken Fried Rice,1,34.0,34.0
ORD-103202,Indian,Main,Butter Chicken,1,45.0,45.0
ORD-103202,Indian,Side,Jeera Rice,1,14.0,14.0
ORD-103203,Arabic,Main,Chicken Machboos,1,48.0,48.0
ORD-103203,Arabic,Dessert,Umm Ali,1,26.0,26.0
ORD-103203,Arabic,Beverage,Mint Lemonade,1,18.0,18.0
ORD-103204,Italian,Main,Margherita Pizza,1,45.0,45.0
ORD-103205,Italian,Main,Penne Arrabbiata,1,42.0,42.0
ORD-103206,Indian,Main,Chicken Biryani,1,42.0,42.0
ORD-103206,Indian,Main,Butter Chicken,1,45.0,45.0
ORD-103206,Indian,Main,Palak Paneer,1,34.0,34.0
ORD-103206,Indian,Dessert,Gulab Jamun,1,18.0,18.0
ORD-103207,Chinese,Main,Veg Hakka Noodles,1,32.0,32.0
ORD-103207,Chinese,Beverage,Jasmine Tea,1,12.0,12.0
ORD-103208,Chinese,Main,Chicken Manchurian,2,38.0,76.0
ORD-103208,Chinese,Side,Steamed Rice,2,10.0,20.0
ORD-103209,Continental,Main,Grilled Salmon,1,78.0,78.0
ORD-103209,Continental,Starter,Chicken Wings,1,34.0,34.0
ORD-103210,Arabic,Main,Falafel Wrap,1,22.0,22.0
ORD-103210,Arabic,Starter,Mutabbal,1,22.0,22.0
ORD-103210,Arabic,Side,Arabic Rice,1,12.0,12.0
ORD-103210,Arabic,Dessert,Kunafa,1,28.0,28.0
ORD-103211,Arabic,Main,Chicken Shawarma Plate,1,38.0,38.0
ORD-103211,Arabic,Main,Lamb Mandi,1,62.0,62.0
ORD-103212,Continental,Main,Classic Beef Burger,1,48.0,48.0
ORD-103212,Continental,Side,French Fries,1,16.0,16.0
ORD-103213,Chinese,Main,Chicken Fried Rice,1,34.0,34.0
ORD-103213,Chinese,Main,Chicken Manchurian,1,38.0,38.0
ORD-103213,Chinese,Beverage,Jasmine Tea,1,12.0,12.0
ORD-103214,Italian,Main,Beef Lasagna,1,55.0,55.0
ORD-103214,Italian,Main,Pepperoni Pizza,1,52.0,52.0
ORD-103215,Arabic,Main,Lamb Mandi,1,62.0,62.0
ORD-103215,Arabic,Beverage,Mint Lemonade,1,18.0,18.0
ORD-103216,Indian,Main,Chicken Biryani,1,42.0,42.0
ORD-103216,Indian,Main,Dal Makhani,1,32.0,32.0
ORD-103216,Indian,Main,Palak Paneer,1,34.0,34.0
ORD-103217,Indian,Main,Butter Chicken,1,45.0,45.0
ORD-103217,Indian,Beverage,Mango Lassi,1,16.0,16.0
ORD-103218,Arabic,Main,Lamb Mandi,1,62.0,62.0
ORD-103218,Arabic,Starter,Hummus,1,22.0,22.0
ORD-103218,Arabic,Beverage,Mint Lemonade,1,18.0,18.0
ORD-103219,Indian,Main,Butter Chicken,2,45.0,90.0
ORD-103219,Indian,Starter,Vegetable Samosa,1,16.0,16.0
ORD-103219,Indian,Side,Jeera Rice,1,14.0,14.0
ORD-103220,Indian,Main,Butter Chicken,1,45.0,45.0
ORD-103220,Indian,Side,Garlic Naan,1,8.0,8.0
ORD-103220,Indian,Beverage,Mango Lassi,1,16.0,16.0
ORD-103221,Italian,Main,Penne Arrabbiata,1,42.0,42.0
ORD-103222,Chinese,Main,Szechuan Beef,1,52.0,52.0
ORD-103222,Chinese,Dessert,Mango Pudding,1,20.0,20.0
ORD-103223,Arabic,Main,Chicken Shawarma Plate,1,38.0,38.0
ORD-103223,Arabic,Main,Lamb Mandi,2,62.0,124.0
ORD-103223,Arabic,Beverage,Mint Lemonade,1,18.0,18.0
ORD-103224,Indian,Main,Mutton Biryani,2,52.0,104.0
ORD-103224,Indian,Starter,Vegetable Samosa,1,16.0,16.0
ORD-103224,Indian,Beverage,Mango Lassi,1,16.0,16.0
ORD-103225,Chinese,Main,Veg Hakka Noodles,1,32.0,32.0
ORD-103225,Chinese,Side,Steamed Rice,1,10.0,10.0
ORD-103225,Chinese,Beverage,Jasmine Tea,1,12.0,12.0
ORD-103226,Continental,Main,Fish and Chips,1,50.0,50.0
ORD-103227,Indian,Main,Butter Chicken,1,45.0,45.0
ORD-103227,Indian,Starter,Chicken Tikka,1,36.0,36.0
ORD-103227,Indian,Side,Garlic Naan,1,8.0,8.0
ORD-103228,Arabic,Main,Falafel Wrap,1,22.0,22.0
ORD-103228,Arabic,Main,Lamb Mandi,1,62.0,62.0
ORD-103228,Arabic,Side,Arabic Rice,1,12.0,12.0
ORD-103228,Arabic,Beverage,Mint Lemonade,2,18.0,36.0
ORD-103229,Chinese,Main,Veg Hakka Noodles,1,32.0,32.0
ORD-103229,Chinese,Dessert,Mango Pudding,1,20.0,20.0
ORD-103229,Chinese,Beverage,Jasmine Tea,1,12.0,12.0
ORD-103230,Italian,Main,Pepperoni Pizza,1,52.0,52.0
ORD-103230,Italian,Side,Garlic Bread,1,18.0,18.0
ORD-103230,Italian,Beverage,Italian Lemon Soda,1,18.0,18.0
ORD-103231,Arabic,Main,Chicken Shawarma Plate,1,38.0,38.0
ORD-103231,Arabic,Starter,Hummus,1,22.0,22.0
ORD-103232,Italian,Main,Margherita Pizza,1,45.0,45.0
ORD-103232,Italian,Main,Fettuccine Alfredo,1,48.0,48.0
ORD-103232,Italian,Side,Garlic Bread,2,18.0,36.0
ORD-103232,Italian,Beverage,Italian Lemon Soda,1,18.0,18.0
ORD-103233,Continental,Main,Classic Beef Burger,2,48.0,96.0
ORD-103233,Continental,Starter,Chicken Wings,1,34.0,34.0
ORD-103233,Continental,Side,French Fries,2,16.0,32.0
ORD-103233,Continental,Beverage,Chocolate Milkshake,2,22.0,44.0
ORD-103234,Chinese,Main,Veg Hakka Noodles,1,32.0,32.0
ORD-103234,Chinese,Starter,Spring Rolls,1,22.0,22.0
ORD-103235,Indian,Main,Butter Chicken,1,45.0,45.0
ORD-103235,Indian,Side,Garlic Naan,1,8.0,8.0
ORD-103235,Indian,Dessert,Gulab Jamun,1,18.0,18.0
ORD-103235,Italian,Beverage,Italian Lemon Soda,1,18.0,18.0
ORD-103236,Arabic,Main,Falafel Wrap,1,22.0,22.0
ORD-103236,Arabic,Main,Mixed Grill,1,75.0,75.0
ORD-103236,Arabic,Starter,Hummus,1,22.0,22.0
ORD-103236,Arabic,Dessert,Umm Ali,1,26.0,26.0
ORD-103237,Chinese,Main,Kung Pao Chicken,1,44.0,44.0
ORD-103237,Chinese,Starter,Spring Rolls,1,22.0,22.0
ORD-103237,Chinese,Dessert,Mango Pudding,1,20.0,20.0
ORD-103238,Italian,Main,Beef Lasagna,2,55.0,110.0
ORD-103238,Italian,Starter,Caesar Salad,1,32.0,32.0
ORD-103239,Indian,Main,Chicken Biryani,1,42.0,42.0
ORD-103239,Indian,Starter,Paneer Tikka,1,32.0,32.0
ORD-103239,Indian,Side,Jeera Rice,1,14.0,14.0
ORD-103239,Indian,Dessert,Gulab Jamun,1,18.0,18.0
ORD-103240,Italian,Main,Pepperoni Pizza,1,52.0,52.0
ORD-103240,Italian,Beverage,Italian Lemon Soda,1,18.0,18.0
ORD-103241,Arabic,Main,Chicken Machboos,1,48.0,48.0
ORD-103241,Arabic,Main,Chicken Shawarma Plate,1,38.0,38.0
ORD-103242,Italian,Main,Fettuccine Alfredo,1,48.0,48.0
ORD-103242,Italian,Dessert,Tiramisu,1,30.0,30.0
ORD-103243,Italian,Main,Fettuccine Alfredo,1,48.0,48.0
ORD-103244,Indian,Main,Butter Chicken,1,45.0,45.0
ORD-103244,Indian,Main,Palak Paneer,1,34.0,34.0
ORD-103244,Indian,Starter,Vegetable Samosa,1,16.0,16.0
ORD-103244,Indian,Side,Jeera Rice,1,14.0,14.0
ORD-103245,Italian,Main,Beef Lasagna,1,55.0,55.0
ORD-103245,Italian,Beverage,Italian Lemon Soda,1,18.0,18.0
ORD-103246,Italian,Main,Margherita Pizza,2,45.0,90.0
ORD-103246,Italian,Main,Fettuccine Alfredo,1,48.0,48.0
ORD-103246,Italian,Beverage,Italian Lemon Soda,2,18.0,36.0
ORD-103247,Continental,Main,Grilled Salmon,1,78.0,78.0
ORD-103247,Continental,Starter,Chicken Wings,1,34.0,34.0
ORD-103248,Continental,Main,Fish and Chips,1,50.0,50.0
ORD-103248,Arabic,Main,Mixed Grill,1,75.0,75.0
ORD-103248,Continental,Starter,Soup of the Day,1,22.0,22.0
ORD-103248,Arabic,Dessert,Kunafa,1,28.0,28.0
ORD-103248,Continental,Beverage,Chocolate Milkshake,2,22.0,44.0
ORD-103249,Continental,Main,Grilled Chicken Burger,1,42.0,42.0
ORD-103249,Continental,Starter,Soup of the Day,1,22.0,22.0
ORD-103250,Italian,Main,Pepperoni Pizza,1,52.0,52.0
ORD-103250,Italian,Starter,Bruschetta,1,26.0,26.0
ORD-103250,Continental,Dessert,New York Cheesecake,1,28.0,28.0
ORD-103251,Italian,Main,Beef Lasagna,1,55.0,55.0
ORD-103252,Chinese,Main,Chicken Fried Rice,1,34.0,34.0
ORD-103252,Chinese,Main,Chicken Manchurian,1,38.0,38.0
ORD-103252,Chinese,Starter,Hot and Sour Soup,1,24.0,24.0
ORD-103252,Chinese,Side,Steamed Rice,2,10.0,20.0
ORD-103252,Chinese,Dessert,Mango Pudding,1,20.0,20.0
ORD-103253,Indian,Main,Chicken Biryani,1,42.0,42.0
ORD-103253,Indian,Side,Garlic Naan,1,8.0,8.0
ORD-103254,Continental,Main,Grilled Salmon,1,78.0,78.0
ORD-103254,Continental,Side,French Fries,1,16.0,16.0
ORD-103254,Continental,Dessert,Chocolate Brownie,1,24.0,24.0
ORD-103255,Indian,Main,Mutton Biryani,1,52.0,52.0
ORD-103255,Indian,Main,Dal Makhani,1,32.0,32.0
ORD-103255,Indian,Starter,Vegetable Samosa,1,16.0,16.0
ORD-103255,Indian,Side,Garlic Naan,2,8.0,16.0
ORD-103255,Indian,Beverage,Mango Lassi,1,16.0,16.0
ORD-103256,Chinese,Main,Chicken Fried Rice,2,34.0,68.0
ORD-103256,Chinese,Starter,Hot and Sour Soup,1,24.0,24.0
ORD-103256,Chinese,Side,Steamed Rice,1,10.0,10.0
ORD-103257,Italian,Main,Penne Arrabbiata,1,42.0,42.0
ORD-103257,Italian,Side,Garlic Bread,1,18.0,18.0
ORD-103258,Indian,Main,Butter Chicken,1,45.0,45.0
ORD-103258,Continental,Starter,Chicken Wings,1,34.0,34.0
ORD-103259,Italian,Main,Margherita Pizza,1,45.0,45.0
ORD-103259,Italian,Dessert,Tiramisu,1,30.0,30.0
ORD-103259,Italian,Beverage,Italian Lemon Soda,1,18.0,18.0
ORD-103260,Chinese,Main,Szechuan Beef,1,52.0,52.0
ORD-103261,Italian,Main,Margherita Pizza,1,45.0,45.0
ORD-103261,Italian,Side,Garlic Bread,1,18.0,18.0
ORD-103261,Italian,Beverage,Italian Lemon Soda,1,18.0,18.0
ORD-103262,Italian,Main,Margherita Pizza,1,45.0,45.0
ORD-103263,Indian,Main,Chicken Biryani,1,42.0,42.0
ORD-103263,Indian,Starter,Paneer Tikka,1,32.0,32.0
ORD-103263,Indian,Beverage,Mango Lassi,1,16.0,16.0
ORD-103264,Indian,Main,Butter Chicken,1,45.0,45.0
ORD-103264,Indian,Side,Garlic Naan,1,8.0,8.0
ORD-103264,Indian,Dessert,Gulab Jamun,1,18.0,18.0
ORD-103264,Indian,Beverage,Mango Lassi,1,16.0,16.0
ORD-103265,Continental,Main,Grilled Chicken with Mash,1,52.0,52.0
ORD-103265,Continental,Main,Classic Beef Burger,1,48.0,48.0
ORD-103265,Continental,Starter,Chicken Wings,1,34.0,34.0
ORD-103265,Continental,Dessert,Chocolate Brownie,1,24.0,24.0
ORD-103265,Continental,Beverage,Chocolate Milkshake,2,22.0,44.0
ORD-103266,Chinese,Main,Veg Hakka Noodles,1,32.0,32.0
ORD-103267,Indian,Main,Mutton Biryani,1,52.0,52.0
ORD-103267,Continental,Starter,Chicken Wings,1,34.0,34.0
ORD-103267,Indian,Side,Garlic Naan,1,8.0,8.0
ORD-103267,Indian,Dessert,Gulab Jamun,1,18.0,18.0
ORD-103267,Continental,Beverage,Chocolate Milkshake,1,22.0,22.0
ORD-103268,Indian,Main,Butter Chicken,1,45.0,45.0
ORD-103268,Chinese,Starter,Spring Rolls,1,22.0,22.0
ORD-103268,Indian,Side,Garlic Naan,1,8.0,8.0
ORD-103268,Indian,Beverage,Mango Lassi,1,16.0,16.0
ORD-103269,Continental,Main,Fish and Chips,1,50.0,50.0
ORD-103269,Continental,Main,Grilled Salmon,1,78.0,78.0
ORD-103269,Continental,Main,Grilled Chicken with Mash,1,52.0,52.0
ORD-103269,Continental,Side,French Fries,3,16.0,48.0
ORD-103270,Indian,Main,Chicken Biryani,1,42.0,42.0
ORD-103270,Indian,Beverage,Mango Lassi,1,16.0,16.0
ORD-103271,Arabic,Main,Chicken Shawarma Plate,1,38.0,38.0
ORD-103271,Arabic,Main,Chicken Machboos,1,48.0,48.0
ORD-103272,Continental,Main,Classic Beef Burger,1,48.0,48.0
ORD-103272,Continental,Main,Grilled Salmon,1,78.0,78.0
ORD-103272,Continental,Starter,Chicken Wings,1,34.0,34.0
ORD-103272,Continental,Beverage,Chocolate Milkshake,1,22.0,22.0
ORD-103273,Continental,Main,Grilled Chicken with Mash,1,52.0,52.0
ORD-103273,Continental,Starter,Chicken Wings,1,34.0,34.0
ORD-103274,Arabic,Main,Chicken Shawarma Plate,1,38.0,38.0
ORD-103274,Arabic,Main,Falafel Wrap,1,22.0,22.0
ORD-103274,Arabic,Beverage,Mint Lemonade,2,18.0,36.0
ORD-103275,Italian,Main,Pepperoni Pizza,1,52.0,52.0
ORD-103275,Italian,Main,Beef Lasagna,1,55.0,55.0
ORD-103275,Italian,Side,Garlic Bread,1,18.0,18.0
ORD-103276,Chinese,Main,Szechuan Beef,1,52.0,52.0
ORD-103276,Chinese,Starter,Chicken Dim Sum,1,34.0,34.0
ORD-103276,Chinese,Beverage,Jasmine Tea,1,12.0,12.0
ORD-103277,Chinese,Main,Veg Hakka Noodles,1,32.0,32.0
ORD-103277,Indian,Dessert,Gulab Jamun,1,18.0,18.0
ORD-103277,Chinese,Beverage,Jasmine Tea,1,12.0,12.0
ORD-103278,Arabic,Main,Chicken Shawarma Plate,1,38.0,38.0
ORD-103278,Arabic,Side,Arabic Rice,1,12.0,12.0
ORD-103278,Arabic,Dessert,Kunafa,1,28.0,28.0
ORD-103278,Arabic,Beverage,Mint Lemonade,1,18.0,18.0
ORD-103279,Continental,Main,Classic Beef Burger,1,48.0,48.0
ORD-103279,Continental,Side,French Fries,1,16.0,16.0
ORD-103280,Arabic,Main,Falafel Wrap,1,22.0,22.0
ORD-103280,Arabic,Main,Chicken Machboos,1,48.0,48.0
ORD-103280,Indian,Main,Butter Chicken,1,45.0,45.0
ORD-103280,Arabic,Dessert,Kunafa,1,28.0,28.0
ORD-103281,Arabic,Main,Lamb Mandi,1,62.0,62.0
ORD-103281,Arabic,Starter,Hummus,1,22.0,22.0
ORD-103281,Arabic,Beverage,Mint Lemonade,1,18.0,18.0
ORD-103282,Italian,Main,Pepperoni Pizza,1,52.0,52.0
ORD-103282,Italian,Side,Garlic Bread,1,18.0,18.0
ORD-103282,Italian,Beverage,Italian Lemon Soda,1,18.0,18.0
ORD-103283,Indian,Main,Butter Chicken,2,45.0,90.0
ORD-103283,Indian,Side,Garlic Naan,2,8.0,16.0
ORD-103283,Indian,Dessert,Gulab Jamun,1,18.0,18.0
ORD-103284,Arabic,Main,Mixed Grill,1,75.0,75.0
ORD-103285,Italian,Main,Beef Lasagna,1,55.0,55.0
ORD-103285,Italian,Starter,Bruschetta,1,26.0,26.0
ORD-103286,Arabic,Main,Chicken Machboos,1,48.0,48.0
ORD-103286,Arabic,Main,Falafel Wrap,1,22.0,22.0
ORD-103287,Arabic,Main,Chicken Machboos,1,48.0,48.0
ORD-103287,Continental,Main,Fish and Chips,1,50.0,50.0
ORD-103287,Arabic,Starter,Fattoush,1,24.0,24.0
ORD-103288,Arabic,Main,Lamb Mandi,1,62.0,62.0
ORD-103288,Arabic,Main,Chicken Shawarma Plate,1,38.0,38.0
ORD-103288,Arabic,Side,Arabic Rice,2,12.0,24.0
ORD-103289,Indian,Main,Palak Paneer,1,34.0,34.0
ORD-103289,Chinese,Main,Veg Hakka Noodles,1,32.0,32.0
ORD-103289,Chinese,Starter,Chicken Dim Sum,1,34.0,34.0
ORD-103289,Indian,Side,Jeera Rice,2,14.0,28.0
ORD-103290,Italian,Main,Pepperoni Pizza,1,52.0,52.0
ORD-103290,Italian,Main,Margherita Pizza,1,45.0,45.0
ORD-103290,Italian,Main,Fettuccine Alfredo,1,48.0,48.0
ORD-103291,Continental,Main,Classic Beef Burger,1,48.0,48.0
ORD-103291,Continental,Starter,Chicken Wings,1,34.0,34.0
ORD-103291,Continental,Side,French Fries,1,16.0,16.0
ORD-103291,Continental,Dessert,Chocolate Brownie,1,24.0,24.0
ORD-103292,Italian,Main,Fettuccine Alfredo,1,48.0,48.0
ORD-103292,Italian,Main,Margherita Pizza,1,45.0,45.0
ORD-103292,Italian,Side,Garlic Bread,1,18.0,18.0
ORD-103292,Italian,Beverage,Italian Lemon Soda,2,18.0,36.0
ORD-103293,Italian,Main,Penne Arrabbiata,1,42.0,42.0
ORD-103293,Italian,Starter,Bruschetta,1,26.0,26.0
ORD-103294,Continental,Main,Fish and Chips,1,50.0,50.0
ORD-103294,Continental,Beverage,Chocolate Milkshake,1,22.0,22.0
ORD-103295,Continental,Main,Fish and Chips,1,50.0,50.0
ORD-103295,Continental,Starter,Chicken Wings,1,34.0,34.0
ORD-103295,Continental,Side,French Fries,1,16.0,16.0
ORD-103296,Indian,Main,Dal Makhani,1,32.0,32.0
ORD-103296,Indian,Main,Mutton Biryani,1,52.0,52.0
ORD-103296,Indian,Starter,Paneer Tikka,1,32.0,32.0
ORD-103296,Indian,Side,Garlic Naan,1,8.0,8.0
ORD-103296,Arabic,Dessert,Kunafa,1,28.0,28.0
ORD-103297,Italian,Main,Fettuccine Alfredo,1,48.0,48.0
ORD-103297,Italian,Beverage,Italian Lemon Soda,1,18.0,18.0
ORD-103298,Italian,Main,Margherita Pizza,1,45.0,45.0
ORD-103298,Italian,Main,Pepperoni Pizza,1,52.0,52.0
ORD-103298,Italian,Starter,Caesar Salad,1,32.0,32.0
ORD-103299,Arabic,Main,Falafel Wrap,1,22.0,22.0
ORD-103299,Arabic,Starter,Hummus,1,22.0,22.0
ORD-103300,Chinese,Main,Chicken Fried Rice,1,34.0,34.0
ORD-103300,Chinese,Beverage,Jasmine Tea,1,12.0,12.0
ORD-103301,Arabic,Main,Lamb Mandi,1,62.0,62.0
ORD-103302,Indian,Main,Chicken Biryani,1,42.0,42.0
ORD-103302,Indian,Side,Garlic Naan,1,8.0,8.0
ORD-103302,Indian,Beverage,Mango Lassi,1,16.0,16.0
ORD-103303,Italian,Main,Penne Arrabbiata,1,42.0,42.0
ORD-103303,Italian,Starter,Bruschetta,1,26.0,26.0
ORD-103303,Italian,Side,Garlic Bread,1,18.0,18.0
ORD-103304,Indian,Main,Mutton Biryani,1,52.0,52.0
ORD-103304,Indian,Side,Garlic Naan,1,8.0,8.0
ORD-103304,Indian,Beverage,Mango Lassi,1,16.0,16.0
ORD-103305,Continental,Main,Classic Beef Burger,1,48.0,48.0
ORD-103306,Indian,Main,Palak Paneer,2,34.0,68.0
ORD-103306,Arabic,Starter,Fattoush,1,24.0,24.0
ORD-103306,Indian,Side,Jeera Rice,1,14.0,14.0
ORD-103307,Arabic,Main,Falafel Wrap,1,22.0,22.0
ORD-103307,Arabic,Main,Chicken Shawarma Plate,2,38.0,76.0
ORD-103307,Arabic,Starter,Hummus,1,22.0,22.0
ORD-103307,Arabic,Side,Arabic Rice,3,12.0,36.0
ORD-103307,Arabic,Beverage,Mint Lemonade,2,18.0,36.0
ORD-103308,Indian,Main,Dal Makhani,1,32.0,32.0
ORD-103308,Indian,Side,Jeera Rice,1,14.0,14.0
ORD-103309,Indian,Main,Dal Makhani,1,32.0,32.0
ORD-103309,Indian,Main,Butter Chicken,1,45.0,45.0
ORD-103309,Indian,Starter,Vegetable Samosa,1,16.0,16.0
ORD-103309,Indian,Side,Garlic Naan,1,8.0,8.0
ORD-103310,Indian,Main,Butter Chicken,1,45.0,45.0
ORD-103310,Indian,Side,Garlic Naan,1,8.0,8.0
ORD-103311,Chinese,Main,Kung Pao Chicken,1,44.0,44.0
ORD-103311,Chinese,Main,Chicken Fried Rice,1,34.0,34.0
ORD-103311,Chinese,Starter,Spring Rolls,1,22.0,22.0
ORD-103312,Indian,Main,Butter Chicken,1,45.0,45.0
ORD-103312,Indian,Starter,Vegetable Samosa,1,16.0,16.0
ORD-103312,Indian,Side,Jeera Rice,1,14.0,14.0
ORD-103312,Italian,Beverage,Italian Lemon Soda,1,18.0,18.0
ORD-103313,Italian,Main,Fettuccine Alfredo,1,48.0,48.0
ORD-103313,Italian,Main,Pepperoni Pizza,1,52.0,52.0
ORD-103313,Italian,Starter,Caesar Salad,1,32.0,32.0
ORD-103314,Chinese,Main,Veg Hakka Noodles,1,32.0,32.0
ORD-103314,Chinese,Starter,Hot and Sour Soup,1,24.0,24.0
ORD-103314,Chinese,Side,Steamed Rice,1,10.0,10.0
ORD-103315,Arabic,Main,Chicken Shawarma Plate,1,38.0,38.0
ORD-103315,Arabic,Main,Lamb Mandi,1,62.0,62.0
ORD-103315,Chinese,Starter,Chicken Dim Sum,1,34.0,34.0
ORD-103316,Arabic,Main,Chicken Machboos,1,48.0,48.0
ORD-103316,Arabic,Main,Chicken Shawarma Plate,1,38.0,38.0
ORD-103316,Arabic,Starter,Fattoush,1,24.0,24.0
ORD-103316,Arabic,Side,Arabic Rice,1,12.0,12.0
ORD-103316,Arabic,Beverage,Mint Lemonade,1,18.0,18.0
ORD-103317,Indian,Main,Chicken Biryani,1,42.0,42.0
ORD-103317,Indian,Starter,Vegetable Samosa,1,16.0,16.0
ORD-103317,Indian,Side,Jeera Rice,1,14.0,14.0
ORD-103317,Indian,Dessert,Gulab Jamun,1,18.0,18.0
ORD-103317,Indian,Beverage,Mango Lassi,1,16.0,16.0
ORD-103318,Continental,Main,Classic Beef Burger,1,48.0,48.0
ORD-103318,Continental,Starter,Soup of the Day,1,22.0,22.0
ORD-103318,Continental,Beverage,Chocolate Milkshake,1,22.0,22.0
ORD-103319,Continental,Main,Fish and Chips,1,50.0,50.0
ORD-103319,Continental,Main,Grilled Chicken Burger,1,42.0,42.0
ORD-103319,Continental,Starter,Chicken Wings,1,34.0,34.0
ORD-103319,Continental,Beverage,Chocolate Milkshake,2,22.0,44.0
ORD-103320,Italian,Main,Fettuccine Alfredo,3,48.0,144.0
ORD-103320,Italian,Side,Garlic Bread,2,18.0,36.0
ORD-103320,Italian,Dessert,Tiramisu,1,30.0,30.0
ORD-103321,Chinese,Main,Kung Pao Chicken,1,44.0,44.0
ORD-103321,Chinese,Starter,Spring Rolls,1,22.0,22.0
ORD-103321,Chinese,Beverage,Jasmine Tea,1,12.0,12.0
ORD-103322,Indian,Main,Chicken Biryani,1,42.0,42.0
ORD-103322,Indian,Side,Jeera Rice,1,14.0,14.0
ORD-103322,Indian,Beverage,Mango Lassi,1,16.0,16.0
ORD-103323,Continental,Main,Fish and Chips,1,50.0,50.0
ORD-103324,Continental,Main,Classic Beef Burger,2,48.0,96.0
ORD-103324,Continental,Main,Grilled Chicken Burger,1,42.0,42.0
ORD-103325,Continental,Main,Fish and Chips,1,50.0,50.0
ORD-103325,Continental,Starter,Soup of the Day,1,22.0,22.0
ORD-103326,Italian,Main,Pepperoni Pizza,1,52.0,52.0
ORD-103326,Italian,Starter,Caesar Salad,1,32.0,32.0
ORD-103327,Indian,Main,Palak Paneer,1,34.0,34.0
ORD-103327,Indian,Side,Garlic Naan,1,8.0,8.0
ORD-103328,Italian,Main,Pepperoni Pizza,1,52.0,52.0
ORD-103328,Italian,Starter,Caesar Salad,1,32.0,32.0
ORD-103328,Italian,Side,Garlic Bread,1,18.0,18.0
ORD-103328,Italian,Beverage,Italian Lemon Soda,1,18.0,18.0
ORD-103329,Indian,Main,Dal Makhani,1,32.0,32.0
ORD-103329,Indian,Side,Jeera Rice,1,14.0,14.0
ORD-103330,Indian,Main,Chicken Biryani,1,42.0,42.0
ORD-103330,Continental,Starter,Chicken Wings,1,34.0,34.0
ORD-103330,Indian,Side,Garlic Naan,1,8.0,8.0
ORD-103330,Continental,Beverage,Chocolate Milkshake,1,22.0,22.0
ORD-103331,Continental,Main,Grilled Chicken with Mash,1,52.0,52.0
ORD-103331,Continental,Starter,Chicken Wings,1,34.0,34.0
ORD-103331,Continental,Side,French Fries,1,16.0,16.0
ORD-103332,Indian,Main,Mutton Biryani,1,52.0,52.0
ORD-103332,Indian,Main,Chicken Biryani,1,42.0,42.0
ORD-103332,Indian,Starter,Chicken Tikka,1,36.0,36.0
ORD-103332,Indian,Side,Garlic Naan,2,8.0,16.0
ORD-103333,Chinese,Main,Veg Hakka Noodles,1,32.0,32.0
ORD-103333,Chinese,Starter,Spring Rolls,1,22.0,22.0
ORD-103333,Chinese,Side,Steamed Rice,1,10.0,10.0
ORD-103334,Italian,Main,Fettuccine Alfredo,1,48.0,48.0
ORD-103334,Italian,Beverage,Italian Lemon Soda,1,18.0,18.0
ORD-103335,Italian,Main,Penne Arrabbiata,1,42.0,42.0
ORD-103335,Italian,Beverage,Italian Lemon Soda,1,18.0,18.0
ORD-103336,Arabic,Main,Falafel Wrap,1,22.0,22.0
ORD-103336,Arabic,Main,Lamb Mandi,1,62.0,62.0
ORD-103336,Arabic,Starter,Mutabbal,1,22.0,22.0
ORD-103336,Arabic,Side,Arabic Rice,2,12.0,24.0
ORD-103336,Arabic,Beverage,Mint Lemonade,2,18.0,36.0
ORD-103337,Continental,Main,Grilled Chicken with Mash,1,52.0,52.0
ORD-103337,Continental,Side,French Fries,1,16.0,16.0
ORD-103337,Continental,Dessert,New York Cheesecake,1,28.0,28.0
ORD-103337,Continental,Beverage,Chocolate Milkshake,1,22.0,22.0
ORD-103338,Indian,Main,Chicken Biryani,1,42.0,42.0
ORD-103338,Indian,Side,Garlic Naan,1,8.0,8.0
ORD-103339,Indian,Main,Mutton Biryani,1,52.0,52.0
ORD-103339,Indian,Main,Chicken Biryani,1,42.0,42.0
ORD-103340,Indian,Main,Dal Makhani,1,32.0,32.0
ORD-103340,Indian,Beverage,Mango Lassi,1,16.0,16.0
ORD-103341,Continental,Main,Classic Beef Burger,1,48.0,48.0
ORD-103341,Continental,Starter,Chicken Wings,1,34.0,34.0
ORD-103341,Continental,Side,French Fries,1,16.0,16.0
ORD-103342,Indian,Main,Butter Chicken,1,45.0,45.0
ORD-103342,Indian,Starter,Paneer Tikka,1,32.0,32.0
ORD-103342,Indian,Side,Garlic Naan,1,8.0,8.0
ORD-103343,Continental,Main,Classic Beef Burger,1,48.0,48.0
ORD-103343,Continental,Main,Grilled Chicken Burger,1,42.0,42.0
ORD-103343,Continental,Starter,Soup of the Day,1,22.0,22.0
ORD-103344,Indian,Main,Chicken Biryani,2,42.0,84.0
ORD-103344,Indian,Side,Jeera Rice,1,14.0,14.0
ORD-103344,Indian,Dessert,Gulab Jamun,1,18.0,18.0
ORD-103345,Chinese,Main,Veg Hakka Noodles,2,32.0,64.0
ORD-103345,Chinese,Main,Kung Pao Chicken,1,44.0,44.0
ORD-103345,Chinese,Starter,Hot and Sour Soup,1,24.0,24.0
ORD-103345,Chinese,Dessert,Mango Pudding,1,20.0,20.0
ORD-103345,Chinese,Beverage,Jasmine Tea,1,12.0,12.0
ORD-103346,Indian,Main,Chicken Biryani,1,42.0,42.0
ORD-103346,Indian,Side,Jeera Rice,1,14.0,14.0
ORD-103347,Indian,Main,Palak Paneer,1,34.0,34.0
ORD-103347,Indian,Starter,Vegetable Samosa,1,16.0,16.0
ORD-103347,Indian,Side,Garlic Naan,1,8.0,8.0
ORD-103348,Italian,Main,Fettuccine Alfredo,1,48.0,48.0
ORD-103348,Italian,Main,Margherita Pizza,1,45.0,45.0
ORD-103348,Italian,Main,Penne Arrabbiata,1,42.0,42.0
ORD-103348,Italian,Starter,Caesar Salad,1,32.0,32.0
ORD-103349,Italian,Main,Beef Lasagna,1,55.0,55.0
ORD-103350,Indian,Main,Chicken Biryani,1,42.0,42.0
ORD-103350,Indian,Beverage,Mango Lassi,1,16.0,16.0
ORD-103351,Indian,Main,Dal Makhani,1,32.0,32.0
ORD-103351,Indian,Starter,Chicken Tikka,1,36.0,36.0
ORD-103351,Indian,Side,Garlic Naan,1,8.0,8.0
ORD-103351,Indian,Beverage,Mango Lassi,1,16.0,16.0
ORD-103352,Arabic,Main,Mixed Grill,1,75.0,75.0
ORD-103353,Indian,Main,Mutton Biryani,1,52.0,52.0
ORD-103353,Indian,Side,Jeera Rice,1,14.0,14.0
ORD-103354,Arabic,Main,Falafel Wrap,2,22.0,44.0
ORD-103354,Arabic,Starter,Hummus,1,22.0,22.0
ORD-103354,Arabic,Dessert,Kunafa,1,28.0,28.0
ORD-103354,Arabic,Beverage,Mint Lemonade,2,18.0,36.0
ORD-103355,Arabic,Main,Chicken Machboos,1,48.0,48.0
ORD-103355,Arabic,Starter,Mutabbal,1,22.0,22.0
ORD-103355,Arabic,Beverage,Mint Lemonade,1,18.0,18.0
ORD-103356,Chinese,Main,Chicken Manchurian,2,38.0,76.0
ORD-103356,Chinese,Main,Veg Hakka Noodles,1,32.0,32.0
ORD-103356,Chinese,Side,Steamed Rice,2,10.0,20.0
ORD-103357,Continental,Main,Classic Beef Burger,2,48.0,96.0
ORD-103357,Continental,Main,Grilled Chicken with Mash,1,52.0,52.0
ORD-103357,Continental,Starter,Soup of the Day,1,22.0,22.0
ORD-103357,Continental,Beverage,Chocolate Milkshake,3,22.0,66.0
ORD-103358,Chinese,Main,Kung Pao Chicken,2,44.0,88.0
ORD-103358,Indian,Main,Butter Chicken,1,45.0,45.0
ORD-103358,Indian,Starter,Vegetable Samosa,1,16.0,16.0
ORD-103359,Italian,Main,Pepperoni Pizza,1,52.0,52.0
ORD-103359,Italian,Dessert,Tiramisu,1,30.0,30.0
ORD-103360,Chinese,Main,Szechuan Beef,1,52.0,52.0
ORD-103360,Chinese,Main,Chicken Fried Rice,1,34.0,34.0
ORD-103360,Chinese,Main,Chicken Manchurian,1,38.0,38.0
ORD-103360,Chinese,Starter,Spring Rolls,1,22.0,22.0
ORD-103361,Arabic,Main,Chicken Machboos,1,48.0,48.0
ORD-103361,Arabic,Starter,Hummus,1,22.0,22.0
ORD-103362,Continental,Main,Grilled Salmon,1,78.0,78.0
ORD-103362,Continental,Starter,Chicken Wings,1,34.0,34.0
ORD-103362,Continental,Dessert,Chocolate Brownie,1,24.0,24.0
ORD-103363,Arabic,Main,Chicken Shawarma Plate,1,38.0,38.0
ORD-103363,Arabic,Starter,Fattoush,1,24.0,24.0
ORD-103363,Arabic,Dessert,Kunafa,1,28.0,28.0
ORD-103363,Arabic,Beverage,Mint Lemonade,1,18.0,18.0
ORD-103364,Indian,Main,Chicken Biryani,1,42.0,42.0
ORD-103364,Arabic,Main,Chicken Shawarma Plate,1,38.0,38.0
ORD-103364,Indian,Side,Jeera Rice,2,14.0,28.0
ORD-103365,Chinese,Main,Chicken Manchurian,1,38.0,38.0
ORD-103365,Chinese,Starter,Spring Rolls,1,22.0,22.0
ORD-103366,Arabic,Main,Chicken Shawarma Plate,1,38.0,38.0
ORD-103366,Arabic,Starter,Mutabbal,1,22.0,22.0
ORD-103366,Arabic,Dessert,Kunafa,1,28.0,28.0
ORD-103367,Indian,Main,Chicken Biryani,1,42.0,42.0
ORD-103368,Italian,Main,Pepperoni Pizza,1,52.0,52.0
ORD-103368,Italian,Beverage,Italian Lemon Soda,1,18.0,18.0
ORD-103369,Indian,Main,Mutton Biryani,1,52.0,52.0
ORD-103369,Indian,Side,Garlic Naan,1,8.0,8.0
ORD-103370,Continental,Main,Grilled Salmon,1,78.0,78.0
ORD-103370,Continental,Main,Fish and Chips,1,50.0,50.0
ORD-103370,Continental,Starter,Chicken Wings,1,34.0,34.0
ORD-103370,Continental,Beverage,Chocolate Milkshake,2,22.0,44.0
ORD-103371,Italian,Main,Beef Lasagna,1,55.0,55.0
ORD-103371,Italian,Starter,Bruschetta,1,26.0,26.0
ORD-103371,Italian,Beverage,Italian Lemon Soda,1,18.0,18.0
ORD-103372,Italian,Main,Penne Arrabbiata,1,42.0,42.0
ORD-103372,Italian,Beverage,Italian Lemon Soda,1,18.0,18.0
ORD-103373,Indian,Main,Dal Makhani,1,32.0,32.0
ORD-103373,Indian,Side,Jeera Rice,1,14.0,14.0
ORD-103373,Indian,Dessert,Gulab Jamun,1,18.0,18.0
ORD-103373,Indian,Beverage,Mango Lassi,1,16.0,16.0
ORD-103374,Italian,Main,Margherita Pizza,1,45.0,45.0
ORD-103374,Italian,Starter,Caesar Salad,1,32.0,32.0
ORD-103375,Arabic,Main,Chicken Shawarma Plate,1,38.0,38.0
ORD-103375,Arabic,Starter,Hummus,1,22.0,22.0
ORD-103375,Arabic,Side,Arabic Rice,1,12.0,12.0
ORD-103376,Indian,Main,Dal Makhani,1,32.0,32.0
ORD-103376,Indian,Side,Jeera Rice,1,14.0,14.0
ORD-103376,Indian,Dessert,Gulab Jamun,1,18.0,18.0
ORD-103377,Italian,Main,Beef Lasagna,1,55.0,55.0
ORD-103378,Indian,Main,Mutton Biryani,1,52.0,52.0
ORD-103378,Indian,Starter,Vegetable Samosa,1,16.0,16.0
ORD-103378,Indian,Side,Garlic Naan,1,8.0,8.0
ORD-103379,Indian,Main,Chicken Biryani,1,42.0,42.0
ORD-103379,Indian,Main,Butter Chicken,1,45.0,45.0
ORD-103379,Indian,Starter,Paneer Tikka,1,32.0,32.0
ORD-103379,Indian,Side,Jeera Rice,1,14.0,14.0
ORD-103380,Chinese,Main,Chicken Fried Rice,2,34.0,68.0
ORD-103380,Chinese,Main,Szechuan Beef,1,52.0,52.0
ORD-103380,Chinese,Starter,Hot and Sour Soup,1,24.0,24.0
ORD-103380,Chinese,Side,Steamed Rice,2,10.0,20.0
ORD-103380,Chinese,Beverage,Jasmine Tea,2,12.0,24.0
ORD-103381,Indian,Main,Butter Chicken,1,45.0,45.0
ORD-103381,Chinese,Main,Veg Hakka Noodles,1,32.0,32.0
ORD-103382,Arabic,Main,Mixed Grill,1,75.0,75.0
ORD-103382,Arabic,Starter,Mutabbal,1,22.0,22.0
ORD-103383,Italian,Main,Margherita Pizza,1,45.0,45.0
ORD-103383,Italian,Beverage,Italian Lemon Soda,1,18.0,18.0
ORD-103384,Indian,Main,Palak Paneer,1,34.0,34.0
ORD-103384,Indian,Side,Garlic Naan,1,8.0,8.0
ORD-103384,Indian,Dessert,Gulab Jamun,1,18.0,18.0
ORD-103384,Indian,Beverage,Mango Lassi,1,16.0,16.0
ORD-103385,Italian,Main,Margherita Pizza,1,45.0,45.0
ORD-103385,Italian,Main,Beef Lasagna,1,55.0,55.0
ORD-103385,Italian,Main,Penne Arrabbiata,1,42.0,42.0
ORD-103385,Italian,Side,Garlic Bread,2,18.0,36.0
ORD-103385,Italian,Beverage,Italian Lemon Soda,2,18.0,36.0
ORD-103386,Italian,Main,Beef Lasagna,1,55.0,55.0
ORD-103386,Italian,Main,Margherita Pizza,1,45.0,45.0
ORD-103387,Indian,Main,Dal Makhani,1,32.0,32.0
ORD-103387,Indian,Main,Mutton Biryani,1,52.0,52.0
ORD-103387,Indian,Starter,Chicken Tikka,1,36.0,36.0
ORD-103387,Indian,Side,Jeera Rice,1,14.0,14.0
ORD-103388,Arabic,Main,Mixed Grill,1,75.0,75.0
ORD-103388,Arabic,Main,Chicken Shawarma Plate,1,38.0,38.0
ORD-103388,Arabic,Beverage,Mint Lemonade,2,18.0,36.0
ORD-103389,Chinese,Main,Chicken Fried Rice,1,34.0,34.0
ORD-103389,Chinese,Main,Veg Hakka Noodles,1,32.0,32.0
ORD-103389,Chinese,Starter,Spring Rolls,1,22.0,22.0
ORD-103389,Chinese,Beverage,Jasmine Tea,2,12.0,24.0
ORD-103390,Indian,Main,Palak Paneer,1,34.0,34.0
ORD-103390,Indian,Side,Jeera Rice,1,14.0,14.0
ORD-103390,Indian,Beverage,Mango Lassi,1,16.0,16.0
ORD-103391,Chinese,Main,Szechuan Beef,2,52.0,104.0
ORD-103391,Chinese,Side,Steamed Rice,2,10.0,20.0
ORD-103391,Chinese,Dessert,Mango Pudding,1,20.0,20.0
ORD-103392,Italian,Main,Pepperoni Pizza,1,52.0,52.0
ORD-103393,Indian,Main,Mutton Biryani,1,52.0,52.0
ORD-103393,Indian,Dessert,Gulab Jamun,1,18.0,18.0
ORD-103394,Arabic,Main,Chicken Shawarma Plate,1,38.0,38.0
ORD-103394,Arabic,Starter,Hummus,1,22.0,22.0
ORD-103395,Indian,Main,Chicken Biryani,1,42.0,42.0
ORD-103395,Indian,Side,Jeera Rice,1,14.0,14.0
ORD-103396,Chinese,Main,Kung Pao Chicken,2,44.0,88.0
ORD-103396,Chinese,Starter,Chicken Dim Sum,1,34.0,34.0
ORD-103397,Continental,Main,Grilled Chicken Burger,1,42.0,42.0
ORD-103397,Continental,Starter,Soup of the Day,1,22.0,22.0
ORD-103397,Continental,Side,French Fries,1,16.0,16.0
ORD-103397,Continental,Beverage,Chocolate Milkshake,1,22.0,22.0
ORD-103398,Italian,Main,Margherita Pizza,1,45.0,45.0
ORD-103398,Italian,Beverage,Italian Lemon Soda,1,18.0,18.0
ORD-103399,Arabic,Main,Mixed Grill,1,75.0,75.0
ORD-103400,Continental,Main,Classic Beef Burger,1,48.0,48.0
ORD-103401,Italian,Main,Pepperoni Pizza,1,52.0,52.0
ORD-103402,Arabic,Main,Lamb Mandi,1,62.0,62.0
ORD-103402,Arabic,Starter,Hummus,1,22.0,22.0
ORD-103402,Arabic,Side,Arabic Rice,1,12.0,12.0
ORD-103402,Arabic,Beverage,Mint Lemonade,1,18.0,18.0
ORD-103403,Italian,Main,Pepperoni Pizza,1,52.0,52.0
ORD-103403,Italian,Starter,Bruschetta,1,26.0,26.0
ORD-103404,Indian,Main,Dal Makhani,1,32.0,32.0
ORD-103404,Indian,Side,Garlic Naan,1,8.0,8.0
ORD-103404,Indian,Dessert,Gulab Jamun,1,18.0,18.0
ORD-103405,Italian,Main,Penne Arrabbiata,1,42.0,42.0
ORD-103405,Italian,Side,Garlic Bread,1,18.0,18.0
ORD-103406,Chinese,Main,Chicken Manchurian,1,38.0,38.0
ORD-103406,Chinese,Starter,Hot and Sour Soup,1,24.0,24.0
ORD-103407,Italian,Main,Penne Arrabbiata,1,42.0,42.0
ORD-103407,Italian,Main,Pepperoni Pizza,1,52.0,52.0
ORD-103407,Italian,Side,Garlic Bread,1,18.0,18.0
ORD-103407,Italian,Beverage,Italian Lemon Soda,1,18.0,18.0
ORD-103408,Continental,Main,Classic Beef Burger,1,48.0,48.0
ORD-103408,Continental,Starter,Soup of the Day,1,22.0,22.0
ORD-103408,Continental,Beverage,Chocolate Milkshake,1,22.0,22.0
ORD-103409,Arabic,Main,Falafel Wrap,1,22.0,22.0
ORD-103409,Arabic,Starter,Hummus,1,22.0,22.0
ORD-103409,Arabic,Beverage,Mint Lemonade,1,18.0,18.0
ORD-103410,Arabic,Main,Lamb Mandi,1,62.0,62.0
ORD-103410,Indian,Main,Butter Chicken,1,45.0,45.0
ORD-103410,Indian,Main,Chicken Biryani,1,42.0,42.0
ORD-103411,Arabic,Main,Mixed Grill,1,75.0,75.0
ORD-103411,Arabic,Starter,Mutabbal,1,22.0,22.0
ORD-103411,Arabic,Side,Arabic Rice,1,12.0,12.0
ORD-103412,Arabic,Main,Lamb Mandi,1,62.0,62.0
ORD-103412,Arabic,Main,Chicken Shawarma Plate,1,38.0,38.0
ORD-103412,Arabic,Starter,Hummus,1,22.0,22.0
ORD-103413,Continental,Main,Classic Beef Burger,1,48.0,48.0
ORD-103413,Continental,Main,Grilled Chicken Burger,1,42.0,42.0
ORD-103413,Continental,Starter,Chicken Wings,1,34.0,34.0
ORD-103413,Continental,Beverage,Chocolate Milkshake,2,22.0,44.0
ORD-103414,Italian,Main,Margherita Pizza,2,45.0,90.0
ORD-103414,Italian,Main,Pepperoni Pizza,1,52.0,52.0
ORD-103414,Italian,Starter,Bruschetta,1,26.0,26.0
ORD-103414,Italian,Side,Garlic Bread,2,18.0,36.0
ORD-103414,Italian,Dessert,Tiramisu,1,30.0,30.0
ORD-103415,Arabic,Main,Chicken Shawarma Plate,1,38.0,38.0
ORD-103415,Arabic,Side,Arabic Rice,1,12.0,12.0
ORD-103415,Arabic,Beverage,Mint Lemonade,1,18.0,18.0
ORD-103416,Indian,Main,Chicken Biryani,1,42.0,42.0
ORD-103416,Indian,Side,Garlic Naan,1,8.0,8.0
ORD-103416,Indian,Beverage,Mango Lassi,1,16.0,16.0
ORD-103417,Arabic,Main,Chicken Shawarma Plate,1,38.0,38.0
ORD-103417,Indian,Starter,Paneer Tikka,1,32.0,32.0
ORD-103417,Arabic,Side,Arabic Rice,1,12.0,12.0
ORD-103417,Arabic,Dessert,Kunafa,1,28.0,28.0
ORD-103418,Chinese,Main,Veg Hakka Noodles,1,32.0,32.0
ORD-103418,Chinese,Starter,Spring Rolls,1,22.0,22.0
ORD-103418,Chinese,Side,Steamed Rice,1,10.0,10.0
ORD-103418,Chinese,Beverage,Jasmine Tea,1,12.0,12.0
ORD-103419,Indian,Main,Chicken Biryani,1,42.0,42.0
ORD-103419,Indian,Side,Jeera Rice,1,14.0,14.0
ORD-103420,Italian,Main,Margherita Pizza,2,45.0,90.0
ORD-103420,Italian,Side,Garlic Bread,2,18.0,36.0
ORD-103420,Italian,Beverage,Italian Lemon Soda,2,18.0,36.0
ORD-103421,Italian,Main,Margherita Pizza,1,45.0,45.0
ORD-103421,Italian,Side,Garlic Bread,1,18.0,18.0
ORD-103422,Indian,Main,Chicken Biryani,1,42.0,42.0
ORD-103422,Indian,Side,Garlic Naan,1,8.0,8.0
ORD-103423,Continental,Main,Grilled Salmon,1,78.0,78.0
ORD-103423,Continental,Side,French Fries,1,16.0,16.0
ORD-103423,Continental,Beverage,Chocolate Milkshake,1,22.0,22.0
ORD-103424,Arabic,Main,Chicken Shawarma Plate,1,38.0,38.0
ORD-103425,Indian,Main,Chicken Biryani,1,42.0,42.0
ORD-103425,Indian,Starter,Paneer Tikka,1,32.0,32.0
ORD-103426,Chinese,Main,Veg Hakka Noodles,2,32.0,64.0
ORD-103426,Chinese,Starter,Spring Rolls,1,22.0,22.0
ORD-103426,Chinese,Side,Steamed Rice,1,10.0,10.0
ORD-103426,Chinese,Dessert,Mango Pudding,1,20.0,20.0
ORD-103427,Arabic,Main,Lamb Mandi,1,62.0,62.0
ORD-103427,Arabic,Starter,Mutabbal,1,22.0,22.0
ORD-103427,Arabic,Side,Arabic Rice,1,12.0,12.0
ORD-103428,Indian,Main,Palak Paneer,1,34.0,34.0
ORD-103428,Indian,Side,Garlic Naan,1,8.0,8.0
ORD-103428,Indian,Dessert,Gulab Jamun,1,18.0,18.0
ORD-103429,Arabic,Main,Chicken Shawarma Plate,1,38.0,38.0
ORD-103429,Continental,Main,Grilled Chicken Burger,1,42.0,42.0
ORD-103429,Continental,Starter,Soup of the Day,1,22.0,22.0
ORD-103430,Indian,Main,Mutton Biryani,1,52.0,52.0
ORD-103430,Indian,Main,Dal Makhani,1,32.0,32.0
ORD-103430,Arabic,Main,Chicken Shawarma Plate,1,38.0,38.0
ORD-103430,Indian,Side,Garlic Naan,3,8.0,24.0
ORD-103430,Indian,Beverage,Mango Lassi,2,16.0,32.0
ORD-103431,Indian,Main,Chicken Biryani,1,42.0,42.0
ORD-103431,Indian,Main,Butter Chicken,1,45.0,45.0
ORD-103431,Indian,Starter,Chicken Tikka,1,36.0,36.0
ORD-103431,Indian,Side,Garlic Naan,1,8.0,8.0
ORD-103432,Arabic,Main,Chicken Shawarma Plate,1,38.0,38.0
ORD-103432,Arabic,Starter,Hummus,1,22.0,22.0
ORD-103433,Indian,Main,Chicken Biryani,1,42.0,42.0
ORD-103433,Indian,Starter,Paneer Tikka,1,32.0,32.0
ORD-103433,Indian,Dessert,Gulab Jamun,1,18.0,18.0
ORD-103434,Continental,Main,Grilled Chicken with Mash,1,52.0,52.0
ORD-103434,Indian,Main,Chicken Biryani,1,42.0,42.0
ORD-103434,Continental,Main,Grilled Chicken Burger,1,42.0,42.0
ORD-103435,Chinese,Main,Kung Pao Chicken,1,44.0,44.0
ORD-103435,Chinese,Starter,Hot and Sour Soup,1,24.0,24.0
ORD-103436,Chinese,Main,Veg Hakka Noodles,1,32.0,32.0
ORD-103436,Chinese,Main,Chicken Fried Rice,1,34.0,34.0
ORD-103436,Chinese,Starter,Hot and Sour Soup,1,24.0,24.0
ORD-103437,Italian,Main,Fettuccine Alfredo,1,48.0,48.0
ORD-103437,Indian,Main,Butter Chicken,1,45.0,45.0
ORD-103437,Italian,Starter,Caesar Salad,1,32.0,32.0
ORD-103438,Indian,Main,Dal Makhani,1,32.0,32.0
ORD-103438,Indian,Starter,Chicken Tikka,1,36.0,36.0
ORD-103438,Indian,Side,Garlic Naan,1,8.0,8.0
ORD-103438,Indian,Dessert,Gulab Jamun,1,18.0,18.0
ORD-103438,Indian,Beverage,Mango Lassi,1,16.0,16.0
ORD-103439,Arabic,Main,Lamb Mandi,1,62.0,62.0
ORD-103439,Arabic,Starter,Hummus,1,22.0,22.0
ORD-103440,Indian,Main,Dal Makhani,1,32.0,32.0
ORD-103440,Indian,Starter,Paneer Tikka,1,32.0,32.0
ORD-103440,Indian,Side,Garlic Naan,1,8.0,8.0
ORD-103440,Indian,Beverage,Mango Lassi,1,16.0,16.0
ORD-103441,Arabic,Main,Chicken Machboos,1,48.0,48.0
ORD-103441,Arabic,Main,Falafel Wrap,1,22.0,22.0
ORD-103441,Italian,Beverage,Italian Lemon Soda,2,18.0,36.0
ORD-103442,Continental,Main,Fish and Chips,1,50.0,50.0
ORD-103442,Continental,Main,Grilled Chicken Burger,1,42.0,42.0
ORD-103442,Continental,Beverage,Chocolate Milkshake,1,22.0,22.0
ORD-103443,Indian,Main,Butter Chicken,1,45.0,45.0
ORD-103443,Indian,Side,Jeera Rice,1,14.0,14.0
ORD-103443,Indian,Dessert,Gulab Jamun,1,18.0,18.0
ORD-103444,Indian,Main,Chicken Biryani,1,42.0,42.0
ORD-103444,Indian,Side,Garlic Naan,1,8.0,8.0
ORD-103445,Arabic,Main,Falafel Wrap,1,22.0,22.0
ORD-103446,Indian,Main,Mutton Biryani,1,52.0,52.0
ORD-103446,Indian,Starter,Vegetable Samosa,1,16.0,16.0
ORD-103446,Indian,Side,Jeera Rice,1,14.0,14.0
ORD-103447,Indian,Main,Butter Chicken,1,45.0,45.0
ORD-103447,Indian,Beverage,Mango Lassi,1,16.0,16.0
ORD-103448,Arabic,Main,Chicken Shawarma Plate,1,38.0,38.0
ORD-103448,Arabic,Starter,Hummus,1,22.0,22.0
ORD-103448,Arabic,Dessert,Kunafa,1,28.0,28.0
ORD-103449,Chinese,Main,Kung Pao Chicken,1,44.0,44.0
ORD-103449,Chinese,Main,Chicken Fried Rice,1,34.0,34.0
ORD-103449,Chinese,Dessert,Mango Pudding,1,20.0,20.0
ORD-103450,Indian,Main,Butter Chicken,1,45.0,45.0
ORD-103450,Indian,Side,Jeera Rice,1,14.0,14.0
ORD-103451,Continental,Main,Grilled Salmon,1,78.0,78.0
ORD-103451,Continental,Starter,Soup of the Day,1,22.0,22.0
ORD-103451,Continental,Dessert,New York Cheesecake,1,28.0,28.0
ORD-103451,Continental,Beverage,Chocolate Milkshake,1,22.0,22.0
ORD-103452,Continental,Main,Grilled Chicken Burger,2,42.0,84.0
ORD-103452,Continental,Beverage,Chocolate Milkshake,2,22.0,44.0
ORD-103453,Arabic,Main,Chicken Shawarma Plate,1,38.0,38.0
ORD-103453,Arabic,Beverage,Mint Lemonade,1,18.0,18.0
ORD-103454,Continental,Main,Fish and Chips,1,50.0,50.0
ORD-103454,Continental,Main,Grilled Chicken with Mash,1,52.0,52.0
ORD-103454,Arabic,Main,Lamb Mandi,1,62.0,62.0
ORD-103454,Continental,Side,French Fries,3,16.0,48.0
ORD-103455,Italian,Main,Beef Lasagna,1,55.0,55.0
ORD-103455,Italian,Beverage,Italian Lemon Soda,1,18.0,18.0
ORD-103456,Italian,Main,Margherita Pizza,1,45.0,45.0
ORD-103456,Italian,Starter,Caesar Salad,1,32.0,32.0
ORD-103456,Italian,Side,Garlic Bread,1,18.0,18.0
ORD-103456,Italian,Beverage,Italian Lemon Soda,1,18.0,18.0
ORD-103457,Arabic,Main,Chicken Machboos,2,48.0,96.0
ORD-103457,Arabic,Beverage,Mint Lemonade,1,18.0,18.0
ORD-103458,Arabic,Main,Falafel Wrap,1,22.0,22.0
ORD-103458,Arabic,Starter,Fattoush,1,24.0,24.0
ORD-103458,Arabic,Dessert,Kunafa,1,28.0,28.0
ORD-103458,Arabic,Beverage,Mint Lemonade,1,18.0,18.0
ORD-103459,Arabic,Main,Falafel Wrap,1,22.0,22.0
ORD-103460,Arabic,Main,Chicken Shawarma Plate,1,38.0,38.0
ORD-103461,Indian,Main,Mutton Biryani,1,52.0,52.0
ORD-103461,Indian,Side,Garlic Naan,1,8.0,8.0
ORD-103461,Indian,Beverage,Mango Lassi,1,16.0,16.0
ORD-103462,Arabic,Main,Falafel Wrap,1,22.0,22.0
ORD-103463,Indian,Main,Mutton Biryani,1,52.0,52.0
ORD-103463,Indian,Starter,Vegetable Samosa,1,16.0,16.0
ORD-103463,Indian,Side,Garlic Naan,1,8.0,8.0
ORD-103463,Indian,Dessert,Gulab Jamun,1,18.0,18.0
ORD-103464,Italian,Main,Margherita Pizza,1,45.0,45.0
ORD-103464,Italian,Main,Penne Arrabbiata,1,42.0,42.0
ORD-103464,Italian,Side,Garlic Bread,2,18.0,36.0
ORD-103464,Italian,Dessert,Tiramisu,1,30.0,30.0
ORD-103464,Italian,Beverage,Italian Lemon Soda,2,18.0,36.0
ORD-103465,Arabic,Main,Lamb Mandi,1,62.0,62.0
ORD-103465,Arabic,Main,Chicken Shawarma Plate,1,38.0,38.0
ORD-103465,Arabic,Side,Arabic Rice,2,12.0,24.0
ORD-103465,Arabic,Beverage,Mint Lemonade,2,18.0,36.0
ORD-103466,Continental,Main,Classic Beef Burger,1,48.0,48.0
ORD-103466,Continental,Dessert,Chocolate Brownie,1,24.0,24.0
ORD-103467,Indian,Main,Butter Chicken,2,45.0,90.0
ORD-103467,Indian,Side,Jeera Rice,1,14.0,14.0
ORD-103467,Indian,Dessert,Gulab Jamun,1,18.0,18.0
ORD-103467,Indian,Beverage,Mango Lassi,2,16.0,32.0
ORD-103468,Indian,Main,Dal Makhani,1,32.0,32.0
ORD-103468,Indian,Main,Palak Paneer,1,34.0,34.0
ORD-103468,Indian,Main,Mutton Biryani,1,52.0,52.0
ORD-103468,Indian,Starter,Chicken Tikka,1,36.0,36.0
ORD-103468,Indian,Dessert,Gulab Jamun,1,18.0,18.0
ORD-103468,Indian,Beverage,Mango Lassi,2,16.0,32.0
ORD-103469,Indian,Main,Dal Makhani,1,32.0,32.0
ORD-103469,Indian,Side,Garlic Naan,1,8.0,8.0
ORD-103469,Indian,Beverage,Mango Lassi,1,16.0,16.0
ORD-103470,Indian,Main,Mutton Biryani,1,52.0,52.0
ORD-103470,Indian,Dessert,Gulab Jamun,1,18.0,18.0
ORD-103470,Indian,Beverage,Mango Lassi,1,16.0,16.0
ORD-103471,Indian,Main,Butter Chicken,1,45.0,45.0
ORD-103471,Indian,Main,Mutton Biryani,1,52.0,52.0
ORD-103471,Indian,Side,Garlic Naan,1,8.0,8.0
ORD-103471,Indian,Dessert,Gulab Jamun,1,18.0,18.0
ORD-103472,Arabic,Main,Chicken Shawarma Plate,2,38.0,76.0
ORD-103473,Arabic,Main,Chicken Shawarma Plate,1,38.0,38.0
ORD-103473,Arabic,Starter,Hummus,1,22.0,22.0
ORD-103473,Arabic,Side,Arabic Rice,1,12.0,12.0
ORD-103473,Arabic,Beverage,Mint Lemonade,1,18.0,18.0
ORD-103474,Continental,Main,Classic Beef Burger,2,48.0,96.0
ORD-103474,Continental,Starter,Soup of the Day,1,22.0,22.0
ORD-103474,Continental,Dessert,Chocolate Brownie,1,24.0,24.0
ORD-103474,Continental,Beverage,Chocolate Milkshake,2,22.0,44.0
ORD-103475,Indian,Main,Palak Paneer,1,34.0,34.0
ORD-103475,Indian,Main,Butter Chicken,1,45.0,45.0
ORD-103475,Indian,Main,Chicken Biryani,1,42.0,42.0
ORD-103475,Indian,Side,Garlic Naan,3,8.0,24.0
ORD-103476,Indian,Main,Chicken Biryani,1,42.0,42.0
ORD-103476,Indian,Starter,Chicken Tikka,1,36.0,36.0
ORD-103476,Indian,Side,Jeera Rice,1,14.0,14.0
ORD-103477,Chinese,Main,Chicken Manchurian,1,38.0,38.0
ORD-103477,Chinese,Side,Steamed Rice,1,10.0,10.0
ORD-103478,Italian,Main,Beef Lasagna,1,55.0,55.0
ORD-103479,Continental,Main,Grilled Salmon,1,78.0,78.0
ORD-103479,Continental,Main,Grilled Chicken with Mash,1,52.0,52.0
ORD-103479,Continental,Side,French Fries,1,16.0,16.0
ORD-103479,Continental,Beverage,Chocolate Milkshake,1,22.0,22.0
ORD-103480,Arabic,Main,Mixed Grill,1,75.0,75.0
ORD-103480,Arabic,Main,Falafel Wrap,1,22.0,22.0
ORD-103480,Arabic,Starter,Mutabbal,1,22.0,22.0
ORD-103481,Continental,Main,Classic Beef Burger,1,48.0,48.0
ORD-103481,Continental,Starter,Chicken Wings,1,34.0,34.0
ORD-103481,Arabic,Beverage,Mint Lemonade,1,18.0,18.0
ORD-103482,Indian,Main,Palak Paneer,2,34.0,68.0
ORD-103482,Indian,Starter,Paneer Tikka,1,32.0,32.0
ORD-103482,Indian,Side,Jeera Rice,1,14.0,14.0
ORD-103482,Indian,Beverage,Mango Lassi,1,16.0,16.0
ORD-103483,Chinese,Main,Szechuan Beef,1,52.0,52.0
ORD-103483,Chinese,Main,Chicken Fried Rice,1,34.0,34.0
ORD-103484,Arabic,Main,Mixed Grill,1,75.0,75.0
ORD-103484,Arabic,Starter,Hummus,1,22.0,22.0
ORD-103485,Arabic,Main,Mixed Grill,1,75.0,75.0
ORD-103485,Arabic,Starter,Hummus,1,22.0,22.0
ORD-103485,Arabic,Beverage,Mint Lemonade,1,18.0,18.0
ORD-103486,Arabic,Main,Chicken Machboos,1,48.0,48.0
ORD-103486,Arabic,Main,Chicken Shawarma Plate,1,38.0,38.0
ORD-103486,Arabic,Starter,Hummus,1,22.0,22.0
ORD-103486,Arabic,Dessert,Umm Ali,1,26.0,26.0
ORD-103486,Arabic,Beverage,Mint Lemonade,2,18.0,36.0
ORD-103487,Chinese,Main,Szechuan Beef,1,52.0,52.0
ORD-103487,Chinese,Dessert,Mango Pudding,1,20.0,20.0
ORD-103487,Chinese,Beverage,Jasmine Tea,1,12.0,12.0
ORD-103488,Continental,Main,Fish and Chips,1,50.0,50.0
ORD-103488,Continental,Main,Grilled Chicken Burger,1,42.0,42.0
ORD-103488,Continental,Main,Classic Beef Burger,1,48.0,48.0
ORD-103488,Continental,Starter,Chicken Wings,1,34.0,34.0
ORD-103488,Continental,Beverage,Chocolate Milkshake,3,22.0,66.0
ORD-103489,Indian,Main,Butter Chicken,1,45.0,45.0
ORD-103489,Indian,Main,Dal Makhani,1,32.0,32.0
ORD-103489,Indian,Side,Garlic Naan,2,8.0,16.0
ORD-103489,Indian,Beverage,Mango Lassi,1,16.0,16.0
ORD-103490,Italian,Main,Margherita Pizza,1,45.0,45.0
ORD-103491,Chinese,Main,Kung Pao Chicken,1,44.0,44.0
ORD-103491,Chinese,Starter,Spring Rolls,1,22.0,22.0
ORD-103491,Chinese,Side,Steamed Rice,1,10.0,10.0
ORD-103492,Arabic,Main,Chicken Machboos,1,48.0,48.0
ORD-103492,Arabic,Side,Arabic Rice,1,12.0,12.0
ORD-103492,Chinese,Dessert,Mango Pudding,1,20.0,20.0
ORD-103492,Arabic,Beverage,Mint Lemonade,1,18.0,18.0
ORD-103493,Indian,Main,Butter Chicken,1,45.0,45.0
ORD-103493,Indian,Side,Garlic Naan,1,8.0,8.0
ORD-103493,Indian,Dessert,Gulab Jamun,1,18.0,18.0
ORD-103494,Italian,Main,Pepperoni Pizza,2,52.0,104.0
ORD-103494,Italian,Main,Beef Lasagna,1,55.0,55.0
ORD-103494,Italian,Main,Margherita Pizza,1,45.0,45.0
ORD-103494,Italian,Starter,Caesar Salad,1,32.0,32.0
ORD-103495,Indian,Main,Chicken Biryani,1,42.0,42.0
ORD-103495,Indian,Main,Dal Makhani,1,32.0,32.0
ORD-103495,Indian,Main,Butter Chicken,1,45.0,45.0
ORD-103496,Continental,Main,Classic Beef Burger,1,48.0,48.0
ORD-103496,Indian,Main,Butter Chicken,1,45.0,45.0
ORD-103496,Indian,Main,Chicken Biryani,1,42.0,42.0
ORD-103496,Continental,Starter,Chicken Wings,1,34.0,34.0
ORD-103496,Continental,Beverage,Chocolate Milkshake,1,22.0,22.0
ORD-103497,Continental,Main,Grilled Salmon,1,78.0,78.0
ORD-103497,Continental,Starter,Soup of the Day,1,22.0,22.0
ORD-103498,Continental,Main,Grilled Salmon,1,78.0,78.0
ORD-103498,Continental,Main,Fish and Chips,1,50.0,50.0
ORD-103498,Continental,Starter,Chicken Wings,1,34.0,34.0
ORD-103498,Continental,Side,French Fries,2,16.0,32.0
ORD-103499,Continental,Main,Classic Beef Burger,1,48.0,48.0
ORD-103499,Continental,Starter,Soup of the Day,1,22.0,22.0
ORD-103499,Continental,Dessert,Chocolate Brownie,1,24.0,24.0
ORD-103500,Italian,Main,Fettuccine Alfredo,1,48.0,48.0
ORD-103500,Indian,Main,Chicken Biryani,1,42.0,42.0
ORD-103500,Italian,Starter,Bruschetta,1,26.0,26.0
ORD-103500,Italian,Beverage,Italian Lemon Soda,2,18.0,36.0
ORD-103501,Italian,Main,Beef Lasagna,1,55.0,55.0
ORD-103501,Italian,Beverage,Italian Lemon Soda,1,18.0,18.0
ORD-103502,Indian,Main,Mutton Biryani,1,52.0,52.0
ORD-103502,Indian,Side,Garlic Naan,1,8.0,8.0
ORD-103503,Continental,Main,Grilled Chicken with Mash,1,52.0,52.0
ORD-103503,Continental,Starter,Chicken Wings,1,34.0,34.0
ORD-103503,Continental,Dessert,Chocolate Brownie,1,24.0,24.0
ORD-103504,Continental,Main,Grilled Chicken Burger,1,42.0,42.0
ORD-103504,Continental,Dessert,Chocolate Brownie,1,24.0,24.0
ORD-103505,Italian,Main,Pepperoni Pizza,1,52.0,52.0
ORD-103505,Italian,Main,Penne Arrabbiata,1,42.0,42.0
ORD-103505,Italian,Beverage,Italian Lemon Soda,2,18.0,36.0
ORD-103506,Italian,Main,Margherita Pizza,1,45.0,45.0
ORD-103507,Continental,Main,Grilled Chicken Burger,2,42.0,84.0
ORD-103508,Continental,Main,Grilled Salmon,1,78.0,78.0
ORD-103508,Continental,Main,Fish and Chips,1,50.0,50.0
ORD-103508,Continental,Side,French Fries,1,16.0,16.0
ORD-103508,Continental,Beverage,Chocolate Milkshake,2,22.0,44.0
ORD-103509,Arabic,Main,Mixed Grill,1,75.0,75.0
ORD-103509,Arabic,Main,Lamb Mandi,1,62.0,62.0
ORD-103510,Continental,Main,Grilled Salmon,1,78.0,78.0
ORD-103510,Continental,Beverage,Chocolate Milkshake,1,22.0,22.0
ORD-103511,Indian,Main,Butter Chicken,1,45.0,45.0
ORD-103511,Indian,Main,Mutton Biryani,1,52.0,52.0
ORD-103511,Indian,Side,Jeera Rice,2,14.0,28.0
ORD-103511,Indian,Dessert,Gulab Jamun,1,18.0,18.0
ORD-103512,Italian,Main,Penne Arrabbiata,1,42.0,42.0
ORD-103512,Italian,Main,Pepperoni Pizza,1,52.0,52.0
ORD-103512,Italian,Starter,Bruschetta,1,26.0,26.0
ORD-103513,Continental,Main,Fish and Chips,1,50.0,50.0
ORD-103513,Continental,Starter,Chicken Wings,1,34.0,34.0
ORD-103514,Italian,Main,Pepperoni Pizza,1,52.0,52.0
ORD-103514,Italian,Main,Beef Lasagna,1,55.0,55.0
ORD-103514,Italian,Beverage,Italian Lemon Soda,1,18.0,18.0
ORD-103515,Arabic,Main,Lamb Mandi,1,62.0,62.0
ORD-103515,Arabic,Main,Mixed Grill,2,75.0,150.0
ORD-103515,Arabic,Starter,Mutabbal,1,22.0,22.0
ORD-103515,Arabic,Beverage,Mint Lemonade,1,18.0,18.0
ORD-103516,Arabic,Main,Falafel Wrap,1,22.0,22.0
ORD-103516,Arabic,Main,Chicken Machboos,1,48.0,48.0
ORD-103516,Arabic,Starter,Fattoush,1,24.0,24.0
ORD-103516,Arabic,Side,Arabic Rice,2,12.0,24.0
ORD-103516,Arabic,Dessert,Kunafa,1,28.0,28.0
ORD-103517,Indian,Main,Chicken Biryani,1,42.0,42.0
ORD-103517,Indian,Starter,Chicken Tikka,1,36.0,36.0
ORD-103517,Indian,Side,Jeera Rice,1,14.0,14.0
ORD-103518,Continental,Main,Classic Beef Burger,1,48.0,48.0
ORD-103518,Continental,Main,Grilled Salmon,1,78.0,78.0
ORD-103518,Continental,Beverage,Chocolate Milkshake,2,22.0,44.0
ORD-103519,Chinese,Main,Szechuan Beef,1,52.0,52.0
ORD-103519,Chinese,Starter,Chicken Dim Sum,1,34.0,34.0
ORD-103519,Chinese,Beverage,Jasmine Tea,1,12.0,12.0
ORD-103520,Continental,Main,Classic Beef Burger,1,48.0,48.0
ORD-103520,Indian,Main,Palak Paneer,1,34.0,34.0
ORD-103520,Continental,Starter,Chicken Wings,1,34.0,34.0
ORD-103520,Continental,Dessert,Chocolate Brownie,1,24.0,24.0
ORD-103521,Italian,Main,Penne Arrabbiata,1,42.0,42.0
ORD-103521,Italian,Main,Margherita Pizza,1,45.0,45.0
ORD-103522,Italian,Main,Penne Arrabbiata,1,42.0,42.0
ORD-103522,Italian,Main,Margherita Pizza,1,45.0,45.0
ORD-103522,Italian,Starter,Bruschetta,1,26.0,26.0
ORD-103522,Italian,Dessert,Tiramisu,1,30.0,30.0
ORD-103522,Italian,Beverage,Italian Lemon Soda,1,18.0,18.0
ORD-103523,Indian,Main,Butter Chicken,1,45.0,45.0
ORD-103524,Italian,Main,Pepperoni Pizza,1,52.0,52.0
ORD-103524,Continental,Main,Fish and Chips,1,50.0,50.0
ORD-103524,Italian,Side,Garlic Bread,1,18.0,18.0
ORD-103525,Arabic,Main,Falafel Wrap,1,22.0,22.0
ORD-103526,Indian,Main,Butter Chicken,1,45.0,45.0
ORD-103526,Indian,Main,Mutton Biryani,1,52.0,52.0
ORD-103526,Indian,Side,Jeera Rice,1,14.0,14.0
ORD-103526,Indian,Beverage,Mango Lassi,1,16.0,16.0
ORD-103527,Indian,Main,Butter Chicken,1,45.0,45.0
ORD-103527,Indian,Side,Garlic Naan,1,8.0,8.0
ORD-103527,Indian,Beverage,Mango Lassi,1,16.0,16.0
ORD-103528,Italian,Main,Margherita Pizza,1,45.0,45.0
ORD-103528,Italian,Dessert,Tiramisu,1,30.0,30.0
ORD-103528,Italian,Beverage,Italian Lemon Soda,1,18.0,18.0
ORD-103529,Indian,Main,Palak Paneer,1,34.0,34.0
ORD-103529,Indian,Main,Chicken Biryani,1,42.0,42.0
ORD-103529,Indian,Starter,Chicken Tikka,1,36.0,36.0
ORD-103529,Indian,Side,Garlic Naan,1,8.0,8.0
ORD-103530,Indian,Main,Dal Makhani,2,32.0,64.0
ORD-103530,Indian,Side,Jeera Rice,2,14.0,28.0
ORD-103530,Indian,Beverage,Mango Lassi,2,16.0,32.0
ORD-103531,Continental,Main,Classic Beef Burger,2,48.0,96.0
ORD-103531,Continental,Main,Grilled Chicken with Mash,1,52.0,52.0
ORD-103531,Continental,Starter,Chicken Wings,1,34.0,34.0
ORD-103532,Indian,Main,Butter Chicken,1,45.0,45.0
ORD-103532,Indian,Starter,Paneer Tikka,1,32.0,32.0
ORD-103532,Indian,Dessert,Gulab Jamun,1,18.0,18.0
ORD-103533,Indian,Main,Butter Chicken,1,45.0,45.0
ORD-103533,Indian,Main,Dal Makhani,1,32.0,32.0
ORD-103533,Indian,Starter,Chicken Tikka,1,36.0,36.0
ORD-103533,Indian,Side,Jeera Rice,1,14.0,14.0
ORD-103533,Indian,Beverage,Mango Lassi,1,16.0,16.0
ORD-103534,Italian,Main,Margherita Pizza,1,45.0,45.0
ORD-103534,Italian,Beverage,Italian Lemon Soda,1,18.0,18.0
ORD-103535,Indian,Main,Chicken Biryani,1,42.0,42.0
ORD-103535,Indian,Side,Jeera Rice,1,14.0,14.0
ORD-103535,Indian,Dessert,Gulab Jamun,1,18.0,18.0
ORD-103536,Continental,Main,Fish and Chips,1,50.0,50.0
ORD-103536,Continental,Side,French Fries,1,16.0,16.0
ORD-103537,Continental,Main,Grilled Chicken Burger,1,42.0,42.0
ORD-103537,Continental,Starter,Soup of the Day,1,22.0,22.0
ORD-103537,Continental,Side,French Fries,1,16.0,16.0
ORD-103538,Chinese,Main,Chicken Fried Rice,1,34.0,34.0
ORD-103538,Chinese,Side,Steamed Rice,1,10.0,10.0
ORD-103538,Chinese,Beverage,Jasmine Tea,1,12.0,12.0
ORD-103539,Arabic,Main,Chicken Shawarma Plate,1,38.0,38.0
ORD-103539,Arabic,Main,Chicken Machboos,1,48.0,48.0
ORD-103540,Arabic,Main,Chicken Machboos,1,48.0,48.0
ORD-103540,Arabic,Starter,Fattoush,1,24.0,24.0
ORD-103540,Arabic,Beverage,Mint Lemonade,1,18.0,18.0
ORD-103541,Arabic,Main,Chicken Machboos,1,48.0,48.0
ORD-103541,Indian,Main,Chicken Biryani,1,42.0,42.0
ORD-103541,Arabic,Side,Arabic Rice,1,12.0,12.0
ORD-103542,Indian,Main,Chicken Biryani,1,42.0,42.0
ORD-103542,Indian,Main,Palak Paneer,2,34.0,68.0
ORD-103542,Indian,Starter,Chicken Tikka,1,36.0,36.0
ORD-103542,Indian,Side,Jeera Rice,3,14.0,42.0
ORD-103543,Continental,Main,Classic Beef Burger,2,48.0,96.0
ORD-103543,Continental,Starter,Soup of the Day,1,22.0,22.0
ORD-103543,Continental,Beverage,Chocolate Milkshake,1,22.0,22.0
ORD-103544,Italian,Main,Pepperoni Pizza,1,52.0,52.0
ORD-103544,Italian,Dessert,Tiramisu,1,30.0,30.0
ORD-103545,Chinese,Main,Veg Hakka Noodles,1,32.0,32.0
ORD-103545,Chinese,Main,Chicken Fried Rice,1,34.0,34.0
ORD-103545,Chinese,Starter,Chicken Dim Sum,1,34.0,34.0
ORD-103545,Chinese,Side,Steamed Rice,2,10.0,20.0
ORD-103545,Chinese,Beverage,Jasmine Tea,2,12.0,24.0
ORD-103546,Continental,Main,Classic Beef Burger,1,48.0,48.0
ORD-103546,Continental,Beverage,Chocolate Milkshake,1,22.0,22.0
ORD-103547,Indian,Main,Chicken Biryani,1,42.0,42.0
ORD-103547,Indian,Starter,Vegetable Samosa,1,16.0,16.0
ORD-103547,Indian,Side,Garlic Naan,1,8.0,8.0
ORD-103547,Indian,Beverage,Mango Lassi,1,16.0,16.0
ORD-103548,Italian,Main,Pepperoni Pizza,1,52.0,52.0
ORD-103548,Italian,Starter,Bruschetta,1,26.0,26.0
ORD-103548,Italian,Side,Garlic Bread,1,18.0,18.0
ORD-103548,Italian,Beverage,Italian Lemon Soda,1,18.0,18.0
ORD-103549,Chinese,Main,Szechuan Beef,1,52.0,52.0
ORD-103549,Chinese,Dessert,Mango Pudding,1,20.0,20.0
ORD-103550,Arabic,Main,Falafel Wrap,1,22.0,22.0
ORD-103550,Continental,Main,Fish and Chips,1,50.0,50.0
ORD-103550,Continental,Dessert,New York Cheesecake,1,28.0,28.0
ORD-103551,Indian,Main,Chicken Biryani,1,42.0,42.0
ORD-103551,Indian,Starter,Chicken Tikka,1,36.0,36.0
ORD-103551,Indian,Side,Garlic Naan,1,8.0,8.0
ORD-103551,Indian,Dessert,Gulab Jamun,1,18.0,18.0
ORD-103552,Arabic,Main,Mixed Grill,1,75.0,75.0
ORD-103552,Arabic,Main,Lamb Mandi,1,62.0,62.0
ORD-103552,Arabic,Starter,Hummus,1,22.0,22.0
ORD-103553,Arabic,Main,Mixed Grill,1,75.0,75.0
ORD-103553,Arabic,Starter,Fattoush,1,24.0,24.0
ORD-103553,Arabic,Dessert,Kunafa,1,28.0,28.0
ORD-103554,Chinese,Main,Szechuan Beef,1,52.0,52.0
ORD-103554,Chinese,Starter,Spring Rolls,1,22.0,22.0
ORD-103554,Chinese,Side,Steamed Rice,1,10.0,10.0
ORD-103554,Chinese,Dessert,Mango Pudding,1,20.0,20.0
ORD-103555,Italian,Main,Penne Arrabbiata,3,42.0,126.0
ORD-103555,Italian,Side,Garlic Bread,3,18.0,54.0
ORD-103555,Italian,Dessert,Tiramisu,1,30.0,30.0
ORD-103556,Italian,Main,Margherita Pizza,2,45.0,90.0
ORD-103556,Italian,Starter,Bruschetta,1,26.0,26.0
ORD-103557,Indian,Main,Mutton Biryani,1,52.0,52.0
ORD-103557,Indian,Starter,Paneer Tikka,1,32.0,32.0
ORD-103557,Indian,Side,Jeera Rice,1,14.0,14.0
ORD-103557,Indian,Dessert,Gulab Jamun,1,18.0,18.0
ORD-103558,Indian,Main,Chicken Biryani,1,42.0,42.0
ORD-103558,Indian,Starter,Paneer Tikka,1,32.0,32.0
ORD-103559,Italian,Main,Pepperoni Pizza,1,52.0,52.0
ORD-103559,Italian,Starter,Caesar Salad,1,32.0,32.0
ORD-103559,Italian,Dessert,Tiramisu,1,30.0,30.0
ORD-103560,Chinese,Main,Chicken Manchurian,1,38.0,38.0
ORD-103560,Chinese,Beverage,Jasmine Tea,1,12.0,12.0
ORD-103561,Chinese,Main,Chicken Manchurian,1,38.0,38.0
ORD-103561,Chinese,Main,Chicken Fried Rice,1,34.0,34.0
ORD-103561,Chinese,Side,Steamed Rice,1,10.0,10.0
ORD-103562,Continental,Main,Fish and Chips,1,50.0,50.0
ORD-103563,Continental,Main,Grilled Chicken Burger,1,42.0,42.0
ORD-103563,Continental,Side,French Fries,1,16.0,16.0
ORD-103564,Indian,Main,Chicken Biryani,1,42.0,42.0
ORD-103564,Indian,Side,Garlic Naan,1,8.0,8.0
ORD-103565,Italian,Main,Pepperoni Pizza,1,52.0,52.0
ORD-103565,Italian,Beverage,Italian Lemon Soda,1,18.0,18.0
ORD-103566,Continental,Main,Fish and Chips,1,50.0,50.0
ORD-103566,Continental,Main,Grilled Chicken with Mash,1,52.0,52.0
ORD-103567,Indian,Main,Chicken Biryani,1,42.0,42.0
ORD-103568,Indian,Main,Mutton Biryani,1,52.0,52.0
ORD-103568,Indian,Starter,Paneer Tikka,1,32.0,32.0
ORD-103568,Indian,Side,Jeera Rice,1,14.0,14.0
ORD-103569,Indian,Main,Dal Makhani,1,32.0,32.0
ORD-103569,Indian,Main,Chicken Biryani,1,42.0,42.0
ORD-103569,Indian,Main,Butter Chicken,1,45.0,45.0
ORD-103569,Indian,Side,Garlic Naan,1,8.0,8.0
ORD-103569,Indian,Beverage,Mango Lassi,3,16.0,48.0
ORD-103570,Indian,Main,Dal Makhani,1,32.0,32.0
ORD-103570,Indian,Main,Mutton Biryani,1,52.0,52.0
ORD-103570,Indian,Side,Garlic Naan,1,8.0,8.0
ORD-103571,Chinese,Main,Chicken Manchurian,1,38.0,38.0
ORD-103572,Chinese,Main,Chicken Fried Rice,1,34.0,34.0
ORD-103572,Chinese,Main,Veg Hakka Noodles,2,32.0,64.0
ORD-103572,Chinese,Main,Szechuan Beef,1,52.0,52.0
ORD-103572,Chinese,Starter,Hot and Sour Soup,1,24.0,24.0
ORD-103572,Chinese,Dessert,Mango Pudding,1,20.0,20.0
ORD-103573,Italian,Main,Beef Lasagna,1,55.0,55.0
ORD-103573,Italian,Beverage,Italian Lemon Soda,1,18.0,18.0
ORD-103574,Italian,Main,Margherita Pizza,1,45.0,45.0
ORD-103574,Italian,Side,Garlic Bread,1,18.0,18.0
ORD-103574,Italian,Beverage,Italian Lemon Soda,1,18.0,18.0
ORD-103575,Arabic,Main,Chicken Machboos,1,48.0,48.0
ORD-103575,Arabic,Side,Arabic Rice,1,12.0,12.0
ORD-103576,Indian,Main,Chicken Biryani,1,42.0,42.0
ORD-103576,Indian,Starter,Chicken Tikka,1,36.0,36.0
ORD-103576,Indian,Side,Garlic Naan,1,8.0,8.0
ORD-103576,Arabic,Dessert,Kunafa,1,28.0,28.0
ORD-103577,Arabic,Main,Chicken Shawarma Plate,1,38.0,38.0
ORD-103578,Chinese,Main,Chicken Fried Rice,1,34.0,34.0
ORD-103578,Chinese,Beverage,Jasmine Tea,1,12.0,12.0
ORD-103579,Indian,Main,Mutton Biryani,1,52.0,52.0
ORD-103579,Indian,Side,Garlic Naan,1,8.0,8.0
ORD-103580,Arabic,Main,Chicken Shawarma Plate,1,38.0,38.0
ORD-103580,Arabic,Beverage,Mint Lemonade,1,18.0,18.0
ORD-103581,Indian,Main,Mutton Biryani,1,52.0,52.0
ORD-103581,Indian,Side,Jeera Rice,1,14.0,14.0
ORD-103582,Indian,Main,Chicken Biryani,1,42.0,42.0
ORD-103582,Indian,Starter,Vegetable Samosa,1,16.0,16.0
ORD-103582,Indian,Side,Jeera Rice,1,14.0,14.0
ORD-103582,Indian,Dessert,Gulab Jamun,1,18.0,18.0
ORD-103582,Indian,Beverage,Mango Lassi,1,16.0,16.0
ORD-103583,Italian,Main,Margherita Pizza,1,45.0,45.0
ORD-103583,Italian,Main,Beef Lasagna,1,55.0,55.0
ORD-103583,Italian,Side,Garlic Bread,2,18.0,36.0
ORD-103583,Italian,Beverage,Italian Lemon Soda,1,18.0,18.0
ORD-103584,Indian,Main,Palak Paneer,2,34.0,68.0
ORD-103584,Indian,Main,Butter Chicken,1,45.0,45.0
ORD-103584,Indian,Side,Jeera Rice,3,14.0,42.0
ORD-103584,Indian,Beverage,Mango Lassi,2,16.0,32.0
ORD-103585,Italian,Main,Pepperoni Pizza,1,52.0,52.0
ORD-103585,Italian,Main,Fettuccine Alfredo,1,48.0,48.0
ORD-103585,Italian,Side,Garlic Bread,1,18.0,18.0
ORD-103585,Italian,Beverage,Italian Lemon Soda,2,18.0,36.0
ORD-103586,Arabic,Main,Chicken Machboos,1,48.0,48.0
ORD-103586,Continental,Main,Grilled Chicken Burger,1,42.0,42.0
ORD-103587,Arabic,Main,Lamb Mandi,1,62.0,62.0
ORD-103587,Arabic,Dessert,Umm Ali,1,26.0,26.0
ORD-103588,Chinese,Main,Chicken Manchurian,1,38.0,38.0
ORD-103588,Chinese,Main,Veg Hakka Noodles,1,32.0,32.0
ORD-103588,Chinese,Starter,Hot and Sour Soup,1,24.0,24.0
ORD-103589,Italian,Main,Pepperoni Pizza,1,52.0,52.0
ORD-103589,Italian,Side,Garlic Bread,1,18.0,18.0
ORD-103589,Italian,Beverage,Italian Lemon Soda,1,18.0,18.0
ORD-103590,Indian,Main,Mutton Biryani,1,52.0,52.0
ORD-103590,Indian,Side,Garlic Naan,1,8.0,8.0
ORD-103591,Italian,Main,Margherita Pizza,1,45.0,45.0
ORD-103591,Italian,Main,Pepperoni Pizza,1,52.0,52.0
ORD-103591,Italian,Starter,Caesar Salad,1,32.0,32.0
ORD-103592,Chinese,Main,Chicken Fried Rice,1,34.0,34.0
ORD-103592,Italian,Main,Margherita Pizza,1,45.0,45.0
ORD-103592,Italian,Starter,Caesar Salad,1,32.0,32.0
ORD-103593,Arabic,Main,Chicken Shawarma Plate,1,38.0,38.0
ORD-103593,Arabic,Main,Chicken Machboos,1,48.0,48.0
ORD-103594,Indian,Main,Chicken Biryani,1,42.0,42.0
ORD-103594,Arabic,Main,Lamb Mandi,1,62.0,62.0
ORD-103594,Arabic,Starter,Mutabbal,1,22.0,22.0
ORD-103594,Indian,Side,Jeera Rice,1,14.0,14.0
ORD-103595,Chinese,Main,Chicken Fried Rice,1,34.0,34.0
ORD-103595,Chinese,Main,Chicken Manchurian,1,38.0,38.0
ORD-103595,Chinese,Beverage,Jasmine Tea,1,12.0,12.0
ORD-103596,Indian,Main,Chicken Biryani,1,42.0,42.0
ORD-103596,Indian,Starter,Paneer Tikka,1,32.0,32.0
ORD-103597,Arabic,Main,Chicken Shawarma Plate,1,38.0,38.0
ORD-103598,Continental,Main,Classic Beef Burger,1,48.0,48.0
ORD-103598,Continental,Main,Grilled Salmon,1,78.0,78.0
ORD-103598,Continental,Main,Grilled Chicken Burger,1,42.0,42.0
ORD-103598,Continental,Dessert,Chocolate Brownie,1,24.0,24.0
ORD-103598,Continental,Beverage,Chocolate Milkshake,3,22.0,66.0
ORD-103599,Italian,Main,Fettuccine Alfredo,1,48.0,48.0
ORD-103599,Indian,Main,Chicken Biryani,1,42.0,42.0
ORD-103599,Italian,Main,Pepperoni Pizza,1,52.0,52.0
ORD-103599,Indian,Starter,Vegetable Samosa,1,16.0,16.0
ORD-103599,Italian,Beverage,Italian Lemon Soda,2,18.0,36.0
ORD-103600,Indian,Main,Butter Chicken,1,45.0,45.0
ORD-103600,Indian,Side,Garlic Naan,1,8.0,8.0
ORD-103600,Indian,Beverage,Mango Lassi,1,16.0,16.0
ORD-103601,Continental,Main,Classic Beef Burger,1,48.0,48.0
ORD-103601,Continental,Starter,Chicken Wings,1,34.0,34.0
ORD-103601,Continental,Side,French Fries,1,16.0,16.0
ORD-103602,Italian,Main,Margherita Pizza,1,45.0,45.0
ORD-103602,Italian,Main,Beef Lasagna,1,55.0,55.0
ORD-103602,Italian,Starter,Bruschetta,1,26.0,26.0
ORD-103602,Italian,Side,Garlic Bread,1,18.0,18.0
ORD-103602,Italian,Beverage,Italian Lemon Soda,2,18.0,36.0
ORD-103603,Italian,Main,Margherita Pizza,1,45.0,45.0
ORD-103603,Italian,Starter,Bruschetta,1,26.0,26.0
ORD-103603,Italian,Beverage,Italian Lemon Soda,1,18.0,18.0
ORD-103604,Indian,Main,Palak Paneer,1,34.0,34.0
ORD-103604,Indian,Side,Garlic Naan,1,8.0,8.0
ORD-103604,Indian,Beverage,Mango Lassi,1,16.0,16.0
ORD-103605,Continental,Main,Grilled Chicken with Mash,1,52.0,52.0
ORD-103605,Continental,Side,French Fries,1,16.0,16.0
ORD-103606,Arabic,Main,Lamb Mandi,1,62.0,62.0
ORD-103606,Arabic,Starter,Hummus,1,22.0,22.0
ORD-103606,Arabic,Dessert,Kunafa,1,28.0,28.0
ORD-103607,Arabic,Main,Chicken Shawarma Plate,1,38.0,38.0
ORD-103607,Arabic,Main,Chicken Machboos,1,48.0,48.0
ORD-103607,Arabic,Beverage,Mint Lemonade,2,18.0,36.0
ORD-103608,Continental,Main,Grilled Chicken Burger,1,42.0,42.0
ORD-103608,Continental,Beverage,Chocolate Milkshake,1,22.0,22.0
ORD-103609,Arabic,Main,Chicken Shawarma Plate,1,38.0,38.0
ORD-103609,Arabic,Side,Arabic Rice,1,12.0,12.0
ORD-103609,Arabic,Beverage,Mint Lemonade,1,18.0,18.0
ORD-103610,Italian,Main,Penne Arrabbiata,1,42.0,42.0
ORD-103611,Arabic,Main,Chicken Shawarma Plate,1,38.0,38.0
ORD-103611,Arabic,Main,Falafel Wrap,1,22.0,22.0
ORD-103612,Italian,Main,Beef Lasagna,1,55.0,55.0
ORD-103612,Italian,Main,Penne Arrabbiata,1,42.0,42.0
ORD-103612,Italian,Starter,Bruschetta,1,26.0,26.0
ORD-103612,Italian,Beverage,Italian Lemon Soda,2,18.0,36.0
ORD-103613,Chinese,Main,Chicken Manchurian,2,38.0,76.0
ORD-103613,Chinese,Side,Steamed Rice,2,10.0,20.0
ORD-103614,Italian,Main,Penne Arrabbiata,1,42.0,42.0
ORD-103614,Chinese,Main,Kung Pao Chicken,1,44.0,44.0
ORD-103614,Italian,Side,Garlic Bread,2,18.0,36.0
ORD-103614,Italian,Dessert,Tiramisu,1,30.0,30.0
ORD-103615,Italian,Main,Fettuccine Alfredo,1,48.0,48.0
ORD-103615,Italian,Side,Garlic Bread,1,18.0,18.0
ORD-103615,Italian,Dessert,Tiramisu,1,30.0,30.0
ORD-103615,Italian,Beverage,Italian Lemon Soda,1,18.0,18.0
ORD-103616,Continental,Main,Classic Beef Burger,2,48.0,96.0
ORD-103616,Continental,Starter,Chicken Wings,1,34.0,34.0
ORD-103616,Continental,Beverage,Chocolate Milkshake,2,22.0,44.0
ORD-103617,Arabic,Main,Chicken Machboos,1,48.0,48.0
ORD-103617,Indian,Main,Palak Paneer,1,34.0,34.0
ORD-103617,Arabic,Dessert,Kunafa,1,28.0,28.0
ORD-103617,Arabic,Beverage,Mint Lemonade,1,18.0,18.0
ORD-103618,Chinese,Main,Chicken Manchurian,1,38.0,38.0
ORD-103618,Chinese,Main,Szechuan Beef,1,52.0,52.0
ORD-103618,Chinese,Main,Chicken Fried Rice,1,34.0,34.0
ORD-103619,Italian,Main,Penne Arrabbiata,1,42.0,42.0
ORD-103619,Italian,Starter,Caesar Salad,1,32.0,32.0
ORD-103619,Italian,Beverage,Italian Lemon Soda,1,18.0,18.0
ORD-103620,Chinese,Main,Chicken Fried Rice,1,34.0,34.0
ORD-103620,Chinese,Main,Chicken Manchurian,1,38.0,38.0
ORD-103620,Chinese,Starter,Spring Rolls,1,22.0,22.0
ORD-103621,Arabic,Main,Chicken Shawarma Plate,1,38.0,38.0
ORD-103621,Continental,Main,Fish and Chips,1,50.0,50.0
ORD-103621,Continental,Starter,Soup of the Day,1,22.0,22.0
ORD-103621,Arabic,Beverage,Mint Lemonade,1,18.0,18.0
ORD-103622,Arabic,Main,Mixed Grill,1,75.0,75.0
ORD-103622,Arabic,Starter,Fattoush,1,24.0,24.0
ORD-103622,Arabic,Side,Arabic Rice,1,12.0,12.0
ORD-103623,Italian,Main,Fettuccine Alfredo,1,48.0,48.0
ORD-103623,Italian,Main,Pepperoni Pizza,1,52.0,52.0
ORD-103624,Indian,Main,Mutton Biryani,1,52.0,52.0
ORD-103624,Indian,Side,Garlic Naan,1,8.0,8.0
ORD-103625,Arabic,Main,Chicken Shawarma Plate,2,38.0,76.0
ORD-103625,Arabic,Main,Lamb Mandi,1,62.0,62.0
ORD-103625,Arabic,Dessert,Kunafa,1,28.0,28.0
ORD-103626,Arabic,Main,Falafel Wrap,1,22.0,22.0
ORD-103627,Arabic,Main,Chicken Shawarma Plate,1,38.0,38.0
ORD-103627,Arabic,Beverage,Mint Lemonade,1,18.0,18.0
ORD-103628,Indian,Main,Chicken Biryani,1,42.0,42.0
ORD-103628,Indian,Main,Dal Makhani,1,32.0,32.0
ORD-103628,Indian,Starter,Chicken Tikka,1,36.0,36.0
ORD-103629,Continental,Main,Grilled Chicken Burger,1,42.0,42.0
ORD-103629,Continental,Starter,Chicken Wings,1,34.0,34.0
ORD-103629,Continental,Beverage,Chocolate Milkshake,1,22.0,22.0
ORD-103630,Indian,Main,Chicken Biryani,1,42.0,42.0
ORD-103630,Indian,Side,Garlic Naan,1,8.0,8.0
ORD-103630,Indian,Dessert,Gulab Jamun,1,18.0,18.0
ORD-103631,Arabic,Main,Mixed Grill,1,75.0,75.0
ORD-103632,Indian,Main,Dal Makhani,1,32.0,32.0
ORD-103632,Indian,Side,Garlic Naan,1,8.0,8.0
ORD-103632,Indian,Beverage,Mango Lassi,1,16.0,16.0
ORD-103633,Indian,Main,Dal Makhani,1,32.0,32.0
ORD-103633,Indian,Main,Butter Chicken,1,45.0,45.0
ORD-103633,Indian,Side,Jeera Rice,1,14.0,14.0
ORD-103634,Indian,Main,Butter Chicken,1,45.0,45.0
ORD-103634,Indian,Starter,Vegetable Samosa,1,16.0,16.0
ORD-103634,Indian,Side,Garlic Naan,1,8.0,8.0
ORD-103635,Arabic,Main,Lamb Mandi,1,62.0,62.0
ORD-103635,Arabic,Main,Mixed Grill,1,75.0,75.0
ORD-103635,Arabic,Main,Chicken Shawarma Plate,1,38.0,38.0
ORD-103635,Arabic,Starter,Fattoush,1,24.0,24.0
ORD-103636,Indian,Main,Butter Chicken,1,45.0,45.0
ORD-103636,Indian,Main,Mutton Biryani,1,52.0,52.0
ORD-103636,Indian,Main,Chicken Biryani,1,42.0,42.0
ORD-103636,Indian,Side,Garlic Naan,1,8.0,8.0
ORD-103636,Indian,Dessert,Gulab Jamun,1,18.0,18.0
ORD-103637,Italian,Main,Penne Arrabbiata,1,42.0,42.0
ORD-103637,Italian,Main,Pepperoni Pizza,1,52.0,52.0
ORD-103637,Continental,Main,Fish and Chips,1,50.0,50.0
ORD-103637,Continental,Starter,Chicken Wings,1,34.0,34.0
ORD-103637,Continental,Beverage,Chocolate Milkshake,3,22.0,66.0
ORD-103638,Indian,Main,Palak Paneer,1,34.0,34.0
ORD-103638,Indian,Main,Butter Chicken,1,45.0,45.0
ORD-103638,Indian,Starter,Paneer Tikka,1,32.0,32.0
ORD-103638,Indian,Side,Jeera Rice,2,14.0,28.0
ORD-103638,Indian,Dessert,Gulab Jamun,1,18.0,18.0
ORD-103639,Indian,Main,Dal Makhani,1,32.0,32.0
ORD-103639,Indian,Starter,Vegetable Samosa,1,16.0,16.0
ORD-103639,Indian,Side,Garlic Naan,1,8.0,8.0
ORD-103639,Indian,Beverage,Mango Lassi,1,16.0,16.0
ORD-103640,Arabic,Main,Mixed Grill,1,75.0,75.0
ORD-103640,Arabic,Dessert,Kunafa,1,28.0,28.0
ORD-103641,Arabic,Main,Lamb Mandi,1,62.0,62.0
ORD-103641,Arabic,Main,Chicken Machboos,1,48.0,48.0
ORD-103641,Arabic,Starter,Hummus,1,22.0,22.0
ORD-103642,Italian,Main,Pepperoni Pizza,2,52.0,104.0
ORD-103642,Italian,Starter,Caesar Salad,1,32.0,32.0
ORD-103643,Arabic,Main,Chicken Shawarma Plate,1,38.0,38.0
ORD-103644,Chinese,Main,Szechuan Beef,1,52.0,52.0
ORD-103644,Chinese,Starter,Spring Rolls,1,22.0,22.0
ORD-103645,Chinese,Main,Chicken Manchurian,1,38.0,38.0
ORD-103645,Arabic,Main,Mixed Grill,1,75.0,75.0
ORD-103645,Chinese,Beverage,Jasmine Tea,2,12.0,24.0
ORD-103646,Arabic,Main,Falafel Wrap,1,22.0,22.0
ORD-103646,Arabic,Main,Chicken Shawarma Plate,1,38.0,38.0
ORD-103646,Arabic,Beverage,Mint Lemonade,1,18.0,18.0
ORD-103647,Arabic,Main,Lamb Mandi,1,62.0,62.0
ORD-103647,Arabic,Beverage,Mint Lemonade,1,18.0,18.0
ORD-103648,Indian,Main,Dal Makhani,1,32.0,32.0
ORD-103648,Indian,Main,Mutton Biryani,1,52.0,52.0
ORD-103648,Indian,Starter,Paneer Tikka,1,32.0,32.0
ORD-103649,Italian,Main,Pepperoni Pizza,1,52.0,52.0
ORD-103649,Italian,Side,Garlic Bread,1,18.0,18.0
ORD-103649,Italian,Beverage,Italian Lemon Soda,1,18.0,18.0
ORD-103650,Arabic,Main,Mixed Grill,1,75.0,75.0
ORD-103651,Arabic,Main,Lamb Mandi,2,62.0,124.0
ORD-103651,Arabic,Starter,Hummus,1,22.0,22.0
ORD-103651,Arabic,Side,Arabic Rice,2,12.0,24.0
ORD-103652,Continental,Main,Fish and Chips,1,50.0,50.0
ORD-103652,Continental,Main,Grilled Chicken Burger,1,42.0,42.0
ORD-103652,Continental,Starter,Soup of the Day,1,22.0,22.0
ORD-103652,Continental,Dessert,New York Cheesecake,1,28.0,28.0
ORD-103653,Arabic,Main,Falafel Wrap,3,22.0,66.0
ORD-103653,Arabic,Side,Arabic Rice,3,12.0,36.0
ORD-103653,Arabic,Dessert,Kunafa,1,28.0,28.0
ORD-103653,Arabic,Beverage,Mint Lemonade,3,18.0,54.0
ORD-103654,Arabic,Main,Chicken Machboos,1,48.0,48.0
ORD-103654,Arabic,Side,Arabic Rice,1,12.0,12.0
ORD-103654,Arabic,Beverage,Mint Lemonade,1,18.0,18.0
ORD-103655,Continental,Main,Grilled Salmon,1,78.0,78.0
ORD-103655,Arabic,Main,Chicken Machboos,1,48.0,48.0
ORD-103655,Continental,Side,French Fries,1,16.0,16.0
ORD-103656,Italian,Main,Beef Lasagna,1,55.0,55.0
ORD-103656,Italian,Starter,Caesar Salad,1,32.0,32.0
ORD-103657,Indian,Main,Mutton Biryani,1,52.0,52.0
ORD-103657,Chinese,Main,Chicken Fried Rice,1,34.0,34.0
ORD-103657,Indian,Side,Garlic Naan,1,8.0,8.0
ORD-103657,Indian,Beverage,Mango Lassi,1,16.0,16.0
ORD-103658,Arabic,Main,Falafel Wrap,2,22.0,44.0
ORD-103658,Arabic,Main,Lamb Mandi,1,62.0,62.0
ORD-103658,Arabic,Dessert,Kunafa,1,28.0,28.0
ORD-103659,Arabic,Main,Chicken Machboos,1,48.0,48.0
ORD-103659,Arabic,Side,Arabic Rice,1,12.0,12.0
ORD-103659,Arabic,Beverage,Mint Lemonade,1,18.0,18.0
ORD-103660,Indian,Main,Chicken Biryani,1,42.0,42.0
ORD-103660,Indian,Starter,Vegetable Samosa,1,16.0,16.0
ORD-103660,Indian,Side,Jeera Rice,1,14.0,14.0
ORD-103661,Indian,Main,Mutton Biryani,2,52.0,104.0
ORD-103661,Indian,Side,Jeera Rice,1,14.0,14.0
ORD-103661,Indian,Dessert,Gulab Jamun,1,18.0,18.0
ORD-103662,Arabic,Main,Mixed Grill,1,75.0,75.0
ORD-103663,Continental,Main,Classic Beef Burger,1,48.0,48.0
ORD-103663,Continental,Main,Fish and Chips,2,50.0,100.0
ORD-103663,Continental,Starter,Chicken Wings,1,34.0,34.0
ORD-103663,Continental,Dessert,Chocolate Brownie,1,24.0,24.0
ORD-103663,Continental,Beverage,Chocolate Milkshake,3,22.0,66.0
ORD-103664,Indian,Main,Chicken Biryani,1,42.0,42.0
ORD-103664,Indian,Main,Dal Makhani,1,32.0,32.0
ORD-103664,Indian,Main,Butter Chicken,1,45.0,45.0
ORD-103664,Indian,Side,Jeera Rice,3,14.0,42.0
ORD-103664,Indian,Beverage,Mango Lassi,3,16.0,48.0
ORD-103665,Chinese,Main,Szechuan Beef,1,52.0,52.0
ORD-103665,Chinese,Dessert,Mango Pudding,1,20.0,20.0
ORD-103666,Indian,Main,Butter Chicken,1,45.0,45.0
ORD-103666,Indian,Starter,Paneer Tikka,1,32.0,32.0
ORD-103666,Indian,Side,Jeera Rice,1,14.0,14.0
ORD-103667,Indian,Main,Chicken Biryani,1,42.0,42.0
ORD-103667,Indian,Starter,Chicken Tikka,1,36.0,36.0
ORD-103667,Indian,Side,Jeera Rice,1,14.0,14.0
ORD-103667,Indian,Beverage,Mango Lassi,1,16.0,16.0
ORD-103668,Continental,Main,Fish and Chips,1,50.0,50.0
ORD-103668,Continental,Starter,Chicken Wings,1,34.0,34.0
ORD-103669,Chinese,Main,Kung Pao Chicken,1,44.0,44.0
ORD-103669,Chinese,Beverage,Jasmine Tea,1,12.0,12.0
ORD-103670,Continental,Main,Classic Beef Burger,1,48.0,48.0
ORD-103670,Arabic,Starter,Hummus,1,22.0,22.0
ORD-103670,Continental,Beverage,Chocolate Milkshake,1,22.0,22.0
ORD-103671,Continental,Main,Grilled Chicken Burger,1,42.0,42.0
ORD-103671,Continental,Beverage,Chocolate Milkshake,1,22.0,22.0
ORD-103672,Arabic,Main,Chicken Shawarma Plate,1,38.0,38.0
ORD-103672,Arabic,Side,Arabic Rice,1,12.0,12.0
ORD-103673,Chinese,Main,Chicken Fried Rice,1,34.0,34.0
ORD-103673,Chinese,Starter,Hot and Sour Soup,1,24.0,24.0
ORD-103673,Chinese,Beverage,Jasmine Tea,1,12.0,12.0
ORD-103674,Continental,Main,Grilled Chicken with Mash,1,52.0,52.0
ORD-103674,Indian,Main,Chicken Biryani,1,42.0,42.0
ORD-103674,Indian,Dessert,Gulab Jamun,1,18.0,18.0
ORD-103674,Continental,Beverage,Chocolate Milkshake,1,22.0,22.0
ORD-103675,Italian,Main,Pepperoni Pizza,1,52.0,52.0
ORD-103675,Indian,Beverage,Mango Lassi,1,16.0,16.0
ORD-103676,Chinese,Main,Chicken Fried Rice,1,34.0,34.0
ORD-103676,Chinese,Main,Chicken Manchurian,1,38.0,38.0
ORD-103676,Chinese,Starter,Spring Rolls,1,22.0,22.0
ORD-103676,Chinese,Beverage,Jasmine Tea,2,12.0,24.0
ORD-103677,Arabic,Main,Falafel Wrap,1,22.0,22.0
ORD-103677,Arabic,Main,Chicken Shawarma Plate,1,38.0,38.0
ORD-103677,Arabic,Beverage,Mint Lemonade,1,18.0,18.0
ORD-103678,Indian,Main,Butter Chicken,1,45.0,45.0
ORD-103678,Indian,Main,Mutton Biryani,1,52.0,52.0
ORD-103678,Indian,Starter,Paneer Tikka,1,32.0,32.0
ORD-103678,Indian,Side,Jeera Rice,1,14.0,14.0
ORD-103679,Continental,Main,Grilled Chicken with Mash,1,52.0,52.0
ORD-103679,Continental,Dessert,Chocolate Brownie,1,24.0,24.0
ORD-103679,Continental,Beverage,Chocolate Milkshake,1,22.0,22.0
ORD-103680,Indian,Main,Butter Chicken,1,45.0,45.0
ORD-103680,Indian,Main,Dal Makhani,1,32.0,32.0
ORD-103680,Continental,Starter,Soup of the Day,1,22.0,22.0
ORD-103680,Indian,Side,Garlic Naan,1,8.0,8.0
ORD-103681,Arabic,Main,Chicken Machboos,1,48.0,48.0
ORD-103682,Arabic,Main,Lamb Mandi,1,62.0,62.0
ORD-103682,Arabic,Starter,Hummus,1,22.0,22.0
ORD-103683,Arabic,Main,Chicken Shawarma Plate,1,38.0,38.0
ORD-103683,Arabic,Starter,Fattoush,1,24.0,24.0
ORD-103683,Arabic,Dessert,Kunafa,1,28.0,28.0
ORD-103684,Indian,Main,Palak Paneer,1,34.0,34.0
ORD-103684,Arabic,Starter,Hummus,1,22.0,22.0
ORD-103684,Indian,Side,Garlic Naan,1,8.0,8.0
ORD-103685,Continental,Main,Fish and Chips,1,50.0,50.0
ORD-103685,Continental,Main,Classic Beef Burger,1,48.0,48.0
ORD-103685,Continental,Side,French Fries,1,16.0,16.0
ORD-103686,Italian,Main,Penne Arrabbiata,1,42.0,42.0
ORD-103686,Chinese,Main,Chicken Fried Rice,1,34.0,34.0
ORD-103687,Arabic,Main,Lamb Mandi,1,62.0,62.0
ORD-103687,Arabic,Side,Arabic Rice,1,12.0,12.0
ORD-103688,Continental,Main,Fish and Chips,1,50.0,50.0
ORD-103688,Continental,Main,Classic Beef Burger,1,48.0,48.0
ORD-103688,Chinese,Main,Chicken Fried Rice,1,34.0,34.0
ORD-103689,Arabic,Main,Lamb Mandi,1,62.0,62.0
ORD-103690,Arabic,Main,Chicken Machboos,1,48.0,48.0
ORD-103690,Arabic,Side,Arabic Rice,1,12.0,12.0
ORD-103690,Indian,Beverage,Mango Lassi,1,16.0,16.0
ORD-103691,Indian,Main,Chicken Biryani,1,42.0,42.0
ORD-103691,Indian,Side,Garlic Naan,1,8.0,8.0
ORD-103691,Indian,Dessert,Gulab Jamun,1,18.0,18.0
ORD-103691,Indian,Beverage,Mango Lassi,1,16.0,16.0
ORD-103692,Continental,Main,Classic Beef Burger,1,48.0,48.0
ORD-103692,Continental,Main,Grilled Chicken Burger,1,42.0,42.0
ORD-103692,Continental,Starter,Soup of the Day,1,22.0,22.0
ORD-103692,Continental,Dessert,New York Cheesecake,1,28.0,28.0
ORD-103692,Continental,Beverage,Chocolate Milkshake,2,22.0,44.0
ORD-103693,Arabic,Main,Lamb Mandi,1,62.0,62.0
ORD-103693,Arabic,Main,Chicken Shawarma Plate,2,38.0,76.0
ORD-103693,Arabic,Side,Arabic Rice,1,12.0,12.0
ORD-103693,Arabic,Dessert,Umm Ali,1,26.0,26.0
ORD-103694,Indian,Main,Chicken Biryani,1,42.0,42.0
ORD-103694,Indian,Main,Mutton Biryani,1,52.0,52.0
ORD-103694,Indian,Starter,Chicken Tikka,1,36.0,36.0
ORD-103694,Indian,Side,Garlic Naan,2,8.0,16.0
ORD-103695,Indian,Main,Dal Makhani,1,32.0,32.0
ORD-103695,Indian,Main,Chicken Biryani,1,42.0,42.0
ORD-103695,Indian,Beverage,Mango Lassi,1,16.0,16.0
ORD-103696,Arabic,Main,Falafel Wrap,1,22.0,22.0
ORD-103696,Chinese,Main,Chicken Manchurian,1,38.0,38.0
ORD-103696,Arabic,Starter,Hummus,1,22.0,22.0
ORD-103696,Arabic,Side,Arabic Rice,1,12.0,12.0
ORD-103696,Arabic,Beverage,Mint Lemonade,1,18.0,18.0
ORD-103697,Arabic,Main,Chicken Machboos,2,48.0,96.0
ORD-103697,Arabic,Side,Arabic Rice,1,12.0,12.0
ORD-103697,Arabic,Beverage,Mint Lemonade,2,18.0,36.0
ORD-103698,Arabic,Main,Lamb Mandi,1,62.0,62.0
ORD-103698,Arabic,Main,Mixed Grill,1,75.0,75.0
ORD-103698,Arabic,Starter,Hummus,1,22.0,22.0
ORD-103699,Continental,Main,Fish and Chips,1,50.0,50.0
ORD-103699,Continental,Starter,Chicken Wings,1,34.0,34.0
ORD-103699,Continental,Dessert,Chocolate Brownie,1,24.0,24.0
ORD-103699,Continental,Beverage,Chocolate Milkshake,1,22.0,22.0
ORD-103700,Indian,Main,Palak Paneer,1,34.0,34.0
ORD-103700,Indian,Side,Garlic Naan,1,8.0,8.0
ORD-103700,Indian,Dessert,Gulab Jamun,1,18.0,18.0
ORD-103700,Indian,Beverage,Mango Lassi,1,16.0,16.0
ORD-103701,Indian,Main,Palak Paneer,1,34.0,34.0
ORD-103701,Indian,Side,Garlic Naan,1,8.0,8.0
ORD-103701,Indian,Beverage,Mango Lassi,1,16.0,16.0
ORD-103702,Continental,Main,Classic Beef Burger,1,48.0,48.0
ORD-103702,Chinese,Starter,Spring Rolls,1,22.0,22.0
ORD-103703,Continental,Main,Grilled Chicken Burger,1,42.0,42.0
ORD-103703,Arabic,Main,Chicken Shawarma Plate,1,38.0,38.0
ORD-103704,Chinese,Main,Szechuan Beef,1,52.0,52.0
ORD-103704,Chinese,Side,Steamed Rice,1,10.0,10.0
ORD-103705,Italian,Main,Beef Lasagna,1,55.0,55.0
ORD-103705,Italian,Starter,Bruschetta,1,26.0,26.0
ORD-103706,Italian,Main,Margherita Pizza,1,45.0,45.0
ORD-103706,Italian,Starter,Caesar Salad,1,32.0,32.0
ORD-103706,Italian,Side,Garlic Bread,1,18.0,18.0
ORD-103707,Indian,Main,Palak Paneer,1,34.0,34.0
ORD-103707,Indian,Dessert,Gulab Jamun,1,18.0,18.0
ORD-103708,Italian,Main,Beef Lasagna,2,55.0,110.0
ORD-103708,Chinese,Main,Veg Hakka Noodles,1,32.0,32.0
ORD-103709,Indian,Main,Chicken Biryani,1,42.0,42.0
ORD-103709,Indian,Starter,Vegetable Samosa,1,16.0,16.0
ORD-103709,Indian,Side,Jeera Rice,1,14.0,14.0
ORD-103710,Continental,Main,Fish and Chips,1,50.0,50.0
ORD-103710,Continental,Main,Grilled Chicken with Mash,1,52.0,52.0
ORD-103711,Continental,Main,Grilled Chicken with Mash,1,52.0,52.0
ORD-103711,Continental,Starter,Soup of the Day,1,22.0,22.0
ORD-103711,Continental,Beverage,Chocolate Milkshake,1,22.0,22.0
ORD-103712,Chinese,Main,Chicken Fried Rice,1,34.0,34.0
ORD-103712,Chinese,Beverage,Jasmine Tea,1,12.0,12.0
ORD-103713,Continental,Main,Grilled Salmon,1,78.0,78.0
ORD-103713,Continental,Main,Fish and Chips,1,50.0,50.0
ORD-103714,Indian,Main,Chicken Biryani,1,42.0,42.0
ORD-103714,Indian,Starter,Paneer Tikka,1,32.0,32.0
ORD-103715,Indian,Main,Chicken Biryani,1,42.0,42.0
ORD-103715,Indian,Main,Dal Makhani,1,32.0,32.0
ORD-103715,Indian,Beverage,Mango Lassi,2,16.0,32.0
ORD-103716,Continental,Main,Grilled Salmon,1,78.0,78.0
ORD-103716,Continental,Starter,Soup of the Day,1,22.0,22.0
ORD-103716,Continental,Side,French Fries,1,16.0,16.0
ORD-103716,Continental,Dessert,New York Cheesecake,1,28.0,28.0
ORD-103717,Continental,Main,Grilled Salmon,1,78.0,78.0
ORD-103717,Continental,Starter,Soup of the Day,1,22.0,22.0
ORD-103717,Continental,Beverage,Chocolate Milkshake,1,22.0,22.0
ORD-103718,Arabic,Main,Lamb Mandi,2,62.0,124.0
ORD-103718,Arabic,Starter,Hummus,1,22.0,22.0
ORD-103718,Arabic,Dessert,Kunafa,1,28.0,28.0
ORD-103719,Arabic,Main,Chicken Shawarma Plate,1,38.0,38.0
ORD-103719,Arabic,Main,Falafel Wrap,1,22.0,22.0
ORD-103720,Chinese,Main,Kung Pao Chicken,1,44.0,44.0
ORD-103720,Chinese,Main,Veg Hakka Noodles,1,32.0,32.0
ORD-103720,Chinese,Starter,Spring Rolls,1,22.0,22.0
ORD-103721,Indian,Main,Mutton Biryani,1,52.0,52.0
ORD-103721,Italian,Starter,Bruschetta,1,26.0,26.0
ORD-103721,Indian,Side,Garlic Naan,1,8.0,8.0
ORD-103722,Continental,Main,Grilled Salmon,1,78.0,78.0
ORD-103722,Continental,Dessert,New York Cheesecake,1,28.0,28.0
ORD-103723,Arabic,Main,Chicken Shawarma Plate,1,38.0,38.0
ORD-103723,Arabic,Dessert,Kunafa,1,28.0,28.0
ORD-103724,Italian,Main,Pepperoni Pizza,1,52.0,52.0
ORD-103724,Italian,Main,Margherita Pizza,1,45.0,45.0
ORD-103725,Indian,Main,Dal Makhani,1,32.0,32.0
ORD-103725,Indian,Side,Garlic Naan,1,8.0,8.0
ORD-103726,Indian,Main,Palak Paneer,1,34.0,34.0
ORD-103726,Indian,Main,Chicken Biryani,2,42.0,84.0
ORD-103727,Arabic,Main,Mixed Grill,1,75.0,75.0
ORD-103727,Arabic,Side,Arabic Rice,1,12.0,12.0
ORD-103728,Italian,Main,Margherita Pizza,1,45.0,45.0
ORD-103728,Italian,Main,Fettuccine Alfredo,1,48.0,48.0
ORD-103728,Italian,Dessert,Tiramisu,1,30.0,30.0
ORD-103728,Italian,Beverage,Italian Lemon Soda,1,18.0,18.0
ORD-103729,Indian,Main,Dal Makhani,1,32.0,32.0
ORD-103729,Indian,Side,Jeera Rice,1,14.0,14.0
ORD-103729,Indian,Beverage,Mango Lassi,1,16.0,16.0
ORD-103730,Indian,Main,Chicken Biryani,1,42.0,42.0
ORD-103730,Indian,Starter,Vegetable Samosa,1,16.0,16.0
ORD-103730,Indian,Side,Jeera Rice,1,14.0,14.0
ORD-103730,Arabic,Dessert,Kunafa,1,28.0,28.0
ORD-103730,Indian,Beverage,Mango Lassi,1,16.0,16.0
ORD-103731,Arabic,Main,Mixed Grill,1,75.0,75.0
ORD-103731,Arabic,Dessert,Kunafa,1,28.0,28.0
ORD-103732,Italian,Main,Pepperoni Pizza,3,52.0,156.0
ORD-103732,Italian,Main,Margherita Pizza,1,45.0,45.0
ORD-103732,Italian,Side,Garlic Bread,1,18.0,18.0
ORD-103732,Italian,Dessert,Tiramisu,1,30.0,30.0
ORD-103733,Italian,Main,Penne Arrabbiata,1,42.0,42.0
ORD-103733,Italian,Dessert,Tiramisu,1,30.0,30.0
ORD-103734,Continental,Main,Fish and Chips,1,50.0,50.0
ORD-103734,Continental,Main,Grilled Chicken Burger,1,42.0,42.0
ORD-103734,Continental,Main,Grilled Salmon,1,78.0,78.0
ORD-103734,Continental,Starter,Chicken Wings,1,34.0,34.0
ORD-103735,Continental,Main,Grilled Chicken with Mash,1,52.0,52.0
ORD-103735,Continental,Starter,Soup of the Day,1,22.0,22.0
ORD-103736,Indian,Main,Mutton Biryani,1,52.0,52.0
ORD-103736,Indian,Main,Butter Chicken,2,45.0,90.0
ORD-103736,Indian,Dessert,Gulab Jamun,1,18.0,18.0
ORD-103736,Indian,Beverage,Mango Lassi,1,16.0,16.0
ORD-103737,Indian,Main,Chicken Biryani,2,42.0,84.0
ORD-103737,Indian,Main,Butter Chicken,1,45.0,45.0
ORD-103737,Indian,Side,Jeera Rice,3,14.0,42.0
ORD-103738,Continental,Main,Grilled Salmon,1,78.0,78.0
ORD-103738,Continental,Main,Grilled Chicken Burger,1,42.0,42.0
ORD-103738,Continental,Main,Grilled Chicken with Mash,1,52.0,52.0
ORD-103738,Continental,Main,Fish and Chips,1,50.0,50.0
ORD-103739,Arabic,Main,Mixed Grill,1,75.0,75.0
ORD-103739,Arabic,Main,Falafel Wrap,1,22.0,22.0
ORD-103739,Arabic,Starter,Hummus,1,22.0,22.0
ORD-103739,Arabic,Beverage,Mint Lemonade,1,18.0,18.0
ORD-103740,Indian,Main,Chicken Biryani,1,42.0,42.0
ORD-103740,Indian,Side,Garlic Naan,1,8.0,8.0
ORD-103740,Chinese,Beverage,Jasmine Tea,1,12.0,12.0
ORD-103741,Indian,Main,Butter Chicken,1,45.0,45.0
ORD-103741,Indian,Main,Mutton Biryani,1,52.0,52.0
ORD-103741,Indian,Side,Garlic Naan,1,8.0,8.0
ORD-103741,Indian,Beverage,Mango Lassi,1,16.0,16.0
ORD-103742,Indian,Main,Mutton Biryani,1,52.0,52.0
ORD-103742,Indian,Side,Garlic Naan,1,8.0,8.0
ORD-103743,Continental,Main,Grilled Chicken Burger,1,42.0,42.0
ORD-103743,Continental,Starter,Soup of the Day,1,22.0,22.0
ORD-103744,Continental,Main,Grilled Chicken Burger,1,42.0,42.0
ORD-103744,Continental,Side,French Fries,1,16.0,16.0
ORD-103745,Indian,Main,Chicken Biryani,1,42.0,42.0
ORD-103745,Indian,Side,Garlic Naan,1,8.0,8.0
ORD-103745,Indian,Beverage,Mango Lassi,1,16.0,16.0
ORD-103746,Italian,Main,Fettuccine Alfredo,1,48.0,48.0
ORD-103746,Italian,Side,Garlic Bread,1,18.0,18.0
ORD-103747,Chinese,Main,Chicken Manchurian,1,38.0,38.0
ORD-103747,Chinese,Beverage,Jasmine Tea,1,12.0,12.0
ORD-103748,Chinese,Main,Chicken Manchurian,1,38.0,38.0
ORD-103748,Chinese,Beverage,Jasmine Tea,1,12.0,12.0
ORD-103749,Chinese,Main,Chicken Fried Rice,1,34.0,34.0
ORD-103749,Chinese,Main,Chicken Manchurian,1,38.0,38.0
ORD-103749,Chinese,Starter,Chicken Dim Sum,1,34.0,34.0
ORD-103750,Indian,Main,Dal Makhani,1,32.0,32.0
ORD-103750,Indian,Main,Butter Chicken,1,45.0,45.0
ORD-103750,Indian,Starter,Chicken Tikka,1,36.0,36.0
ORD-103750,Indian,Side,Jeera Rice,2,14.0,28.0
ORD-103750,Indian,Dessert,Gulab Jamun,1,18.0,18.0
ORD-103751,Indian,Main,Butter Chicken,1,45.0,45.0
ORD-103751,Indian,Starter,Paneer Tikka,1,32.0,32.0
ORD-103751,Indian,Side,Garlic Naan,1,8.0,8.0
ORD-103751,Indian,Dessert,Gulab Jamun,1,18.0,18.0
ORD-103751,Indian,Beverage,Mango Lassi,1,16.0,16.0
ORD-103752,Indian,Main,Dal Makhani,1,32.0,32.0
ORD-103752,Indian,Main,Butter Chicken,1,45.0,45.0
ORD-103752,Arabic,Main,Chicken Shawarma Plate,1,38.0,38.0
ORD-103752,Indian,Side,Garlic Naan,2,8.0,16.0
ORD-103752,Arabic,Beverage,Mint Lemonade,2,18.0,36.0
ORD-103753,Indian,Main,Mutton Biryani,1,52.0,52.0
ORD-103753,Indian,Side,Jeera Rice,1,14.0,14.0
ORD-103753,Indian,Dessert,Gulab Jamun,1,18.0,18.0
ORD-103754,Continental,Main,Grilled Chicken Burger,1,42.0,42.0
ORD-103754,Continental,Main,Grilled Chicken with Mash,1,52.0,52.0
ORD-103754,Continental,Side,French Fries,1,16.0,16.0
ORD-103754,Continental,Beverage,Chocolate Milkshake,2,22.0,44.0
ORD-103755,Indian,Main,Mutton Biryani,1,52.0,52.0
ORD-103755,Indian,Main,Palak Paneer,1,34.0,34.0
ORD-103755,Indian,Starter,Chicken Tikka,1,36.0,36.0
ORD-103755,Indian,Side,Garlic Naan,2,8.0,16.0
ORD-103756,Arabic,Main,Mixed Grill,1,75.0,75.0
ORD-103756,Arabic,Main,Falafel Wrap,1,22.0,22.0
ORD-103756,Arabic,Starter,Hummus,1,22.0,22.0
ORD-103756,Arabic,Beverage,Mint Lemonade,1,18.0,18.0
ORD-103757,Continental,Main,Classic Beef Burger,1,48.0,48.0
ORD-103757,Continental,Starter,Chicken Wings,1,34.0,34.0
ORD-103757,Continental,Side,French Fries,1,16.0,16.0
ORD-103757,Continental,Dessert,New York Cheesecake,1,28.0,28.0
ORD-103758,Chinese,Main,Chicken Fried Rice,1,34.0,34.0
ORD-103758,Chinese,Main,Chicken Manchurian,1,38.0,38.0
ORD-103759,Chinese,Main,Chicken Fried Rice,1,34.0,34.0
ORD-103759,Chinese,Starter,Spring Rolls,1,22.0,22.0
ORD-103759,Chinese,Dessert,Mango Pudding,1,20.0,20.0
ORD-103760,Italian,Main,Beef Lasagna,1,55.0,55.0
ORD-103761,Italian,Main,Pepperoni Pizza,1,52.0,52.0
ORD-103761,Italian,Starter,Caesar Salad,1,32.0,32.0
ORD-103761,Italian,Side,Garlic Bread,1,18.0,18.0
ORD-103761,Arabic,Dessert,Kunafa,1,28.0,28.0
ORD-103761,Italian,Beverage,Italian Lemon Soda,1,18.0,18.0
ORD-103762,Continental,Main,Grilled Chicken with Mash,1,52.0,52.0
ORD-103763,Continental,Main,Classic Beef Burger,1,48.0,48.0
ORD-103763,Continental,Main,Grilled Salmon,1,78.0,78.0
ORD-103764,Chinese,Main,Chicken Manchurian,1,38.0,38.0
ORD-103764,Chinese,Starter,Hot and Sour Soup,1,24.0,24.0
ORD-103765,Chinese,Main,Veg Hakka Noodles,1,32.0,32.0
ORD-103765,Chinese,Side,Steamed Rice,1,10.0,10.0
ORD-103766,Italian,Main,Penne Arrabbiata,1,42.0,42.0
ORD-103766,Italian,Beverage,Italian Lemon Soda,1,18.0,18.0
ORD-103767,Arabic,Main,Chicken Shawarma Plate,1,38.0,38.0
ORD-103767,Arabic,Starter,Fattoush,1,24.0,24.0
ORD-103768,Arabic,Main,Falafel Wrap,1,22.0,22.0
ORD-103768,Arabic,Main,Lamb Mandi,1,62.0,62.0
ORD-103768,Arabic,Side,Arabic Rice,2,12.0,24.0
ORD-103769,Italian,Main,Margherita Pizza,1,45.0,45.0
ORD-103769,Italian,Starter,Bruschetta,1,26.0,26.0
ORD-103770,Continental,Main,Grilled Salmon,1,78.0,78.0
ORD-103770,Indian,Dessert,Gulab Jamun,1,18.0,18.0
ORD-103770,Continental,Beverage,Chocolate Milkshake,1,22.0,22.0
ORD-103771,Arabic,Main,Lamb Mandi,1,62.0,62.0
ORD-103771,Arabic,Side,Arabic Rice,1,12.0,12.0
ORD-103772,Continental,Main,Grilled Chicken with Mash,1,52.0,52.0
ORD-103772,Continental,Main,Fish and Chips,1,50.0,50.0
ORD-103773,Continental,Main,Grilled Salmon,1,78.0,78.0
ORD-103773,Continental,Side,French Fries,1,16.0,16.0
ORD-103774,Continental,Main,Classic Beef Burger,1,48.0,48.0
ORD-103774,Continental,Main,Grilled Chicken with Mash,1,52.0,52.0
ORD-103774,Continental,Starter,Soup of the Day,1,22.0,22.0
ORD-103774,Continental,Beverage,Chocolate Milkshake,2,22.0,44.0
ORD-103775,Chinese,Main,Chicken Manchurian,2,38.0,76.0
ORD-103775,Chinese,Main,Chicken Fried Rice,1,34.0,34.0
ORD-103775,Chinese,Beverage,Jasmine Tea,2,12.0,24.0
ORD-103776,Arabic,Main,Mixed Grill,1,75.0,75.0
ORD-103776,Arabic,Beverage,Mint Lemonade,1,18.0,18.0
ORD-103777,Arabic,Main,Chicken Machboos,1,48.0,48.0
ORD-103777,Indian,Starter,Paneer Tikka,1,32.0,32.0
ORD-103778,Indian,Main,Palak Paneer,1,34.0,34.0
ORD-103778,Indian,Main,Butter Chicken,1,45.0,45.0
ORD-103778,Indian,Main,Mutton Biryani,1,52.0,52.0
ORD-103778,Indian,Side,Jeera Rice,1,14.0,14.0
ORD-103778,Indian,Beverage,Mango Lassi,1,16.0,16.0
ORD-103779,Indian,Main,Dal Makhani,1,32.0,32.0
ORD-103779,Indian,Main,Butter Chicken,1,45.0,45.0
ORD-103780,Italian,Main,Pepperoni Pizza,1,52.0,52.0
ORD-103780,Italian,Main,Penne Arrabbiata,1,42.0,42.0
ORD-103781,Italian,Main,Beef Lasagna,1,55.0,55.0
ORD-103781,Arabic,Starter,Fattoush,1,24.0,24.0
ORD-103781,Italian,Beverage,Italian Lemon Soda,1,18.0,18.0
ORD-103782,Italian,Main,Fettuccine Alfredo,1,48.0,48.0
ORD-103782,Italian,Main,Beef Lasagna,1,55.0,55.0
ORD-103782,Italian,Main,Margherita Pizza,1,45.0,45.0
ORD-103782,Italian,Beverage,Italian Lemon Soda,2,18.0,36.0
ORD-103783,Arabic,Main,Chicken Shawarma Plate,1,38.0,38.0
ORD-103783,Arabic,Starter,Hummus,1,22.0,22.0
ORD-103783,Arabic,Beverage,Mint Lemonade,1,18.0,18.0
ORD-103784,Continental,Main,Classic Beef Burger,1,48.0,48.0
ORD-103784,Continental,Starter,Chicken Wings,1,34.0,34.0
ORD-103784,Continental,Side,French Fries,1,16.0,16.0
ORD-103785,Arabic,Main,Chicken Machboos,1,48.0,48.0
ORD-103785,Arabic,Starter,Fattoush,1,24.0,24.0
ORD-103785,Arabic,Beverage,Mint Lemonade,1,18.0,18.0
ORD-103786,Arabic,Main,Mixed Grill,1,75.0,75.0
ORD-103786,Arabic,Starter,Fattoush,1,24.0,24.0
ORD-103786,Arabic,Side,Arabic Rice,1,12.0,12.0
ORD-103786,Arabic,Beverage,Mint Lemonade,1,18.0,18.0
ORD-103787,Indian,Main,Mutton Biryani,1,52.0,52.0
ORD-103787,Indian,Beverage,Mango Lassi,1,16.0,16.0
ORD-103788,Arabic,Main,Mixed Grill,1,75.0,75.0
ORD-103788,Arabic,Main,Falafel Wrap,1,22.0,22.0
ORD-103788,Arabic,Starter,Mutabbal,1,22.0,22.0
ORD-103788,Arabic,Side,Arabic Rice,2,12.0,24.0
ORD-103789,Italian,Main,Beef Lasagna,1,55.0,55.0
ORD-103789,Italian,Starter,Bruschetta,1,26.0,26.0
ORD-103789,Italian,Beverage,Italian Lemon Soda,1,18.0,18.0
ORD-103790,Continental,Main,Classic Beef Burger,1,48.0,48.0
ORD-103790,Continental,Main,Grilled Salmon,1,78.0,78.0
ORD-103790,Continental,Starter,Chicken Wings,1,34.0,34.0
ORD-103790,Continental,Beverage,Chocolate Milkshake,1,22.0,22.0
ORD-103791,Arabic,Main,Lamb Mandi,1,62.0,62.0
ORD-103791,Arabic,Dessert,Umm Ali,1,26.0,26.0
ORD-103791,Arabic,Beverage,Mint Lemonade,1,18.0,18.0
ORD-103792,Italian,Main,Beef Lasagna,1,55.0,55.0
ORD-103792,Italian,Starter,Caesar Salad,1,32.0,32.0
ORD-103793,Continental,Main,Grilled Salmon,1,78.0,78.0
ORD-103793,Continental,Starter,Chicken Wings,1,34.0,34.0
ORD-103794,Chinese,Main,Chicken Fried Rice,1,34.0,34.0
ORD-103795,Chinese,Main,Veg Hakka Noodles,1,32.0,32.0
ORD-103795,Chinese,Side,Steamed Rice,1,10.0,10.0
ORD-103795,Chinese,Dessert,Mango Pudding,1,20.0,20.0
ORD-103796,Arabic,Main,Chicken Shawarma Plate,1,38.0,38.0
ORD-103796,Arabic,Main,Mixed Grill,1,75.0,75.0
ORD-103797,Italian,Main,Beef Lasagna,1,55.0,55.0
ORD-103797,Italian,Main,Pepperoni Pizza,1,52.0,52.0
ORD-103797,Italian,Main,Margherita Pizza,1,45.0,45.0
ORD-103797,Italian,Starter,Caesar Salad,1,32.0,32.0
ORD-103797,Italian,Side,Garlic Bread,1,18.0,18.0
ORD-103798,Italian,Main,Fettuccine Alfredo,1,48.0,48.0
ORD-103798,Italian,Starter,Bruschetta,1,26.0,26.0
ORD-103799,Arabic,Main,Lamb Mandi,2,62.0,124.0
ORD-103799,Arabic,Starter,Mutabbal,1,22.0,22.0
ORD-103800,Italian,Main,Pepperoni Pizza,1,52.0,52.0
ORD-103800,Italian,Starter,Caesar Salad,1,32.0,32.0
ORD-103800,Italian,Side,Garlic Bread,1,18.0,18.0
ORD-103800,Italian,Dessert,Tiramisu,1,30.0,30.0
ORD-103801,Continental,Main,Classic Beef Burger,1,48.0,48.0
ORD-103801,Continental,Main,Grilled Chicken Burger,1,42.0,42.0
ORD-103801,Continental,Beverage,Chocolate Milkshake,2,22.0,44.0
ORD-103802,Arabic,Main,Lamb Mandi,1,62.0,62.0
ORD-103802,Arabic,Side,Arabic Rice,1,12.0,12.0
ORD-103803,Italian,Main,Beef Lasagna,1,55.0,55.0
ORD-103803,Italian,Main,Penne Arrabbiata,1,42.0,42.0
ORD-103803,Italian,Main,Pepperoni Pizza,1,52.0,52.0
ORD-103803,Italian,Side,Garlic Bread,1,18.0,18.0
ORD-103803,Italian,Dessert,Tiramisu,1,30.0,30.0
ORD-103804,Italian,Main,Pepperoni Pizza,1,52.0,52.0
ORD-103804,Italian,Starter,Caesar Salad,1,32.0,32.0
ORD-103805,Indian,Main,Chicken Biryani,1,42.0,42.0
ORD-103805,Indian,Starter,Paneer Tikka,1,32.0,32.0
ORD-103805,Indian,Side,Jeera Rice,1,14.0,14.0
ORD-103806,Continental,Main,Fish and Chips,1,50.0,50.0
ORD-103807,Indian,Main,Butter Chicken,1,45.0,45.0
ORD-103807,Indian,Main,Dal Makhani,1,32.0,32.0
ORD-103807,Indian,Side,Jeera Rice,1,14.0,14.0
ORD-103807,Indian,Beverage,Mango Lassi,1,16.0,16.0
ORD-103808,Chinese,Main,Chicken Manchurian,1,38.0,38.0
ORD-103808,Chinese,Main,Kung Pao Chicken,1,44.0,44.0
ORD-103808,Chinese,Side,Steamed Rice,2,10.0,20.0
ORD-103808,Chinese,Dessert,Mango Pudding,1,20.0,20.0
ORD-103808,Chinese,Beverage,Jasmine Tea,2,12.0,24.0
ORD-103809,Indian,Main,Chicken Biryani,1,42.0,42.0
ORD-103809,Indian,Main,Palak Paneer,1,34.0,34.0
ORD-103809,Indian,Side,Garlic Naan,2,8.0,16.0
ORD-103809,Indian,Beverage,Mango Lassi,2,16.0,32.0
ORD-103810,Continental,Main,Fish and Chips,1,50.0,50.0
ORD-103811,Chinese,Main,Chicken Fried Rice,3,34.0,102.0
ORD-103812,Indian,Main,Dal Makhani,1,32.0,32.0
ORD-103812,Indian,Starter,Paneer Tikka,1,32.0,32.0
ORD-103812,Indian,Side,Garlic Naan,1,8.0,8.0
ORD-103812,Indian,Dessert,Gulab Jamun,1,18.0,18.0
ORD-103812,Indian,Beverage,Mango Lassi,1,16.0,16.0
ORD-103813,Chinese,Main,Szechuan Beef,1,52.0,52.0
ORD-103813,Chinese,Main,Chicken Manchurian,1,38.0,38.0
ORD-103813,Chinese,Starter,Hot and Sour Soup,1,24.0,24.0
ORD-103813,Chinese,Dessert,Mango Pudding,1,20.0,20.0
ORD-103814,Italian,Main,Pepperoni Pizza,1,52.0,52.0
ORD-103814,Italian,Starter,Caesar Salad,1,32.0,32.0
ORD-103814,Italian,Side,Garlic Bread,1,18.0,18.0
ORD-103814,Italian,Beverage,Italian Lemon Soda,1,18.0,18.0
ORD-103815,Indian,Main,Chicken Biryani,1,42.0,42.0
ORD-103815,Indian,Side,Jeera Rice,1,14.0,14.0
ORD-103816,Chinese,Main,Chicken Fried Rice,1,34.0,34.0
ORD-103816,Italian,Starter,Bruschetta,1,26.0,26.0
ORD-103817,Continental,Main,Grilled Salmon,1,78.0,78.0
ORD-103817,Continental,Main,Fish and Chips,1,50.0,50.0
ORD-103817,Continental,Starter,Chicken Wings,1,34.0,34.0
ORD-103817,Continental,Beverage,Chocolate Milkshake,2,22.0,44.0
ORD-103818,Chinese,Main,Chicken Manchurian,1,38.0,38.0
ORD-103818,Chinese,Main,Kung Pao Chicken,1,44.0,44.0
ORD-103818,Italian,Starter,Caesar Salad,1,32.0,32.0
ORD-103819,Italian,Main,Margherita Pizza,1,45.0,45.0
ORD-103819,Italian,Main,Penne Arrabbiata,1,42.0,42.0
ORD-103819,Italian,Beverage,Italian Lemon Soda,1,18.0,18.0
ORD-103820,Indian,Main,Palak Paneer,1,34.0,34.0
ORD-103820,Indian,Main,Chicken Biryani,1,42.0,42.0
ORD-103820,Indian,Starter,Chicken Tikka,1,36.0,36.0
ORD-103820,Indian,Side,Garlic Naan,1,8.0,8.0
ORD-103820,Indian,Dessert,Gulab Jamun,1,18.0,18.0
ORD-103821,Italian,Main,Beef Lasagna,1,55.0,55.0
ORD-103821,Italian,Dessert,Tiramisu,1,30.0,30.0
ORD-103822,Italian,Main,Margherita Pizza,1,45.0,45.0
ORD-103823,Continental,Main,Classic Beef Burger,1,48.0,48.0
ORD-103823,Chinese,Main,Chicken Fried Rice,1,34.0,34.0
ORD-103823,Continental,Beverage,Chocolate Milkshake,2,22.0,44.0
ORD-103824,Continental,Main,Grilled Salmon,1,78.0,78.0
ORD-103824,Continental,Beverage,Chocolate Milkshake,1,22.0,22.0
ORD-103825,Indian,Main,Butter Chicken,1,45.0,45.0
ORD-103825,Indian,Main,Dal Makhani,1,32.0,32.0
ORD-103825,Indian,Side,Garlic Naan,1,8.0,8.0
ORD-103826,Continental,Main,Fish and Chips,1,50.0,50.0
ORD-103826,Continental,Main,Grilled Chicken Burger,2,42.0,84.0
ORD-103826,Continental,Side,French Fries,3,16.0,48.0
ORD-103827,Arabic,Main,Lamb Mandi,1,62.0,62.0
ORD-103828,Arabic,Main,Falafel Wrap,1,22.0,22.0
ORD-103828,Arabic,Main,Chicken Machboos,1,48.0,48.0
ORD-103828,Arabic,Main,Chicken Shawarma Plate,1,38.0,38.0
ORD-103828,Arabic,Main,Lamb Mandi,1,62.0,62.0
ORD-103828,Arabic,Starter,Hummus,1,22.0,22.0
ORD-103828,Arabic,Beverage,Mint Lemonade,2,18.0,36.0
ORD-103829,Chinese,Main,Veg Hakka Noodles,1,32.0,32.0
ORD-103829,Chinese,Dessert,Mango Pudding,1,20.0,20.0
ORD-103830,Italian,Main,Margherita Pizza,1,45.0,45.0
ORD-103830,Italian,Main,Beef Lasagna,1,55.0,55.0
ORD-103830,Italian,Side,Garlic Bread,1,18.0,18.0
ORD-103830,Italian,Dessert,Tiramisu,1,30.0,30.0
ORD-103830,Italian,Beverage,Italian Lemon Soda,1,18.0,18.0
ORD-103831,Continental,Main,Classic Beef Burger,1,48.0,48.0
ORD-103831,Continental,Beverage,Chocolate Milkshake,1,22.0,22.0
ORD-103832,Arabic,Main,Mixed Grill,1,75.0,75.0
ORD-103832,Arabic,Main,Chicken Shawarma Plate,1,38.0,38.0
ORD-103832,Continental,Starter,Chicken Wings,1,34.0,34.0
ORD-103832,Arabic,Side,Arabic Rice,2,12.0,24.0
ORD-103832,Arabic,Beverage,Mint Lemonade,2,18.0,36.0
ORD-103833,Chinese,Main,Chicken Manchurian,1,38.0,38.0
ORD-103833,Chinese,Main,Szechuan Beef,1,52.0,52.0
ORD-103834,Italian,Main,Fettuccine Alfredo,1,48.0,48.0
ORD-103834,Italian,Starter,Caesar Salad,1,32.0,32.0
ORD-103835,Italian,Main,Penne Arrabbiata,1,42.0,42.0
ORD-103835,Italian,Starter,Caesar Salad,1,32.0,32.0
ORD-103835,Italian,Side,Garlic Bread,1,18.0,18.0
ORD-103836,Chinese,Main,Chicken Fried Rice,1,34.0,34.0
ORD-103836,Continental,Main,Classic Beef Burger,1,48.0,48.0
ORD-103836,Continental,Beverage,Chocolate Milkshake,1,22.0,22.0
ORD-103837,Italian,Main,Margherita Pizza,1,45.0,45.0
ORD-103837,Italian,Starter,Bruschetta,1,26.0,26.0
ORD-103837,Italian,Side,Garlic Bread,1,18.0,18.0
ORD-103837,Italian,Beverage,Italian Lemon Soda,1,18.0,18.0
ORD-103838,Italian,Main,Margherita Pizza,1,45.0,45.0
ORD-103839,Italian,Main,Fettuccine Alfredo,2,48.0,96.0
ORD-103839,Italian,Main,Margherita Pizza,1,45.0,45.0
ORD-103839,Italian,Beverage,Italian Lemon Soda,1,18.0,18.0
ORD-103840,Arabic,Main,Falafel Wrap,1,22.0,22.0
ORD-103840,Arabic,Beverage,Mint Lemonade,1,18.0,18.0
ORD-103841,Continental,Main,Fish and Chips,1,50.0,50.0
ORD-103841,Continental,Side,French Fries,1,16.0,16.0
ORD-103841,Continental,Beverage,Chocolate Milkshake,1,22.0,22.0
ORD-103842,Continental,Main,Fish and Chips,1,50.0,50.0
ORD-103842,Continental,Starter,Chicken Wings,1,34.0,34.0
ORD-103843,Indian,Main,Mutton Biryani,1,52.0,52.0
ORD-103843,Indian,Starter,Vegetable Samosa,1,16.0,16.0
ORD-103843,Indian,Side,Jeera Rice,1,14.0,14.0
ORD-103844,Arabic,Main,Chicken Machboos,1,48.0,48.0
ORD-103844,Arabic,Dessert,Kunafa,1,28.0,28.0
ORD-103845,Indian,Main,Dal Makhani,1,32.0,32.0
ORD-103845,Indian,Main,Butter Chicken,1,45.0,45.0
ORD-103845,Indian,Dessert,Gulab Jamun,1,18.0,18.0
ORD-103846,Italian,Main,Pepperoni Pizza,1,52.0,52.0
ORD-103846,Italian,Starter,Caesar Salad,1,32.0,32.0
ORD-103846,Italian,Beverage,Italian Lemon Soda,1,18.0,18.0
ORD-103847,Chinese,Main,Chicken Fried Rice,1,34.0,34.0
ORD-103847,Chinese,Beverage,Jasmine Tea,1,12.0,12.0
ORD-103848,Indian,Main,Dal Makhani,1,32.0,32.0
ORD-103848,Indian,Starter,Chicken Tikka,1,36.0,36.0
ORD-103848,Indian,Side,Jeera Rice,1,14.0,14.0
ORD-103848,Indian,Dessert,Gulab Jamun,1,18.0,18.0
ORD-103848,Indian,Beverage,Mango Lassi,1,16.0,16.0
ORD-103849,Arabic,Main,Chicken Machboos,1,48.0,48.0
ORD-103849,Arabic,Main,Mixed Grill,1,75.0,75.0
ORD-103849,Arabic,Starter,Hummus,1,22.0,22.0
ORD-103849,Arabic,Beverage,Mint Lemonade,2,18.0,36.0
ORD-103850,Italian,Main,Fettuccine Alfredo,1,48.0,48.0
ORD-103851,Arabic,Main,Chicken Machboos,1,48.0,48.0
ORD-103851,Arabic,Main,Falafel Wrap,1,22.0,22.0
ORD-103851,Arabic,Main,Chicken Shawarma Plate,1,38.0,38.0
ORD-103852,Arabic,Main,Chicken Shawarma Plate,1,38.0,38.0
ORD-103852,Arabic,Starter,Fattoush,1,24.0,24.0
ORD-103852,Arabic,Beverage,Mint Lemonade,1,18.0,18.0
ORD-103853,Arabic,Main,Chicken Shawarma Plate,1,38.0,38.0
ORD-103853,Arabic,Side,Arabic Rice,1,12.0,12.0
ORD-103853,Arabic,Beverage,Mint Lemonade,1,18.0,18.0
ORD-103854,Italian,Main,Margherita Pizza,1,45.0,45.0
ORD-103854,Italian,Starter,Bruschetta,1,26.0,26.0
ORD-103854,Italian,Beverage,Italian Lemon Soda,1,18.0,18.0
ORD-103855,Indian,Main,Palak Paneer,1,34.0,34.0
ORD-103855,Indian,Side,Garlic Naan,1,8.0,8.0
ORD-103856,Italian,Main,Penne Arrabbiata,1,42.0,42.0
ORD-103857,Arabic,Main,Lamb Mandi,1,62.0,62.0
ORD-103857,Arabic,Starter,Fattoush,1,24.0,24.0
ORD-103857,Arabic,Beverage,Mint Lemonade,1,18.0,18.0
ORD-103858,Continental,Main,Grilled Chicken with Mash,1,52.0,52.0
ORD-103858,Continental,Main,Classic Beef Burger,1,48.0,48.0
ORD-103859,Indian,Main,Butter Chicken,1,45.0,45.0
ORD-103859,Indian,Starter,Chicken Tikka,1,36.0,36.0
ORD-103859,Indian,Side,Garlic Naan,1,8.0,8.0
ORD-103860,Chinese,Main,Szechuan Beef,1,52.0,52.0
ORD-103861,Arabic,Main,Falafel Wrap,1,22.0,22.0
ORD-103861,Arabic,Main,Chicken Machboos,1,48.0,48.0
ORD-103861,Arabic,Starter,Mutabbal,1,22.0,22.0
ORD-103861,Arabic,Side,Arabic Rice,2,12.0,24.0
ORD-103862,Italian,Main,Beef Lasagna,1,55.0,55.0
ORD-103862,Italian,Side,Garlic Bread,1,18.0,18.0
ORD-103862,Italian,Dessert,Tiramisu,1,30.0,30.0
ORD-103862,Italian,Beverage,Italian Lemon Soda,1,18.0,18.0
ORD-103863,Italian,Main,Margherita Pizza,1,45.0,45.0
ORD-103863,Italian,Main,Fettuccine Alfredo,1,48.0,48.0
ORD-103863,Italian,Dessert,Tiramisu,1,30.0,30.0
ORD-103863,Italian,Beverage,Italian Lemon Soda,2,18.0,36.0
ORD-103864,Continental,Main,Fish and Chips,2,50.0,100.0
ORD-103864,Continental,Starter,Chicken Wings,1,34.0,34.0
ORD-103865,Continental,Main,Grilled Chicken with Mash,1,52.0,52.0
ORD-103865,Continental,Beverage,Chocolate Milkshake,1,22.0,22.0
ORD-103866,Italian,Main,Margherita Pizza,1,45.0,45.0
ORD-103866,Italian,Starter,Bruschetta,1,26.0,26.0
ORD-103866,Italian,Dessert,Tiramisu,1,30.0,30.0
ORD-103867,Italian,Main,Margherita Pizza,1,45.0,45.0
ORD-103867,Italian,Starter,Bruschetta,1,26.0,26.0
ORD-103868,Arabic,Main,Falafel Wrap,1,22.0,22.0
ORD-103868,Arabic,Starter,Mutabbal,1,22.0,22.0
ORD-103868,Arabic,Beverage,Mint Lemonade,1,18.0,18.0
ORD-103869,Continental,Main,Grilled Salmon,1,78.0,78.0
ORD-103869,Continental,Side,French Fries,1,16.0,16.0
ORD-103869,Continental,Beverage,Chocolate Milkshake,1,22.0,22.0
ORD-103870,Arabic,Main,Lamb Mandi,1,62.0,62.0
ORD-103870,Arabic,Starter,Fattoush,1,24.0,24.0
ORD-103870,Arabic,Dessert,Kunafa,1,28.0,28.0
ORD-103870,Arabic,Beverage,Mint Lemonade,1,18.0,18.0
ORD-103871,Arabic,Main,Lamb Mandi,2,62.0,124.0
ORD-103871,Arabic,Main,Chicken Machboos,1,48.0,48.0
ORD-103871,Arabic,Starter,Hummus,1,22.0,22.0
ORD-103871,Arabic,Beverage,Mint Lemonade,2,18.0,36.0
ORD-103872,Arabic,Main,Lamb Mandi,1,62.0,62.0
ORD-103872,Arabic,Side,Arabic Rice,1,12.0,12.0
ORD-103872,Arabic,Dessert,Kunafa,1,28.0,28.0
ORD-103872,Arabic,Beverage,Mint Lemonade,1,18.0,18.0
ORD-103873,Arabic,Main,Lamb Mandi,1,62.0,62.0
ORD-103873,Arabic,Main,Mixed Grill,1,75.0,75.0
ORD-103873,Arabic,Beverage,Mint Lemonade,1,18.0,18.0
ORD-103874,Arabic,Main,Lamb Mandi,2,62.0,124.0
ORD-103874,Arabic,Main,Mixed Grill,1,75.0,75.0
ORD-103874,Arabic,Side,Arabic Rice,1,12.0,12.0
ORD-103874,Arabic,Dessert,Umm Ali,1,26.0,26.0
ORD-103875,Italian,Main,Margherita Pizza,1,45.0,45.0
ORD-103875,Italian,Starter,Caesar Salad,1,32.0,32.0
ORD-103875,Italian,Side,Garlic Bread,1,18.0,18.0
ORD-103875,Italian,Beverage,Italian Lemon Soda,1,18.0,18.0
ORD-103876,Arabic,Main,Chicken Shawarma Plate,1,38.0,38.0
ORD-103876,Arabic,Main,Falafel Wrap,1,22.0,22.0
ORD-103876,Arabic,Starter,Fattoush,1,24.0,24.0
ORD-103877,Arabic,Main,Falafel Wrap,2,22.0,44.0
ORD-103877,Arabic,Main,Chicken Shawarma Plate,1,38.0,38.0
ORD-103878,Arabic,Main,Mixed Grill,1,75.0,75.0
ORD-103879,Italian,Main,Fettuccine Alfredo,1,48.0,48.0
ORD-103879,Italian,Starter,Caesar Salad,1,32.0,32.0
ORD-103879,Italian,Side,Garlic Bread,1,18.0,18.0
ORD-103880,Indian,Main,Mutton Biryani,1,52.0,52.0
ORD-103880,Indian,Dessert,Gulab Jamun,1,18.0,18.0
ORD-103881,Continental,Main,Grilled Chicken Burger,1,42.0,42.0
ORD-103882,Continental,Main,Grilled Chicken Burger,1,42.0,42.0
ORD-103882,Continental,Starter,Soup of the Day,1,22.0,22.0
ORD-103882,Continental,Side,French Fries,1,16.0,16.0
ORD-103883,Indian,Main,Dal Makhani,2,32.0,64.0
ORD-103883,Indian,Starter,Paneer Tikka,1,32.0,32.0
ORD-103883,Indian,Side,Jeera Rice,2,14.0,28.0
ORD-103883,Indian,Dessert,Gulab Jamun,1,18.0,18.0
ORD-103884,Continental,Main,Grilled Salmon,1,78.0,78.0
ORD-103884,Continental,Main,Classic Beef Burger,1,48.0,48.0
ORD-103884,Continental,Main,Grilled Chicken with Mash,1,52.0,52.0
ORD-103884,Continental,Starter,Soup of the Day,1,22.0,22.0
ORD-103884,Continental,Beverage,Chocolate Milkshake,2,22.0,44.0
ORD-103885,Arabic,Main,Lamb Mandi,1,62.0,62.0
ORD-103885,Arabic,Dessert,Kunafa,1,28.0,28.0
ORD-103885,Arabic,Beverage,Mint Lemonade,1,18.0,18.0
ORD-103886,Arabic,Main,Falafel Wrap,1,22.0,22.0
ORD-103886,Arabic,Starter,Hummus,1,22.0,22.0
ORD-103886,Arabic,Beverage,Mint Lemonade,1,18.0,18.0
ORD-103887,Indian,Main,Mutton Biryani,1,52.0,52.0
ORD-103887,Indian,Starter,Paneer Tikka,1,32.0,32.0
ORD-103887,Indian,Side,Garlic Naan,1,8.0,8.0
ORD-103887,Indian,Dessert,Gulab Jamun,1,18.0,18.0
ORD-103888,Italian,Main,Pepperoni Pizza,2,52.0,104.0
ORD-103888,Italian,Main,Fettuccine Alfredo,1,48.0,48.0
ORD-103888,Italian,Starter,Caesar Salad,1,32.0,32.0
ORD-103889,Italian,Main,Beef Lasagna,1,55.0,55.0
ORD-103890,Continental,Main,Grilled Salmon,1,78.0,78.0
ORD-103890,Continental,Starter,Chicken Wings,1,34.0,34.0
ORD-103891,Continental,Main,Fish and Chips,1,50.0,50.0
ORD-103891,Continental,Main,Grilled Chicken Burger,1,42.0,42.0
ORD-103891,Continental,Side,French Fries,2,16.0,32.0
ORD-103891,Continental,Dessert,Chocolate Brownie,1,24.0,24.0
ORD-103892,Arabic,Main,Chicken Shawarma Plate,1,38.0,38.0
ORD-103892,Arabic,Starter,Mutabbal,1,22.0,22.0
ORD-103892,Arabic,Side,Arabic Rice,1,12.0,12.0
ORD-103893,Indian,Main,Chicken Biryani,1,42.0,42.0
ORD-103893,Indian,Side,Jeera Rice,1,14.0,14.0
ORD-103893,Indian,Dessert,Gulab Jamun,1,18.0,18.0
ORD-103893,Indian,Beverage,Mango Lassi,1,16.0,16.0
ORD-103894,Italian,Main,Margherita Pizza,1,45.0,45.0
ORD-103895,Indian,Main,Dal Makhani,1,32.0,32.0
ORD-103895,Indian,Main,Chicken Biryani,1,42.0,42.0
ORD-103895,Indian,Starter,Vegetable Samosa,1,16.0,16.0
ORD-103895,Indian,Side,Jeera Rice,1,14.0,14.0
ORD-103895,Indian,Beverage,Mango Lassi,1,16.0,16.0
ORD-103896,Indian,Main,Butter Chicken,1,45.0,45.0
ORD-103896,Indian,Beverage,Mango Lassi,1,16.0,16.0
ORD-103897,Indian,Main,Palak Paneer,1,34.0,34.0
ORD-103897,Continental,Main,Classic Beef Burger,1,48.0,48.0
ORD-103897,Indian,Main,Chicken Biryani,1,42.0,42.0
ORD-103897,Indian,Starter,Paneer Tikka,1,32.0,32.0
ORD-103897,Indian,Side,Garlic Naan,3,8.0,24.0
ORD-103897,Continental,Beverage,Chocolate Milkshake,2,22.0,44.0
ORD-103898,Arabic,Main,Chicken Shawarma Plate,1,38.0,38.0
ORD-103898,Arabic,Main,Lamb Mandi,1,62.0,62.0
ORD-103898,Arabic,Starter,Fattoush,1,24.0,24.0
ORD-103898,Arabic,Side,Arabic Rice,2,12.0,24.0
ORD-103899,Indian,Main,Palak Paneer,2,34.0,68.0
ORD-103899,Indian,Side,Garlic Naan,1,8.0,8.0
ORD-103900,Indian,Main,Butter Chicken,1,45.0,45.0
ORD-103900,Indian,Side,Garlic Naan,1,8.0,8.0
ORD-103901,Chinese,Main,Veg Hakka Noodles,1,32.0,32.0
ORD-103901,Chinese,Side,Steamed Rice,1,10.0,10.0
ORD-103902,Arabic,Main,Lamb Mandi,1,62.0,62.0
ORD-103902,Arabic,Main,Chicken Machboos,2,48.0,96.0
ORD-103902,Arabic,Starter,Hummus,1,22.0,22.0
ORD-103902,Arabic,Dessert,Kunafa,1,28.0,28.0
ORD-103903,Arabic,Main,Chicken Shawarma Plate,1,38.0,38.0
ORD-103903,Arabic,Beverage,Mint Lemonade,1,18.0,18.0
ORD-103904,Chinese,Main,Chicken Manchurian,1,38.0,38.0
ORD-103904,Chinese,Beverage,Jasmine Tea,1,12.0,12.0
ORD-103905,Chinese,Main,Kung Pao Chicken,1,44.0,44.0
ORD-103905,Chinese,Main,Szechuan Beef,1,52.0,52.0
ORD-103905,Chinese,Dessert,Mango Pudding,1,20.0,20.0
ORD-103905,Chinese,Beverage,Jasmine Tea,1,12.0,12.0
ORD-103906,Indian,Main,Mutton Biryani,1,52.0,52.0
ORD-103906,Italian,Main,Penne Arrabbiata,1,42.0,42.0
ORD-103906,Indian,Starter,Chicken Tikka,1,36.0,36.0
ORD-103906,Indian,Side,Jeera Rice,2,14.0,28.0
ORD-103906,Indian,Dessert,Gulab Jamun,1,18.0,18.0
ORD-103907,Arabic,Main,Falafel Wrap,1,22.0,22.0
ORD-103907,Arabic,Starter,Fattoush,1,24.0,24.0
ORD-103908,Indian,Main,Mutton Biryani,1,52.0,52.0
ORD-103908,Indian,Starter,Vegetable Samosa,1,16.0,16.0
ORD-103908,Indian,Side,Jeera Rice,1,14.0,14.0
ORD-103909,Arabic,Main,Falafel Wrap,1,22.0,22.0
ORD-103909,Italian,Main,Fettuccine Alfredo,1,48.0,48.0
ORD-103909,Italian,Main,Penne Arrabbiata,1,42.0,42.0
ORD-103910,Indian,Main,Butter Chicken,1,45.0,45.0
ORD-103910,Indian,Side,Jeera Rice,1,14.0,14.0
ORD-103910,Indian,Beverage,Mango Lassi,1,16.0,16.0
ORD-103911,Italian,Main,Margherita Pizza,1,45.0,45.0
ORD-103911,Italian,Starter,Bruschetta,1,26.0,26.0
ORD-103912,Continental,Main,Classic Beef Burger,1,48.0,48.0
ORD-103912,Continental,Main,Grilled Chicken Burger,1,42.0,42.0
ORD-103912,Continental,Main,Grilled Salmon,1,78.0,78.0
ORD-103912,Continental,Side,French Fries,2,16.0,32.0
ORD-103913,Indian,Main,Butter Chicken,1,45.0,45.0
ORD-103913,Indian,Starter,Vegetable Samosa,1,16.0,16.0
ORD-103913,Indian,Side,Jeera Rice,1,14.0,14.0
ORD-103913,Arabic,Beverage,Mint Lemonade,1,18.0,18.0
ORD-103914,Arabic,Main,Chicken Shawarma Plate,1,38.0,38.0
ORD-103914,Arabic,Main,Falafel Wrap,2,22.0,44.0
ORD-103914,Arabic,Starter,Hummus,1,22.0,22.0
ORD-103915,Italian,Main,Fettuccine Alfredo,1,48.0,48.0
ORD-103915,Italian,Beverage,Italian Lemon Soda,1,18.0,18.0
ORD-103916,Indian,Main,Butter Chicken,1,45.0,45.0
ORD-103916,Indian,Main,Palak Paneer,1,34.0,34.0
ORD-103916,Indian,Starter,Paneer Tikka,1,32.0,32.0
ORD-103916,Indian,Side,Garlic Naan,1,8.0,8.0
ORD-103916,Indian,Beverage,Mango Lassi,1,16.0,16.0
ORD-103917,Italian,Main,Pepperoni Pizza,1,52.0,52.0
ORD-103917,Italian,Side,Garlic Bread,1,18.0,18.0
ORD-103918,Italian,Main,Pepperoni Pizza,1,52.0,52.0
ORD-103918,Italian,Starter,Caesar Salad,1,32.0,32.0
ORD-103918,Italian,Side,Garlic Bread,1,18.0,18.0
ORD-103919,Continental,Main,Grilled Chicken with Mash,1,52.0,52.0
ORD-103919,Indian,Main,Dal Makhani,1,32.0,32.0
ORD-103920,Italian,Main,Margherita Pizza,1,45.0,45.0
ORD-103920,Italian,Dessert,Tiramisu,1,30.0,30.0
ORD-103921,Indian,Main,Butter Chicken,1,45.0,45.0
ORD-103921,Indian,Main,Dal Makhani,1,32.0,32.0
ORD-103921,Indian,Side,Jeera Rice,1,14.0,14.0
ORD-103922,Arabic,Main,Lamb Mandi,1,62.0,62.0
ORD-103922,Arabic,Starter,Fattoush,1,24.0,24.0
ORD-103922,Arabic,Side,Arabic Rice,1,12.0,12.0
ORD-103922,Arabic,Beverage,Mint Lemonade,1,18.0,18.0
ORD-103923,Chinese,Main,Kung Pao Chicken,1,44.0,44.0
ORD-103923,Chinese,Starter,Spring Rolls,1,22.0,22.0
ORD-103923,Continental,Beverage,Chocolate Milkshake,1,22.0,22.0
ORD-103924,Continental,Main,Classic Beef Burger,1,48.0,48.0
ORD-103925,Italian,Main,Pepperoni Pizza,1,52.0,52.0
ORD-103925,Italian,Starter,Bruschetta,1,26.0,26.0
ORD-103925,Italian,Beverage,Italian Lemon Soda,1,18.0,18.0
ORD-103926,Arabic,Main,Lamb Mandi,1,62.0,62.0
ORD-103926,Arabic,Main,Chicken Machboos,1,48.0,48.0
ORD-103926,Indian,Main,Chicken Biryani,1,42.0,42.0
ORD-103926,Arabic,Starter,Fattoush,1,24.0,24.0
ORD-103927,Continental,Main,Classic Beef Burger,1,48.0,48.0
ORD-103927,Continental,Starter,Chicken Wings,1,34.0,34.0
ORD-103927,Continental,Beverage,Chocolate Milkshake,1,22.0,22.0
ORD-103928,Italian,Main,Margherita Pizza,2,45.0,90.0
ORD-103928,Italian,Beverage,Italian Lemon Soda,1,18.0,18.0
ORD-103929,Indian,Main,Butter Chicken,1,45.0,45.0
ORD-103929,Indian,Side,Jeera Rice,1,14.0,14.0
ORD-103930,Arabic,Main,Chicken Shawarma Plate,1,38.0,38.0
ORD-103930,Indian,Starter,Chicken Tikka,1,36.0,36.0
ORD-103930,Arabic,Side,Arabic Rice,1,12.0,12.0
ORD-103930,Arabic,Beverage,Mint Lemonade,1,18.0,18.0
ORD-103931,Indian,Main,Chicken Biryani,1,42.0,42.0
ORD-103931,Indian,Main,Dal Makhani,1,32.0,32.0
ORD-103931,Indian,Beverage,Mango Lassi,1,16.0,16.0
ORD-103932,Continental,Main,Fish and Chips,2,50.0,100.0
ORD-103932,Continental,Starter,Chicken Wings,1,34.0,34.0
ORD-103933,Arabic,Main,Lamb Mandi,1,62.0,62.0
ORD-103933,Arabic,Starter,Fattoush,1,24.0,24.0
ORD-103933,Arabic,Beverage,Mint Lemonade,1,18.0,18.0
ORD-103934,Italian,Main,Fettuccine Alfredo,2,48.0,96.0
ORD-103934,Italian,Dessert,Tiramisu,1,30.0,30.0
ORD-103934,Italian,Beverage,Italian Lemon Soda,1,18.0,18.0
ORD-103935,Arabic,Main,Chicken Machboos,1,48.0,48.0
ORD-103936,Arabic,Main,Chicken Machboos,1,48.0,48.0
ORD-103936,Arabic,Main,Mixed Grill,1,75.0,75.0
ORD-103936,Arabic,Starter,Hummus,1,22.0,22.0
ORD-103936,Arabic,Dessert,Umm Ali,1,26.0,26.0
ORD-103937,Arabic,Main,Lamb Mandi,2,62.0,124.0
ORD-103937,Arabic,Starter,Fattoush,1,24.0,24.0
ORD-103938,Indian,Main,Palak Paneer,1,34.0,34.0
ORD-103938,Indian,Starter,Vegetable Samosa,1,16.0,16.0
ORD-103939,Chinese,Main,Veg Hakka Noodles,1,32.0,32.0
ORD-103940,Arabic,Main,Lamb Mandi,1,62.0,62.0
ORD-103940,Arabic,Beverage,Mint Lemonade,1,18.0,18.0
ORD-103941,Indian,Main,Butter Chicken,1,45.0,45.0
ORD-103941,Chinese,Starter,Hot and Sour Soup,1,24.0,24.0
ORD-103941,Indian,Side,Garlic Naan,1,8.0,8.0
ORD-103941,Indian,Beverage,Mango Lassi,1,16.0,16.0
ORD-103942,Indian,Main,Butter Chicken,1,45.0,45.0
ORD-103942,Indian,Main,Dal Makhani,1,32.0,32.0
ORD-103942,Indian,Starter,Paneer Tikka,1,32.0,32.0
ORD-103942,Indian,Side,Jeera Rice,2,14.0,28.0
ORD-103943,Italian,Main,Beef Lasagna,1,55.0,55.0
ORD-103943,Arabic,Main,Lamb Mandi,1,62.0,62.0
ORD-103943,Arabic,Starter,Fattoush,1,24.0,24.0
ORD-103944,Italian,Main,Fettuccine Alfredo,1,48.0,48.0
ORD-103945,Arabic,Main,Mixed Grill,1,75.0,75.0
ORD-103945,Arabic,Starter,Mutabbal,1,22.0,22.0
ORD-103945,Arabic,Beverage,Mint Lemonade,1,18.0,18.0
ORD-103946,Arabic,Main,Chicken Shawarma Plate,1,38.0,38.0
ORD-103947,Indian,Main,Palak Paneer,1,34.0,34.0
ORD-103947,Indian,Main,Chicken Biryani,1,42.0,42.0
ORD-103947,Indian,Starter,Paneer Tikka,1,32.0,32.0
ORD-103947,Indian,Side,Garlic Naan,1,8.0,8.0
ORD-103948,Indian,Main,Dal Makhani,1,32.0,32.0
ORD-103948,Indian,Starter,Paneer Tikka,1,32.0,32.0
ORD-103948,Indian,Side,Jeera Rice,1,14.0,14.0
ORD-103948,Indian,Beverage,Mango Lassi,1,16.0,16.0
ORD-103949,Chinese,Main,Chicken Manchurian,1,38.0,38.0
ORD-103949,Chinese,Starter,Spring Rolls,1,22.0,22.0
ORD-103949,Chinese,Dessert,Mango Pudding,1,20.0,20.0
ORD-103950,Continental,Main,Grilled Chicken with Mash,1,52.0,52.0
ORD-103950,Continental,Main,Grilled Salmon,1,78.0,78.0
ORD-103950,Continental,Dessert,Chocolate Brownie,1,24.0,24.0
ORD-103951,Arabic,Main,Mixed Grill,2,75.0,150.0
ORD-103951,Arabic,Main,Chicken Machboos,1,48.0,48.0
ORD-103951,Arabic,Starter,Hummus,1,22.0,22.0
ORD-103951,Arabic,Beverage,Mint Lemonade,3,18.0,54.0
ORD-103952,Arabic,Main,Lamb Mandi,1,62.0,62.0
ORD-103952,Arabic,Main,Mixed Grill,1,75.0,75.0
ORD-103952,Arabic,Main,Falafel Wrap,1,22.0,22.0
ORD-103952,Arabic,Side,Arabic Rice,3,12.0,36.0
ORD-103952,Arabic,Beverage,Mint Lemonade,1,18.0,18.0
ORD-103953,Arabic,Main,Chicken Shawarma Plate,1,38.0,38.0
ORD-103953,Arabic,Main,Lamb Mandi,1,62.0,62.0
ORD-103953,Arabic,Main,Mixed Grill,1,75.0,75.0
ORD-103953,Arabic,Starter,Hummus,1,22.0,22.0
ORD-103953,Arabic,Dessert,Umm Ali,1,26.0,26.0
ORD-103954,Italian,Main,Margherita Pizza,1,45.0,45.0
ORD-103954,Italian,Main,Beef Lasagna,1,55.0,55.0
ORD-103954,Italian,Beverage,Italian Lemon Soda,1,18.0,18.0
ORD-103955,Continental,Main,Grilled Salmon,1,78.0,78.0
ORD-103955,Continental,Main,Classic Beef Burger,1,48.0,48.0
ORD-103955,Continental,Starter,Chicken Wings,1,34.0,34.0
ORD-103955,Continental,Dessert,Chocolate Brownie,1,24.0,24.0
ORD-103955,Continental,Beverage,Chocolate Milkshake,1,22.0,22.0
ORD-103956,Continental,Main,Fish and Chips,1,50.0,50.0
ORD-103956,Chinese,Main,Veg Hakka Noodles,1,32.0,32.0
ORD-103956,Continental,Beverage,Chocolate Milkshake,2,22.0,44.0
ORD-103957,Indian,Main,Chicken Biryani,1,42.0,42.0
ORD-103957,Indian,Side,Garlic Naan,1,8.0,8.0
ORD-103958,Indian,Main,Butter Chicken,1,45.0,45.0
ORD-103958,Indian,Main,Dal Makhani,1,32.0,32.0
ORD-103958,Indian,Starter,Paneer Tikka,1,32.0,32.0
ORD-103958,Indian,Side,Garlic Naan,1,8.0,8.0
ORD-103958,Indian,Beverage,Mango Lassi,2,16.0,32.0
ORD-103959,Indian,Main,Mutton Biryani,1,52.0,52.0
ORD-103959,Indian,Main,Palak Paneer,1,34.0,34.0
ORD-103959,Indian,Starter,Paneer Tikka,1,32.0,32.0
ORD-103960,Continental,Main,Grilled Chicken with Mash,1,52.0,52.0
ORD-103961,Continental,Main,Grilled Chicken Burger,1,42.0,42.0
ORD-103961,Continental,Main,Grilled Chicken with Mash,1,52.0,52.0
ORD-103961,Continental,Starter,Chicken Wings,1,34.0,34.0
ORD-103961,Continental,Dessert,New York Cheesecake,1,28.0,28.0
ORD-103962,Chinese,Main,Chicken Manchurian,1,38.0,38.0
ORD-103962,Chinese,Starter,Spring Rolls,1,22.0,22.0
ORD-103962,Chinese,Beverage,Jasmine Tea,1,12.0,12.0
ORD-103963,Continental,Main,Classic Beef Burger,2,48.0,96.0
ORD-103963,Continental,Side,French Fries,2,16.0,32.0
ORD-103963,Continental,Beverage,Chocolate Milkshake,2,22.0,44.0
ORD-103964,Continental,Main,Classic Beef Burger,1,48.0,48.0
ORD-103964,Continental,Beverage,Chocolate Milkshake,1,22.0,22.0
ORD-103965,Arabic,Main,Mixed Grill,1,75.0,75.0
ORD-103965,Arabic,Side,Arabic Rice,1,12.0,12.0
ORD-103965,Arabic,Beverage,Mint Lemonade,1,18.0,18.0
ORD-103966,Chinese,Main,Chicken Fried Rice,1,34.0,34.0
ORD-103966,Indian,Main,Butter Chicken,1,45.0,45.0
ORD-103967,Indian,Main,Butter Chicken,1,45.0,45.0
ORD-103967,Indian,Main,Chicken Biryani,1,42.0,42.0
ORD-103967,Indian,Side,Garlic Naan,1,8.0,8.0
ORD-103968,Arabic,Main,Chicken Machboos,1,48.0,48.0
ORD-103968,Arabic,Starter,Fattoush,1,24.0,24.0
ORD-103969,Indian,Main,Dal Makhani,1,32.0,32.0
ORD-103969,Indian,Starter,Vegetable Samosa,1,16.0,16.0
ORD-103970,Indian,Main,Chicken Biryani,1,42.0,42.0
ORD-103970,Indian,Main,Butter Chicken,1,45.0,45.0
ORD-103970,Indian,Side,Garlic Naan,2,8.0,16.0
ORD-103971,Continental,Main,Grilled Chicken Burger,2,42.0,84.0
ORD-103971,Continental,Starter,Chicken Wings,1,34.0,34.0
ORD-103972,Continental,Main,Fish and Chips,1,50.0,50.0
ORD-103972,Continental,Main,Grilled Salmon,1,78.0,78.0
ORD-103972,Italian,Main,Penne Arrabbiata,1,42.0,42.0
ORD-103972,Italian,Starter,Caesar Salad,1,32.0,32.0
ORD-103973,Arabic,Main,Falafel Wrap,1,22.0,22.0
ORD-103973,Continental,Starter,Chicken Wings,1,34.0,34.0
ORD-103974,Continental,Main,Classic Beef Burger,1,48.0,48.0
ORD-103974,Italian,Main,Fettuccine Alfredo,1,48.0,48.0
ORD-103974,Continental,Main,Grilled Salmon,1,78.0,78.0
ORD-103974,Italian,Starter,Caesar Salad,1,32.0,32.0
ORD-103975,Continental,Main,Fish and Chips,1,50.0,50.0
ORD-103975,Continental,Main,Classic Beef Burger,1,48.0,48.0
ORD-103975,Continental,Main,Grilled Chicken with Mash,1,52.0,52.0
ORD-103976,Continental,Main,Grilled Chicken with Mash,1,52.0,52.0
ORD-103976,Continental,Beverage,Chocolate Milkshake,1,22.0,22.0
ORD-103977,Arabic,Main,Chicken Machboos,1,48.0,48.0
ORD-103977,Arabic,Main,Chicken Shawarma Plate,1,38.0,38.0
ORD-103978,Continental,Main,Grilled Chicken Burger,1,42.0,42.0
ORD-103978,Continental,Starter,Soup of the Day,1,22.0,22.0
ORD-103978,Continental,Beverage,Chocolate Milkshake,1,22.0,22.0
ORD-103979,Chinese,Main,Chicken Manchurian,1,38.0,38.0
ORD-103979,Chinese,Dessert,Mango Pudding,1,20.0,20.0
ORD-103980,Chinese,Main,Chicken Manchurian,1,38.0,38.0
ORD-103980,Arabic,Starter,Hummus,1,22.0,22.0
ORD-103981,Continental,Main,Grilled Chicken Burger,1,42.0,42.0
ORD-103981,Continental,Side,French Fries,1,16.0,16.0
ORD-103981,Continental,Beverage,Chocolate Milkshake,1,22.0,22.0
ORD-103982,Italian,Main,Pepperoni Pizza,1,52.0,52.0
ORD-103982,Italian,Starter,Bruschetta,1,26.0,26.0
ORD-103982,Italian,Side,Garlic Bread,1,18.0,18.0
ORD-103983,Continental,Main,Grilled Chicken Burger,1,42.0,42.0
ORD-103983,Continental,Beverage,Chocolate Milkshake,1,22.0,22.0
ORD-103984,Italian,Main,Beef Lasagna,1,55.0,55.0
ORD-103984,Italian,Starter,Caesar Salad,1,32.0,32.0
ORD-103985,Italian,Main,Pepperoni Pizza,1,52.0,52.0
ORD-103985,Italian,Starter,Caesar Salad,1,32.0,32.0
ORD-103985,Italian,Beverage,Italian Lemon Soda,1,18.0,18.0
ORD-103986,Arabic,Main,Mixed Grill,1,75.0,75.0
ORD-103986,Indian,Main,Mutton Biryani,1,52.0,52.0
ORD-103986,Arabic,Starter,Mutabbal,1,22.0,22.0
ORD-103987,Arabic,Main,Mixed Grill,1,75.0,75.0
ORD-103988,Continental,Main,Classic Beef Burger,1,48.0,48.0
ORD-103988,Continental,Starter,Chicken Wings,1,34.0,34.0
ORD-103988,Continental,Side,French Fries,1,16.0,16.0
ORD-103989,Continental,Main,Grilled Chicken with Mash,1,52.0,52.0
ORD-103989,Continental,Side,French Fries,1,16.0,16.0
ORD-103990,Italian,Main,Penne Arrabbiata,1,42.0,42.0
ORD-103990,Italian,Starter,Caesar Salad,1,32.0,32.0
ORD-103991,Chinese,Main,Chicken Manchurian,1,38.0,38.0
ORD-103992,Italian,Main,Margherita Pizza,1,45.0,45.0
ORD-103992,Italian,Side,Garlic Bread,1,18.0,18.0
ORD-103992,Italian,Beverage,Italian Lemon Soda,1,18.0,18.0
ORD-103993,Indian,Main,Chicken Biryani,1,42.0,42.0
ORD-103993,Indian,Side,Jeera Rice,1,14.0,14.0
ORD-103993,Indian,Dessert,Gulab Jamun,1,18.0,18.0
ORD-103994,Arabic,Main,Mixed Grill,1,75.0,75.0
ORD-103994,Arabic,Starter,Hummus,1,22.0,22.0
ORD-103994,Arabic,Side,Arabic Rice,1,12.0,12.0
ORD-103994,Arabic,Beverage,Mint Lemonade,1,18.0,18.0
ORD-103995,Italian,Main,Penne Arrabbiata,1,42.0,42.0
ORD-103995,Italian,Starter,Caesar Salad,1,32.0,32.0
ORD-103995,Italian,Side,Garlic Bread,1,18.0,18.0
ORD-103996,Continental,Main,Grilled Chicken Burger,1,42.0,42.0
ORD-103996,Continental,Starter,Chicken Wings,1,34.0,34.0
ORD-103997,Italian,Main,Penne Arrabbiata,1,42.0,42.0
ORD-103997,Italian,Side,Garlic Bread,1,18.0,18.0
ORD-103998,Italian,Main,Fettuccine Alfredo,1,48.0,48.0
ORD-103998,Italian,Main,Pepperoni Pizza,1,52.0,52.0
ORD-103998,Italian,Dessert,Tiramisu,1,30.0,30.0
ORD-103999,Indian,Main,Chicken Biryani,2,42.0,84.0
ORD-103999,Indian,Side,Garlic Naan,1,8.0,8.0
ORD-103999,Indian,Beverage,Mango Lassi,1,16.0,16.0
ORD-104000,Indian,Main,Dal Makhani,3,32.0,96.0
ORD-104000,Indian,Beverage,Mango Lassi,3,16.0,48.0
ORD-104001,Chinese,Main,Kung Pao Chicken,1,44.0,44.0
ORD-104001,Chinese,Main,Chicken Fried Rice,1,34.0,34.0
ORD-104001,Chinese,Dessert,Mango Pudding,1,20.0,20.0
ORD-104002,Italian,Main,Pepperoni Pizza,1,52.0,52.0
ORD-104002,Italian,Side,Garlic Bread,1,18.0,18.0
ORD-104003,Italian,Main,Beef Lasagna,2,55.0,110.0
ORD-104003,Italian,Beverage,Italian Lemon Soda,1,18.0,18.0
ORD-104004,Continental,Main,Fish and Chips,1,50.0,50.0
ORD-104004,Continental,Starter,Soup of the Day,1,22.0,22.0
ORD-104004,Continental,Beverage,Chocolate Milkshake,1,22.0,22.0
ORD-104005,Indian,Main,Butter Chicken,1,45.0,45.0
ORD-104005,Indian,Starter,Vegetable Samosa,1,16.0,16.0
ORD-104005,Indian,Side,Garlic Naan,1,8.0,8.0
ORD-104006,Italian,Main,Margherita Pizza,1,45.0,45.0
ORD-104006,Italian,Starter,Caesar Salad,1,32.0,32.0
ORD-104006,Italian,Side,Garlic Bread,1,18.0,18.0
ORD-104007,Continental,Main,Grilled Salmon,2,78.0,156.0
ORD-104007,Continental,Main,Fish and Chips,1,50.0,50.0
ORD-104007,Continental,Starter,Soup of the Day,1,22.0,22.0
ORD-104007,Continental,Side,French Fries,3,16.0,48.0
ORD-104008,Chinese,Main,Chicken Fried Rice,1,34.0,34.0
ORD-104008,Chinese,Starter,Hot and Sour Soup,1,24.0,24.0
ORD-104008,Chinese,Beverage,Jasmine Tea,1,12.0,12.0
ORD-104009,Italian,Main,Fettuccine Alfredo,1,48.0,48.0
ORD-104009,Italian,Dessert,Tiramisu,1,30.0,30.0
ORD-104010,Arabic,Main,Lamb Mandi,1,62.0,62.0
ORD-104010,Arabic,Dessert,Kunafa,1,28.0,28.0
ORD-104011,Arabic,Main,Chicken Machboos,1,48.0,48.0
ORD-104011,Arabic,Main,Chicken Shawarma Plate,1,38.0,38.0
ORD-104011,Arabic,Starter,Mutabbal,1,22.0,22.0
ORD-104011,Arabic,Side,Arabic Rice,2,12.0,24.0
ORD-104012,Italian,Main,Penne Arrabbiata,1,42.0,42.0
ORD-104012,Italian,Starter,Caesar Salad,1,32.0,32.0
ORD-104013,Chinese,Main,Chicken Manchurian,1,38.0,38.0
ORD-104013,Chinese,Starter,Spring Rolls,1,22.0,22.0
ORD-104013,Chinese,Beverage,Jasmine Tea,1,12.0,12.0
ORD-104014,Italian,Main,Penne Arrabbiata,1,42.0,42.0
ORD-104014,Italian,Starter,Caesar Salad,1,32.0,32.0
ORD-104014,Italian,Beverage,Italian Lemon Soda,1,18.0,18.0
ORD-104015,Chinese,Main,Veg Hakka Noodles,1,32.0,32.0
ORD-104015,Chinese,Main,Chicken Fried Rice,1,34.0,34.0
ORD-104015,Chinese,Starter,Spring Rolls,1,22.0,22.0
ORD-104015,Chinese,Side,Steamed Rice,2,10.0,20.0
ORD-104015,Chinese,Dessert,Mango Pudding,1,20.0,20.0
ORD-104015,Chinese,Beverage,Jasmine Tea,1,12.0,12.0
ORD-104016,Continental,Main,Fish and Chips,1,50.0,50.0
ORD-104017,Arabic,Main,Falafel Wrap,1,22.0,22.0
ORD-104017,Arabic,Main,Lamb Mandi,1,62.0,62.0
ORD-104017,Arabic,Main,Chicken Shawarma Plate,1,38.0,38.0
ORD-104017,Arabic,Starter,Hummus,1,22.0,22.0
ORD-104018,Italian,Main,Penne Arrabbiata,1,42.0,42.0
ORD-104018,Italian,Main,Margherita Pizza,1,45.0,45.0
ORD-104018,Italian,Side,Garlic Bread,1,18.0,18.0
ORD-104019,Continental,Main,Grilled Chicken with Mash,1,52.0,52.0
ORD-104019,Continental,Beverage,Chocolate Milkshake,1,22.0,22.0
ORD-104020,Indian,Main,Butter Chicken,1,45.0,45.0
ORD-104020,Indian,Starter,Chicken Tikka,1,36.0,36.0
ORD-104020,Indian,Side,Garlic Naan,1,8.0,8.0
ORD-104020,Indian,Beverage,Mango Lassi,1,16.0,16.0
ORD-104021,Indian,Main,Palak Paneer,1,34.0,34.0
ORD-104021,Indian,Side,Garlic Naan,1,8.0,8.0
ORD-104022,Italian,Main,Pepperoni Pizza,1,52.0,52.0
ORD-104022,Italian,Main,Margherita Pizza,1,45.0,45.0
ORD-104023,Indian,Main,Dal Makhani,1,32.0,32.0
ORD-104023,Chinese,Main,Kung Pao Chicken,1,44.0,44.0
ORD-104023,Indian,Main,Mutton Biryani,1,52.0,52.0
ORD-104023,Indian,Starter,Paneer Tikka,1,32.0,32.0
ORD-104023,Indian,Side,Jeera Rice,2,14.0,28.0
ORD-104024,Continental,Main,Classic Beef Burger,1,48.0,48.0
ORD-104024,Continental,Starter,Soup of the Day,1,22.0,22.0
ORD-104024,Continental,Beverage,Chocolate Milkshake,1,22.0,22.0
ORD-104025,Continental,Main,Fish and Chips,1,50.0,50.0
ORD-104025,Continental,Main,Grilled Salmon,2,78.0,156.0
ORD-104025,Continental,Starter,Soup of the Day,1,22.0,22.0
ORD-104026,Italian,Main,Beef Lasagna,1,55.0,55.0
ORD-104026,Italian,Starter,Caesar Salad,1,32.0,32.0
ORD-104027,Chinese,Main,Chicken Manchurian,1,38.0,38.0
ORD-104027,Chinese,Starter,Spring Rolls,1,22.0,22.0
ORD-104028,Indian,Main,Palak Paneer,1,34.0,34.0
ORD-104028,Indian,Starter,Vegetable Samosa,1,16.0,16.0
ORD-104028,Indian,Side,Garlic Naan,1,8.0,8.0
ORD-104028,Arabic,Dessert,Kunafa,1,28.0,28.0
ORD-104028,Arabic,Beverage,Mint Lemonade,1,18.0,18.0
ORD-104029,Chinese,Main,Chicken Manchurian,1,38.0,38.0
ORD-104029,Chinese,Starter,Spring Rolls,1,22.0,22.0
ORD-104030,Indian,Main,Butter Chicken,1,45.0,45.0
ORD-104030,Indian,Beverage,Mango Lassi,1,16.0,16.0
ORD-104031,Italian,Main,Pepperoni Pizza,1,52.0,52.0
ORD-104031,Italian,Starter,Caesar Salad,1,32.0,32.0
ORD-104031,Italian,Side,Garlic Bread,1,18.0,18.0
ORD-104032,Chinese,Main,Szechuan Beef,1,52.0,52.0
ORD-104032,Arabic,Main,Chicken Shawarma Plate,1,38.0,38.0
ORD-104032,Arabic,Starter,Hummus,1,22.0,22.0
ORD-104032,Chinese,Beverage,Jasmine Tea,1,12.0,12.0
ORD-104033,Indian,Main,Dal Makhani,1,32.0,32.0
ORD-104033,Indian,Starter,Vegetable Samosa,1,16.0,16.0
ORD-104033,Indian,Side,Garlic Naan,1,8.0,8.0
ORD-104033,Indian,Beverage,Mango Lassi,1,16.0,16.0
ORD-104034,Chinese,Main,Veg Hakka Noodles,1,32.0,32.0
ORD-104034,Chinese,Starter,Chicken Dim Sum,1,34.0,34.0
ORD-104034,Chinese,Dessert,Mango Pudding,1,20.0,20.0
ORD-104035,Italian,Main,Fettuccine Alfredo,1,48.0,48.0
ORD-104035,Italian,Beverage,Italian Lemon Soda,1,18.0,18.0
ORD-104036,Italian,Main,Fettuccine Alfredo,1,48.0,48.0
ORD-104037,Continental,Main,Classic Beef Burger,1,48.0,48.0
ORD-104037,Continental,Main,Fish and Chips,1,50.0,50.0
ORD-104038,Indian,Main,Mutton Biryani,1,52.0,52.0
ORD-104038,Indian,Main,Palak Paneer,1,34.0,34.0
ORD-104038,Indian,Starter,Paneer Tikka,1,32.0,32.0
ORD-104038,Indian,Side,Garlic Naan,1,8.0,8.0
ORD-104038,Indian,Dessert,Gulab Jamun,1,18.0,18.0
ORD-104039,Arabic,Main,Lamb Mandi,1,62.0,62.0
ORD-104039,Arabic,Starter,Fattoush,1,24.0,24.0
ORD-104039,Arabic,Dessert,Kunafa,1,28.0,28.0
ORD-104039,Arabic,Beverage,Mint Lemonade,1,18.0,18.0
ORD-104040,Chinese,Main,Kung Pao Chicken,1,44.0,44.0
ORD-104040,Chinese,Main,Szechuan Beef,1,52.0,52.0
ORD-104040,Chinese,Side,Steamed Rice,1,10.0,10.0
ORD-104040,Chinese,Beverage,Jasmine Tea,2,12.0,24.0
ORD-104041,Continental,Main,Grilled Salmon,1,78.0,78.0
ORD-104041,Continental,Side,French Fries,1,16.0,16.0
ORD-104042,Indian,Main,Butter Chicken,1,45.0,45.0
ORD-104042,Indian,Main,Chicken Biryani,1,42.0,42.0
ORD-104042,Indian,Side,Garlic Naan,1,8.0,8.0
ORD-104042,Indian,Dessert,Gulab Jamun,1,18.0,18.0
ORD-104043,Indian,Main,Chicken Biryani,1,42.0,42.0
ORD-104043,Indian,Main,Butter Chicken,1,45.0,45.0
ORD-104043,Indian,Starter,Chicken Tikka,1,36.0,36.0
ORD-104043,Indian,Side,Jeera Rice,1,14.0,14.0
ORD-104044,Italian,Main,Margherita Pizza,1,45.0,45.0
ORD-104044,Italian,Main,Fettuccine Alfredo,1,48.0,48.0
ORD-104045,Arabic,Main,Chicken Shawarma Plate,1,38.0,38.0
ORD-104045,Arabic,Dessert,Umm Ali,1,26.0,26.0
ORD-104046,Continental,Main,Grilled Salmon,1,78.0,78.0
ORD-104046,Continental,Main,Grilled Chicken with Mash,1,52.0,52.0
ORD-104046,Continental,Starter,Soup of the Day,1,22.0,22.0
ORD-104046,Continental,Side,French Fries,1,16.0,16.0
ORD-104046,Continental,Beverage,Chocolate Milkshake,1,22.0,22.0
ORD-104047,Italian,Main,Beef Lasagna,1,55.0,55.0
ORD-104047,Chinese,Beverage,Jasmine Tea,1,12.0,12.0
ORD-104048,Indian,Main,Palak Paneer,1,34.0,34.0
ORD-104048,Indian,Starter,Vegetable Samosa,1,16.0,16.0
ORD-104048,Indian,Side,Garlic Naan,1,8.0,8.0
ORD-104049,Chinese,Main,Chicken Manchurian,1,38.0,38.0
ORD-104049,Chinese,Beverage,Jasmine Tea,1,12.0,12.0
ORD-104050,Indian,Main,Chicken Biryani,1,42.0,42.0
ORD-104050,Italian,Starter,Bruschetta,1,26.0,26.0
ORD-104050,Indian,Side,Jeera Rice,1,14.0,14.0
ORD-104051,Arabic,Main,Chicken Shawarma Plate,3,38.0,114.0
ORD-104051,Arabic,Starter,Mutabbal,1,22.0,22.0
ORD-104051,Arabic,Beverage,Mint Lemonade,2,18.0,36.0
ORD-104052,Italian,Main,Fettuccine Alfredo,2,48.0,96.0
ORD-104052,Italian,Main,Margherita Pizza,1,45.0,45.0
ORD-104052,Italian,Side,Garlic Bread,2,18.0,36.0
ORD-104053,Indian,Main,Chicken Biryani,1,42.0,42.0
ORD-104053,Indian,Side,Garlic Naan,1,8.0,8.0
ORD-104053,Indian,Beverage,Mango Lassi,1,16.0,16.0
ORD-104054,Continental,Main,Grilled Chicken with Mash,1,52.0,52.0
ORD-104054,Continental,Main,Grilled Chicken Burger,1,42.0,42.0
ORD-104054,Continental,Main,Classic Beef Burger,1,48.0,48.0
ORD-104054,Continental,Starter,Chicken Wings,1,34.0,34.0
ORD-104055,Indian,Main,Butter Chicken,1,45.0,45.0
ORD-104055,Indian,Side,Garlic Naan,1,8.0,8.0
ORD-104056,Arabic,Main,Mixed Grill,1,75.0,75.0
ORD-104056,Arabic,Main,Chicken Shawarma Plate,1,38.0,38.0
ORD-104056,Arabic,Starter,Hummus,1,22.0,22.0
ORD-104057,Arabic,Main,Falafel Wrap,1,22.0,22.0
ORD-104057,Arabic,Main,Chicken Machboos,1,48.0,48.0
ORD-104057,Arabic,Side,Arabic Rice,2,12.0,24.0
ORD-104057,Arabic,Beverage,Mint Lemonade,2,18.0,36.0
ORD-104058,Chinese,Main,Veg Hakka Noodles,1,32.0,32.0
ORD-104058,Chinese,Main,Szechuan Beef,1,52.0,52.0
ORD-104058,Italian,Starter,Caesar Salad,1,32.0,32.0
ORD-104059,Indian,Main,Dal Makhani,1,32.0,32.0
ORD-104059,Indian,Main,Palak Paneer,1,34.0,34.0
ORD-104059,Indian,Side,Garlic Naan,2,8.0,16.0
ORD-104060,Italian,Main,Margherita Pizza,1,45.0,45.0
ORD-104060,Italian,Main,Fettuccine Alfredo,1,48.0,48.0
ORD-104060,Italian,Main,Beef Lasagna,1,55.0,55.0
ORD-104060,Italian,Starter,Caesar Salad,1,32.0,32.0
ORD-104061,Indian,Main,Dal Makhani,1,32.0,32.0
ORD-104061,Indian,Main,Chicken Biryani,1,42.0,42.0
ORD-104061,Indian,Starter,Paneer Tikka,1,32.0,32.0
ORD-104061,Indian,Side,Jeera Rice,2,14.0,28.0
ORD-104062,Italian,Main,Pepperoni Pizza,1,52.0,52.0
ORD-104062,Italian,Starter,Bruschetta,1,26.0,26.0
ORD-104062,Italian,Side,Garlic Bread,1,18.0,18.0
ORD-104062,Arabic,Dessert,Kunafa,1,28.0,28.0
ORD-104063,Continental,Main,Fish and Chips,1,50.0,50.0
ORD-104063,Continental,Main,Grilled Salmon,1,78.0,78.0
ORD-104063,Continental,Starter,Chicken Wings,1,34.0,34.0
ORD-104063,Continental,Side,French Fries,2,16.0,32.0
ORD-104063,Continental,Dessert,Chocolate Brownie,1,24.0,24.0
ORD-104064,Arabic,Main,Chicken Shawarma Plate,1,38.0,38.0
ORD-104064,Arabic,Beverage,Mint Lemonade,1,18.0,18.0
ORD-104065,Indian,Main,Mutton Biryani,1,52.0,52.0
ORD-104065,Arabic,Starter,Mutabbal,1,22.0,22.0
ORD-104066,Italian,Main,Penne Arrabbiata,1,42.0,42.0
ORD-104066,Italian,Starter,Caesar Salad,1,32.0,32.0
ORD-104066,Italian,Beverage,Italian Lemon Soda,1,18.0,18.0
ORD-104067,Indian,Main,Butter Chicken,1,45.0,45.0
ORD-104067,Indian,Main,Palak Paneer,1,34.0,34.0
ORD-104067,Indian,Main,Chicken Biryani,1,42.0,42.0
ORD-104067,Indian,Starter,Chicken Tikka,1,36.0,36.0
ORD-104067,Indian,Side,Garlic Naan,3,8.0,24.0
ORD-104067,Indian,Beverage,Mango Lassi,3,16.0,48.0
ORD-104068,Italian,Main,Margherita Pizza,1,45.0,45.0
ORD-104068,Italian,Main,Fettuccine Alfredo,1,48.0,48.0
ORD-104068,Italian,Main,Pepperoni Pizza,1,52.0,52.0
ORD-104068,Italian,Starter,Bruschetta,1,26.0,26.0
ORD-104069,Indian,Main,Palak Paneer,1,34.0,34.0
ORD-104069,Indian,Starter,Paneer Tikka,1,32.0,32.0
ORD-104069,Indian,Side,Garlic Naan,1,8.0,8.0
ORD-104069,Indian,Beverage,Mango Lassi,1,16.0,16.0
ORD-104070,Indian,Main,Chicken Biryani,2,42.0,84.0
ORD-104070,Indian,Main,Butter Chicken,1,45.0,45.0
ORD-104070,Indian,Side,Jeera Rice,3,14.0,42.0
ORD-104070,Indian,Dessert,Gulab Jamun,1,18.0,18.0
ORD-104071,Italian,Main,Fettuccine Alfredo,1,48.0,48.0
ORD-104071,Italian,Side,Garlic Bread,1,18.0,18.0
ORD-104071,Italian,Beverage,Italian Lemon Soda,1,18.0,18.0
ORD-104072,Chinese,Main,Chicken Fried Rice,1,34.0,34.0
ORD-104072,Chinese,Side,Steamed Rice,1,10.0,10.0
ORD-104072,Chinese,Beverage,Jasmine Tea,1,12.0,12.0
ORD-104073,Chinese,Main,Chicken Manchurian,1,38.0,38.0
ORD-104073,Indian,Main,Dal Makhani,1,32.0,32.0
ORD-104073,Chinese,Side,Steamed Rice,1,10.0,10.0
ORD-104073,Chinese,Dessert,Mango Pudding,1,20.0,20.0
ORD-104073,Chinese,Beverage,Jasmine Tea,2,12.0,24.0
ORD-104074,Indian,Main,Chicken Biryani,1,42.0,42.0
ORD-104074,Indian,Starter,Vegetable Samosa,1,16.0,16.0
ORD-104074,Indian,Side,Garlic Naan,1,8.0,8.0
ORD-104075,Chinese,Main,Szechuan Beef,1,52.0,52.0
ORD-104075,Chinese,Starter,Hot and Sour Soup,1,24.0,24.0
ORD-104075,Chinese,Beverage,Jasmine Tea,1,12.0,12.0
ORD-104076,Indian,Main,Dal Makhani,1,32.0,32.0
ORD-104076,Indian,Side,Jeera Rice,1,14.0,14.0
ORD-104077,Chinese,Main,Kung Pao Chicken,1,44.0,44.0
ORD-104077,Chinese,Main,Chicken Fried Rice,1,34.0,34.0
ORD-104077,Chinese,Dessert,Mango Pudding,1,20.0,20.0
ORD-104078,Indian,Main,Mutton Biryani,1,52.0,52.0
ORD-104078,Indian,Side,Garlic Naan,1,8.0,8.0
ORD-104078,Indian,Beverage,Mango Lassi,1,16.0,16.0
ORD-104079,Indian,Main,Mutton Biryani,1,52.0,52.0
ORD-104079,Indian,Main,Palak Paneer,1,34.0,34.0
ORD-104079,Indian,Dessert,Gulab Jamun,1,18.0,18.0
ORD-104080,Arabic,Main,Lamb Mandi,2,62.0,124.0
ORD-104080,Arabic,Main,Mixed Grill,1,75.0,75.0
ORD-104081,Italian,Main,Beef Lasagna,1,55.0,55.0
ORD-104081,Italian,Main,Margherita Pizza,1,45.0,45.0
ORD-104081,Italian,Starter,Caesar Salad,1,32.0,32.0
ORD-104082,Chinese,Main,Szechuan Beef,1,52.0,52.0
ORD-104082,Chinese,Main,Chicken Manchurian,2,38.0,76.0
ORD-104082,Chinese,Starter,Spring Rolls,1,22.0,22.0
ORD-104082,Chinese,Side,Steamed Rice,1,10.0,10.0
ORD-104082,Chinese,Beverage,Jasmine Tea,1,12.0,12.0
ORD-104083,Indian,Main,Chicken Biryani,1,42.0,42.0
ORD-104083,Indian,Starter,Vegetable Samosa,1,16.0,16.0
ORD-104083,Indian,Side,Garlic Naan,1,8.0,8.0
ORD-104083,Indian,Dessert,Gulab Jamun,1,18.0,18.0
ORD-104083,Indian,Beverage,Mango Lassi,1,16.0,16.0
ORD-104084,Continental,Main,Fish and Chips,1,50.0,50.0
ORD-104084,Continental,Starter,Chicken Wings,1,34.0,34.0
ORD-104084,Continental,Dessert,New York Cheesecake,1,28.0,28.0
ORD-104085,Chinese,Main,Kung Pao Chicken,1,44.0,44.0
ORD-104085,Chinese,Main,Chicken Manchurian,1,38.0,38.0
ORD-104085,Chinese,Side,Steamed Rice,2,10.0,20.0
ORD-104086,Indian,Main,Chicken Biryani,1,42.0,42.0
ORD-104086,Indian,Starter,Chicken Tikka,1,36.0,36.0
ORD-104086,Indian,Side,Jeera Rice,1,14.0,14.0
ORD-104086,Indian,Dessert,Gulab Jamun,1,18.0,18.0
ORD-104086,Indian,Beverage,Mango Lassi,1,16.0,16.0
ORD-104087,Continental,Main,Grilled Chicken with Mash,1,52.0,52.0
ORD-104087,Continental,Main,Grilled Chicken Burger,1,42.0,42.0
ORD-104087,Continental,Starter,Chicken Wings,1,34.0,34.0
ORD-104087,Continental,Side,French Fries,2,16.0,32.0
ORD-104088,Arabic,Main,Mixed Grill,1,75.0,75.0
ORD-104088,Arabic,Starter,Fattoush,1,24.0,24.0
ORD-104088,Arabic,Side,Arabic Rice,1,12.0,12.0
ORD-104088,Arabic,Dessert,Kunafa,1,28.0,28.0
ORD-104089,Continental,Main,Grilled Chicken Burger,1,42.0,42.0
ORD-104089,Continental,Beverage,Chocolate Milkshake,1,22.0,22.0
ORD-104090,Arabic,Main,Falafel Wrap,1,22.0,22.0
ORD-104090,Arabic,Main,Mixed Grill,1,75.0,75.0
ORD-104090,Arabic,Beverage,Mint Lemonade,1,18.0,18.0
ORD-104091,Italian,Main,Fettuccine Alfredo,1,48.0,48.0
ORD-104091,Italian,Main,Penne Arrabbiata,1,42.0,42.0
ORD-104091,Italian,Main,Beef Lasagna,1,55.0,55.0
ORD-104091,Italian,Side,Garlic Bread,2,18.0,36.0
ORD-104092,Italian,Main,Penne Arrabbiata,1,42.0,42.0
ORD-104092,Italian,Main,Pepperoni Pizza,1,52.0,52.0
ORD-104093,Italian,Main,Beef Lasagna,1,55.0,55.0
ORD-104093,Italian,Starter,Caesar Salad,1,32.0,32.0
ORD-104093,Arabic,Beverage,Mint Lemonade,1,18.0,18.0
ORD-104094,Italian,Main,Beef Lasagna,1,55.0,55.0
ORD-104094,Italian,Main,Margherita Pizza,1,45.0,45.0
ORD-104094,Italian,Dessert,Tiramisu,1,30.0,30.0
ORD-104095,Continental,Main,Grilled Chicken with Mash,1,52.0,52.0
ORD-104095,Continental,Main,Classic Beef Burger,1,48.0,48.0
ORD-104096,Indian,Main,Chicken Biryani,1,42.0,42.0
ORD-104096,Indian,Starter,Paneer Tikka,1,32.0,32.0
ORD-104096,Indian,Side,Garlic Naan,1,8.0,8.0
ORD-104097,Indian,Main,Palak Paneer,1,34.0,34.0
ORD-104097,Indian,Starter,Chicken Tikka,1,36.0,36.0
ORD-104097,Indian,Side,Garlic Naan,1,8.0,8.0
ORD-104097,Indian,Beverage,Mango Lassi,1,16.0,16.0
ORD-104098,Chinese,Main,Chicken Manchurian,1,38.0,38.0
ORD-104098,Chinese,Starter,Chicken Dim Sum,1,34.0,34.0
ORD-104099,Continental,Main,Grilled Salmon,2,78.0,156.0
ORD-104099,Continental,Side,French Fries,2,16.0,32.0
ORD-104100,Indian,Main,Butter Chicken,1,45.0,45.0
ORD-104100,Indian,Side,Jeera Rice,1,14.0,14.0
ORD-104100,Indian,Dessert,Gulab Jamun,1,18.0,18.0
ORD-104101,Arabic,Main,Mixed Grill,1,75.0,75.0
ORD-104101,Arabic,Side,Arabic Rice,1,12.0,12.0
ORD-104101,Indian,Dessert,Gulab Jamun,1,18.0,18.0
ORD-104102,Italian,Main,Margherita Pizza,1,45.0,45.0
ORD-104102,Italian,Starter,Caesar Salad,1,32.0,32.0
ORD-104102,Italian,Side,Garlic Bread,1,18.0,18.0
ORD-104102,Italian,Dessert,Tiramisu,1,30.0,30.0
ORD-104103,Chinese,Main,Kung Pao Chicken,1,44.0,44.0
ORD-104103,Chinese,Main,Chicken Manchurian,1,38.0,38.0
ORD-104103,Chinese,Beverage,Jasmine Tea,1,12.0,12.0
ORD-104104,Indian,Main,Butter Chicken,1,45.0,45.0
ORD-104104,Indian,Beverage,Mango Lassi,1,16.0,16.0
ORD-104105,Continental,Main,Classic Beef Burger,1,48.0,48.0
ORD-104105,Continental,Main,Grilled Salmon,1,78.0,78.0
ORD-104105,Continental,Starter,Chicken Wings,1,34.0,34.0
ORD-104105,Continental,Beverage,Chocolate Milkshake,1,22.0,22.0
ORD-104106,Arabic,Main,Chicken Shawarma Plate,1,38.0,38.0
ORD-104106,Arabic,Main,Mixed Grill,1,75.0,75.0
ORD-104106,Arabic,Side,Arabic Rice,1,12.0,12.0
ORD-104107,Indian,Main,Mutton Biryani,1,52.0,52.0
ORD-104107,Indian,Side,Jeera Rice,1,14.0,14.0
ORD-104107,Indian,Beverage,Mango Lassi,1,16.0,16.0
ORD-104108,Continental,Main,Grilled Salmon,1,78.0,78.0
ORD-104108,Continental,Dessert,Chocolate Brownie,1,24.0,24.0
ORD-104108,Continental,Beverage,Chocolate Milkshake,1,22.0,22.0
ORD-104109,Italian,Main,Pepperoni Pizza,1,52.0,52.0
ORD-104109,Italian,Starter,Bruschetta,1,26.0,26.0
ORD-104110,Italian,Main,Fettuccine Alfredo,1,48.0,48.0
ORD-104110,Italian,Side,Garlic Bread,1,18.0,18.0
ORD-104110,Italian,Dessert,Tiramisu,1,30.0,30.0
ORD-104110,Italian,Beverage,Italian Lemon Soda,1,18.0,18.0
ORD-104111,Indian,Main,Chicken Biryani,1,42.0,42.0
ORD-104111,Indian,Side,Jeera Rice,1,14.0,14.0
ORD-104111,Indian,Beverage,Mango Lassi,1,16.0,16.0
ORD-104112,Continental,Main,Grilled Chicken with Mash,2,52.0,104.0
ORD-104113,Continental,Main,Grilled Chicken Burger,1,42.0,42.0
ORD-104113,Continental,Starter,Soup of the Day,1,22.0,22.0
ORD-104114,Indian,Main,Dal Makhani,1,32.0,32.0
ORD-104114,Continental,Main,Grilled Chicken with Mash,1,52.0,52.0
ORD-104114,Continental,Beverage,Chocolate Milkshake,1,22.0,22.0
ORD-104115,Indian,Main,Mutton Biryani,1,52.0,52.0
ORD-104115,Indian,Side,Jeera Rice,1,14.0,14.0
ORD-104115,Indian,Beverage,Mango Lassi,1,16.0,16.0
ORD-104116,Continental,Main,Grilled Salmon,1,78.0,78.0
ORD-104116,Chinese,Starter,Chicken Dim Sum,1,34.0,34.0
ORD-104116,Continental,Side,French Fries,1,16.0,16.0
ORD-104117,Italian,Main,Margherita Pizza,1,45.0,45.0
ORD-104117,Italian,Side,Garlic Bread,1,18.0,18.0
ORD-104118,Continental,Main,Grilled Chicken Burger,1,42.0,42.0
ORD-104118,Continental,Starter,Soup of the Day,1,22.0,22.0
ORD-104118,Continental,Dessert,Chocolate Brownie,1,24.0,24.0
ORD-104119,Italian,Main,Margherita Pizza,2,45.0,90.0
ORD-104119,Italian,Starter,Bruschetta,1,26.0,26.0
ORD-104119,Italian,Dessert,Tiramisu,1,30.0,30.0
ORD-104120,Arabic,Main,Chicken Shawarma Plate,1,38.0,38.0
ORD-104120,Arabic,Main,Lamb Mandi,1,62.0,62.0
ORD-104120,Arabic,Beverage,Mint Lemonade,2,18.0,36.0
ORD-104121,Chinese,Main,Szechuan Beef,1,52.0,52.0
ORD-104121,Chinese,Main,Chicken Manchurian,1,38.0,38.0
ORD-104122,Arabic,Main,Chicken Shawarma Plate,1,38.0,38.0
ORD-104122,Arabic,Side,Arabic Rice,1,12.0,12.0
ORD-104123,Continental,Main,Grilled Salmon,1,78.0,78.0
ORD-104123,Continental,Beverage,Chocolate Milkshake,1,22.0,22.0
ORD-104124,Italian,Main,Fettuccine Alfredo,1,48.0,48.0
ORD-104124,Italian,Main,Beef Lasagna,1,55.0,55.0
ORD-104124,Italian,Main,Penne Arrabbiata,1,42.0,42.0
ORD-104125,Arabic,Main,Chicken Machboos,1,48.0,48.0
ORD-104125,Arabic,Main,Lamb Mandi,2,62.0,124.0
ORD-104125,Arabic,Starter,Fattoush,1,24.0,24.0
ORD-104126,Italian,Main,Margherita Pizza,1,45.0,45.0
ORD-104126,Italian,Main,Beef Lasagna,1,55.0,55.0
ORD-104126,Italian,Starter,Bruschetta,1,26.0,26.0
ORD-104127,Arabic,Main,Chicken Shawarma Plate,1,38.0,38.0
ORD-104127,Arabic,Main,Lamb Mandi,1,62.0,62.0
ORD-104127,Arabic,Side,Arabic Rice,2,12.0,24.0
ORD-104127,Arabic,Dessert,Umm Ali,1,26.0,26.0
ORD-104128,Arabic,Main,Chicken Shawarma Plate,1,38.0,38.0
ORD-104128,Arabic,Main,Chicken Machboos,1,48.0,48.0
ORD-104128,Arabic,Dessert,Kunafa,1,28.0,28.0
ORD-104128,Arabic,Beverage,Mint Lemonade,2,18.0,36.0
ORD-104129,Continental,Main,Grilled Salmon,1,78.0,78.0
ORD-104129,Continental,Main,Grilled Chicken with Mash,1,52.0,52.0
ORD-104129,Indian,Main,Palak Paneer,1,34.0,34.0
ORD-104129,Indian,Beverage,Mango Lassi,1,16.0,16.0
ORD-104130,Indian,Main,Palak Paneer,1,34.0,34.0
ORD-104131,Italian,Main,Margherita Pizza,1,45.0,45.0
ORD-104132,Arabic,Main,Mixed Grill,1,75.0,75.0
ORD-104133,Italian,Main,Penne Arrabbiata,1,42.0,42.0
ORD-104133,Italian,Starter,Caesar Salad,1,32.0,32.0
ORD-104134,Indian,Main,Palak Paneer,2,34.0,68.0
ORD-104134,Indian,Starter,Vegetable Samosa,1,16.0,16.0
ORD-104134,Indian,Side,Jeera Rice,1,14.0,14.0
ORD-104135,Italian,Main,Beef Lasagna,1,55.0,55.0
ORD-104135,Italian,Main,Pepperoni Pizza,1,52.0,52.0
ORD-104135,Indian,Main,Chicken Biryani,1,42.0,42.0
ORD-104135,Indian,Main,Butter Chicken,1,45.0,45.0
ORD-104135,Italian,Side,Garlic Bread,2,18.0,36.0
ORD-104136,Arabic,Main,Lamb Mandi,1,62.0,62.0
ORD-104136,Arabic,Starter,Hummus,1,22.0,22.0
ORD-104136,Italian,Beverage,Italian Lemon Soda,1,18.0,18.0
ORD-104137,Continental,Main,Grilled Chicken with Mash,2,52.0,104.0
ORD-104137,Continental,Main,Classic Beef Burger,1,48.0,48.0
ORD-104137,Continental,Side,French Fries,2,16.0,32.0
ORD-104138,Italian,Main,Pepperoni Pizza,1,52.0,52.0
ORD-104138,Chinese,Main,Chicken Fried Rice,1,34.0,34.0
ORD-104139,Italian,Main,Margherita Pizza,1,45.0,45.0
ORD-104139,Italian,Main,Fettuccine Alfredo,1,48.0,48.0
ORD-104139,Italian,Beverage,Italian Lemon Soda,2,18.0,36.0
ORD-104140,Continental,Main,Grilled Chicken Burger,2,42.0,84.0
ORD-104140,Continental,Main,Classic Beef Burger,1,48.0,48.0
ORD-104141,Arabic,Main,Lamb Mandi,1,62.0,62.0
ORD-104141,Continental,Main,Grilled Salmon,1,78.0,78.0
ORD-104141,Arabic,Starter,Hummus,1,22.0,22.0
ORD-104141,Arabic,Beverage,Mint Lemonade,1,18.0,18.0
ORD-104142,Chinese,Main,Chicken Fried Rice,1,34.0,34.0
ORD-104142,Chinese,Main,Kung Pao Chicken,1,44.0,44.0
ORD-104142,Chinese,Starter,Chicken Dim Sum,1,34.0,34.0
ORD-104143,Indian,Main,Dal Makhani,1,32.0,32.0
ORD-104143,Indian,Main,Butter Chicken,1,45.0,45.0
ORD-104143,Indian,Side,Jeera Rice,1,14.0,14.0
ORD-104143,Indian,Beverage,Mango Lassi,1,16.0,16.0
ORD-104144,Chinese,Main,Kung Pao Chicken,1,44.0,44.0
ORD-104145,Arabic,Main,Mixed Grill,1,75.0,75.0
ORD-104145,Arabic,Main,Chicken Shawarma Plate,1,38.0,38.0
ORD-104146,Indian,Main,Palak Paneer,1,34.0,34.0
ORD-104146,Indian,Starter,Vegetable Samosa,1,16.0,16.0
ORD-104146,Indian,Side,Garlic Naan,1,8.0,8.0
ORD-104146,Indian,Beverage,Mango Lassi,1,16.0,16.0
ORD-104147,Italian,Main,Margherita Pizza,1,45.0,45.0
ORD-104147,Italian,Side,Garlic Bread,1,18.0,18.0
ORD-104147,Italian,Beverage,Italian Lemon Soda,1,18.0,18.0
ORD-104148,Arabic,Main,Chicken Shawarma Plate,1,38.0,38.0
ORD-104148,Arabic,Starter,Hummus,1,22.0,22.0
ORD-104148,Arabic,Dessert,Umm Ali,1,26.0,26.0
ORD-104149,Continental,Main,Grilled Chicken Burger,1,42.0,42.0
ORD-104149,Continental,Main,Fish and Chips,1,50.0,50.0
ORD-104149,Continental,Starter,Chicken Wings,1,34.0,34.0
ORD-104149,Continental,Side,French Fries,1,16.0,16.0
ORD-104149,Continental,Beverage,Chocolate Milkshake,2,22.0,44.0
ORD-104150,Indian,Main,Dal Makhani,1,32.0,32.0
ORD-104150,Indian,Side,Jeera Rice,1,14.0,14.0
ORD-104150,Indian,Beverage,Mango Lassi,1,16.0,16.0
ORD-104151,Chinese,Main,Kung Pao Chicken,1,44.0,44.0
ORD-104151,Italian,Main,Margherita Pizza,1,45.0,45.0
ORD-104151,Chinese,Main,Szechuan Beef,1,52.0,52.0
ORD-104152,Continental,Main,Grilled Chicken Burger,1,42.0,42.0
ORD-104153,Continental,Main,Grilled Salmon,1,78.0,78.0
ORD-104153,Continental,Main,Grilled Chicken Burger,1,42.0,42.0
ORD-104153,Continental,Beverage,Chocolate Milkshake,1,22.0,22.0
ORD-104154,Arabic,Main,Mixed Grill,1,75.0,75.0
ORD-104154,Arabic,Side,Arabic Rice,1,12.0,12.0
ORD-104154,Arabic,Beverage,Mint Lemonade,1,18.0,18.0
ORD-104155,Italian,Main,Beef Lasagna,1,55.0,55.0
ORD-104155,Italian,Beverage,Italian Lemon Soda,1,18.0,18.0
ORD-104156,Arabic,Main,Chicken Shawarma Plate,1,38.0,38.0
ORD-104156,Arabic,Dessert,Kunafa,1,28.0,28.0
ORD-104157,Continental,Main,Grilled Chicken with Mash,2,52.0,104.0
ORD-104157,Continental,Starter,Soup of the Day,1,22.0,22.0
ORD-104158,Chinese,Main,Chicken Manchurian,1,38.0,38.0
ORD-104158,Chinese,Main,Veg Hakka Noodles,1,32.0,32.0
ORD-104158,Chinese,Beverage,Jasmine Tea,1,12.0,12.0
ORD-104159,Arabic,Main,Falafel Wrap,1,22.0,22.0
ORD-104159,Arabic,Main,Chicken Machboos,1,48.0,48.0
ORD-104159,Arabic,Starter,Mutabbal,1,22.0,22.0
ORD-104159,Arabic,Dessert,Kunafa,1,28.0,28.0
ORD-104160,Arabic,Main,Chicken Machboos,1,48.0,48.0
ORD-104160,Arabic,Beverage,Mint Lemonade,1,18.0,18.0
ORD-104161,Italian,Main,Beef Lasagna,1,55.0,55.0
ORD-104161,Italian,Side,Garlic Bread,1,18.0,18.0
ORD-104161,Italian,Dessert,Tiramisu,1,30.0,30.0
ORD-104162,Indian,Main,Butter Chicken,1,45.0,45.0
ORD-104162,Indian,Main,Chicken Biryani,1,42.0,42.0
ORD-104162,Indian,Starter,Paneer Tikka,1,32.0,32.0
ORD-104162,Indian,Side,Garlic Naan,2,8.0,16.0
ORD-104162,Indian,Beverage,Mango Lassi,1,16.0,16.0
ORD-104163,Italian,Main,Margherita Pizza,1,45.0,45.0
ORD-104163,Italian,Side,Garlic Bread,1,18.0,18.0
ORD-104164,Arabic,Main,Falafel Wrap,1,22.0,22.0
ORD-104164,Arabic,Main,Chicken Machboos,1,48.0,48.0
ORD-104164,Arabic,Side,Arabic Rice,1,12.0,12.0
ORD-104164,Arabic,Dessert,Kunafa,1,28.0,28.0
ORD-104165,Arabic,Main,Chicken Machboos,1,48.0,48.0
ORD-104165,Chinese,Dessert,Mango Pudding,1,20.0,20.0
ORD-104165,Arabic,Beverage,Mint Lemonade,1,18.0,18.0
ORD-104166,Italian,Main,Pepperoni Pizza,1,52.0,52.0
ORD-104166,Chinese,Main,Chicken Manchurian,1,38.0,38.0
ORD-104166,Italian,Main,Penne Arrabbiata,1,42.0,42.0
ORD-104166,Italian,Starter,Caesar Salad,1,32.0,32.0
ORD-104166,Italian,Side,Garlic Bread,3,18.0,54.0
ORD-104167,Arabic,Main,Lamb Mandi,1,62.0,62.0
ORD-104167,Arabic,Side,Arabic Rice,1,12.0,12.0
ORD-104167,Arabic,Dessert,Kunafa,1,28.0,28.0
ORD-104167,Arabic,Beverage,Mint Lemonade,1,18.0,18.0
ORD-104168,Arabic,Main,Chicken Machboos,1,48.0,48.0
ORD-104169,Arabic,Main,Chicken Shawarma Plate,1,38.0,38.0
ORD-104169,Arabic,Starter,Fattoush,1,24.0,24.0
ORD-104170,Italian,Main,Pepperoni Pizza,1,52.0,52.0
ORD-104170,Italian,Starter,Caesar Salad,1,32.0,32.0
ORD-104170,Italian,Beverage,Italian Lemon Soda,1,18.0,18.0
ORD-104171,Italian,Main,Pepperoni Pizza,1,52.0,52.0
ORD-104171,Italian,Main,Margherita Pizza,1,45.0,45.0
ORD-104171,Italian,Beverage,Italian Lemon Soda,2,18.0,36.0
ORD-104172,Italian,Main,Pepperoni Pizza,1,52.0,52.0
ORD-104172,Italian,Main,Fettuccine Alfredo,1,48.0,48.0
ORD-104173,Italian,Main,Fettuccine Alfredo,1,48.0,48.0
ORD-104173,Italian,Dessert,Tiramisu,1,30.0,30.0
ORD-104173,Italian,Beverage,Italian Lemon Soda,1,18.0,18.0
ORD-104174,Arabic,Main,Lamb Mandi,1,62.0,62.0
ORD-104174,Arabic,Starter,Hummus,1,22.0,22.0
ORD-104175,Arabic,Main,Mixed Grill,1,75.0,75.0
ORD-104175,Arabic,Main,Falafel Wrap,2,22.0,44.0
ORD-104175,Arabic,Side,Arabic Rice,2,12.0,24.0
ORD-104176,Indian,Main,Butter Chicken,1,45.0,45.0
ORD-104177,Indian,Main,Dal Makhani,1,32.0,32.0
ORD-104177,Indian,Starter,Paneer Tikka,1,32.0,32.0
ORD-104177,Indian,Side,Jeera Rice,1,14.0,14.0
ORD-104177,Indian,Beverage,Mango Lassi,1,16.0,16.0
ORD-104178,Arabic,Main,Mixed Grill,1,75.0,75.0
ORD-104178,Arabic,Dessert,Kunafa,1,28.0,28.0
ORD-104179,Arabic,Main,Mixed Grill,1,75.0,75.0
ORD-104179,Arabic,Beverage,Mint Lemonade,1,18.0,18.0
ORD-104180,Continental,Main,Classic Beef Burger,1,48.0,48.0
ORD-104180,Continental,Starter,Chicken Wings,1,34.0,34.0
ORD-104181,Arabic,Main,Chicken Machboos,1,48.0,48.0
ORD-104181,Arabic,Dessert,Kunafa,1,28.0,28.0
ORD-104182,Chinese,Main,Chicken Manchurian,1,38.0,38.0
ORD-104183,Indian,Main,Chicken Biryani,1,42.0,42.0
ORD-104183,Indian,Side,Garlic Naan,1,8.0,8.0
ORD-104183,Indian,Dessert,Gulab Jamun,1,18.0,18.0
ORD-104184,Italian,Main,Fettuccine Alfredo,1,48.0,48.0
ORD-104184,Italian,Main,Margherita Pizza,1,45.0,45.0
ORD-104184,Italian,Starter,Bruschetta,1,26.0,26.0
ORD-104184,Italian,Side,Garlic Bread,1,18.0,18.0
ORD-104184,Italian,Beverage,Italian Lemon Soda,1,18.0,18.0
ORD-104185,Italian,Main,Fettuccine Alfredo,1,48.0,48.0
ORD-104185,Italian,Main,Beef Lasagna,1,55.0,55.0
ORD-104185,Italian,Main,Pepperoni Pizza,1,52.0,52.0
ORD-104185,Italian,Beverage,Italian Lemon Soda,3,18.0,54.0
ORD-104186,Indian,Main,Mutton Biryani,1,52.0,52.0
ORD-104186,Indian,Main,Butter Chicken,1,45.0,45.0
ORD-104187,Indian,Main,Chicken Biryani,1,42.0,42.0
ORD-104187,Indian,Starter,Chicken Tikka,1,36.0,36.0
ORD-104187,Indian,Side,Jeera Rice,1,14.0,14.0
ORD-104188,Arabic,Main,Chicken Machboos,1,48.0,48.0
ORD-104188,Indian,Main,Dal Makhani,1,32.0,32.0
ORD-104188,Arabic,Starter,Mutabbal,1,22.0,22.0
ORD-104188,Arabic,Dessert,Kunafa,1,28.0,28.0
ORD-104189,Chinese,Main,Kung Pao Chicken,1,44.0,44.0
ORD-104189,Chinese,Main,Veg Hakka Noodles,1,32.0,32.0
ORD-104189,Chinese,Starter,Hot and Sour Soup,1,24.0,24.0
ORD-104189,Chinese,Dessert,Mango Pudding,1,20.0,20.0
ORD-104189,Chinese,Beverage,Jasmine Tea,1,12.0,12.0
ORD-104190,Indian,Main,Dal Makhani,1,32.0,32.0
ORD-104190,Indian,Side,Jeera Rice,1,14.0,14.0
ORD-104191,Indian,Main,Chicken Biryani,1,42.0,42.0
ORD-104191,Indian,Starter,Paneer Tikka,1,32.0,32.0
ORD-104191,Indian,Side,Jeera Rice,1,14.0,14.0
ORD-104191,Indian,Beverage,Mango Lassi,1,16.0,16.0
ORD-104192,Arabic,Main,Falafel Wrap,1,22.0,22.0
ORD-104192,Arabic,Starter,Mutabbal,1,22.0,22.0
ORD-104193,Arabic,Main,Falafel Wrap,1,22.0,22.0
ORD-104194,Arabic,Main,Falafel Wrap,1,22.0,22.0
ORD-104194,Arabic,Starter,Hummus,1,22.0,22.0
ORD-104194,Arabic,Side,Arabic Rice,1,12.0,12.0
ORD-104195,Arabic,Main,Mixed Grill,1,75.0,75.0
ORD-104195,Arabic,Side,Arabic Rice,1,12.0,12.0
ORD-104195,Arabic,Beverage,Mint Lemonade,1,18.0,18.0
ORD-104196,Arabic,Main,Falafel Wrap,1,22.0,22.0
ORD-104196,Arabic,Side,Arabic Rice,1,12.0,12.0
ORD-104196,Arabic,Beverage,Mint Lemonade,1,18.0,18.0
ORD-104197,Arabic,Main,Falafel Wrap,2,22.0,44.0
ORD-104198,Chinese,Main,Chicken Manchurian,1,38.0,38.0
ORD-104198,Chinese,Main,Szechuan Beef,1,52.0,52.0
ORD-104198,Chinese,Starter,Hot and Sour Soup,1,24.0,24.0
ORD-104199,Indian,Main,Dal Makhani,1,32.0,32.0
ORD-104199,Indian,Side,Jeera Rice,1,14.0,14.0
ORD-104200,Arabic,Main,Mixed Grill,1,75.0,75.0
ORD-104200,Arabic,Main,Chicken Shawarma Plate,1,38.0,38.0
ORD-104200,Arabic,Dessert,Umm Ali,1,26.0,26.0
ORD-104201,Arabic,Main,Falafel Wrap,1,22.0,22.0
ORD-104201,Chinese,Beverage,Jasmine Tea,1,12.0,12.0
ORD-104202,Italian,Main,Penne Arrabbiata,1,42.0,42.0
ORD-104202,Italian,Main,Pepperoni Pizza,1,52.0,52.0
ORD-104202,Italian,Side,Garlic Bread,1,18.0,18.0
ORD-104203,Arabic,Main,Mixed Grill,2,75.0,150.0
ORD-104203,Arabic,Main,Lamb Mandi,1,62.0,62.0
ORD-104203,Arabic,Starter,Fattoush,1,24.0,24.0
ORD-104204,Continental,Main,Grilled Salmon,1,78.0,78.0
ORD-104204,Continental,Beverage,Chocolate Milkshake,1,22.0,22.0
ORD-104205,Arabic,Main,Chicken Machboos,1,48.0,48.0
ORD-104205,Arabic,Main,Lamb Mandi,1,62.0,62.0
ORD-104205,Arabic,Starter,Hummus,1,22.0,22.0
ORD-104205,Arabic,Side,Arabic Rice,2,12.0,24.0
ORD-104205,Arabic,Dessert,Kunafa,1,28.0,28.0
ORD-104205,Arabic,Beverage,Mint Lemonade,1,18.0,18.0
ORD-104206,Chinese,Main,Chicken Manchurian,1,38.0,38.0
ORD-104206,Continental,Dessert,New York Cheesecake,1,28.0,28.0
ORD-104207,Arabic,Main,Lamb Mandi,1,62.0,62.0
ORD-104207,Arabic,Starter,Fattoush,1,24.0,24.0
ORD-104207,Arabic,Beverage,Mint Lemonade,1,18.0,18.0
ORD-104208,Indian,Main,Palak Paneer,1,34.0,34.0
ORD-104208,Indian,Main,Dal Makhani,1,32.0,32.0
ORD-104209,Arabic,Main,Falafel Wrap,2,22.0,44.0
ORD-104209,Arabic,Main,Lamb Mandi,1,62.0,62.0
ORD-104210,Arabic,Main,Lamb Mandi,1,62.0,62.0
ORD-104210,Arabic,Starter,Hummus,1,22.0,22.0
ORD-104211,Arabic,Main,Chicken Shawarma Plate,1,38.0,38.0
ORD-104211,Arabic,Starter,Hummus,1,22.0,22.0
ORD-104211,Arabic,Beverage,Mint Lemonade,1,18.0,18.0
ORD-104212,Indian,Main,Chicken Biryani,1,42.0,42.0
ORD-104212,Indian,Starter,Chicken Tikka,1,36.0,36.0
ORD-104212,Indian,Side,Garlic Naan,1,8.0,8.0
ORD-104212,Indian,Beverage,Mango Lassi,1,16.0,16.0
ORD-104213,Indian,Main,Palak Paneer,1,34.0,34.0
ORD-104213,Indian,Main,Mutton Biryani,1,52.0,52.0
ORD-104213,Indian,Side,Garlic Naan,2,8.0,16.0
ORD-104214,Indian,Main,Palak Paneer,1,34.0,34.0
ORD-104214,Indian,Main,Chicken Biryani,1,42.0,42.0
ORD-104214,Indian,Side,Jeera Rice,2,14.0,28.0
ORD-104215,Continental,Main,Grilled Chicken with Mash,1,52.0,52.0
ORD-104215,Continental,Side,French Fries,1,16.0,16.0
ORD-104215,Continental,Dessert,Chocolate Brownie,1,24.0,24.0
ORD-104215,Continental,Beverage,Chocolate Milkshake,1,22.0,22.0
ORD-104216,Indian,Main,Chicken Biryani,1,42.0,42.0
ORD-104216,Indian,Beverage,Mango Lassi,1,16.0,16.0
ORD-104217,Indian,Main,Dal Makhani,1,32.0,32.0
ORD-104217,Indian,Side,Jeera Rice,1,14.0,14.0
ORD-104218,Arabic,Main,Chicken Machboos,2,48.0,96.0
ORD-104218,Arabic,Dessert,Kunafa,1,28.0,28.0
ORD-104218,Arabic,Beverage,Mint Lemonade,2,18.0,36.0
ORD-104219,Italian,Main,Fettuccine Alfredo,1,48.0,48.0
ORD-104219,Italian,Main,Penne Arrabbiata,1,42.0,42.0
ORD-104219,Italian,Starter,Caesar Salad,1,32.0,32.0
ORD-104219,Italian,Side,Garlic Bread,1,18.0,18.0
ORD-104220,Continental,Main,Grilled Chicken Burger,1,42.0,42.0
ORD-104220,Continental,Main,Classic Beef Burger,1,48.0,48.0
ORD-104220,Continental,Dessert,New York Cheesecake,1,28.0,28.0
ORD-104221,Indian,Main,Butter Chicken,1,45.0,45.0
ORD-104221,Indian,Main,Dal Makhani,1,32.0,32.0
ORD-104221,Indian,Main,Chicken Biryani,1,42.0,42.0
ORD-104221,Indian,Side,Garlic Naan,2,8.0,16.0
ORD-104221,Indian,Beverage,Mango Lassi,3,16.0,48.0
ORD-104222,Indian,Main,Chicken Biryani,1,42.0,42.0
ORD-104222,Indian,Side,Garlic Naan,1,8.0,8.0
ORD-104222,Indian,Beverage,Mango Lassi,1,16.0,16.0
ORD-104223,Arabic,Main,Chicken Machboos,2,48.0,96.0
ORD-104223,Arabic,Starter,Hummus,1,22.0,22.0
ORD-104223,Arabic,Dessert,Kunafa,1,28.0,28.0
ORD-104224,Chinese,Main,Veg Hakka Noodles,1,32.0,32.0
ORD-104225,Italian,Main,Beef Lasagna,1,55.0,55.0
ORD-104225,Italian,Main,Penne Arrabbiata,1,42.0,42.0
ORD-104225,Italian,Side,Garlic Bread,2,18.0,36.0
ORD-104226,Indian,Main,Butter Chicken,1,45.0,45.0
ORD-104226,Indian,Starter,Chicken Tikka,1,36.0,36.0
ORD-104226,Indian,Side,Garlic Naan,1,8.0,8.0
ORD-104226,Indian,Dessert,Gulab Jamun,1,18.0,18.0
ORD-104227,Arabic,Main,Chicken Shawarma Plate,1,38.0,38.0
ORD-104227,Arabic,Starter,Hummus,1,22.0,22.0
ORD-104227,Arabic,Side,Arabic Rice,1,12.0,12.0
ORD-104228,Italian,Main,Pepperoni Pizza,1,52.0,52.0
ORD-104228,Italian,Main,Beef Lasagna,1,55.0,55.0
ORD-104228,Italian,Beverage,Italian Lemon Soda,2,18.0,36.0
ORD-104229,Indian,Main,Chicken Biryani,1,42.0,42.0
ORD-104229,Indian,Side,Garlic Naan,1,8.0,8.0
ORD-104229,Indian,Dessert,Gulab Jamun,1,18.0,18.0
ORD-104229,Indian,Beverage,Mango Lassi,1,16.0,16.0
ORD-104230,Chinese,Main,Veg Hakka Noodles,1,32.0,32.0
ORD-104230,Chinese,Starter,Spring Rolls,1,22.0,22.0
ORD-104230,Chinese,Beverage,Jasmine Tea,1,12.0,12.0
ORD-104231,Indian,Main,Dal Makhani,1,32.0,32.0
ORD-104231,Indian,Starter,Paneer Tikka,1,32.0,32.0
ORD-104231,Indian,Beverage,Mango Lassi,1,16.0,16.0
ORD-104232,Indian,Main,Palak Paneer,1,34.0,34.0
ORD-104233,Italian,Main,Beef Lasagna,1,55.0,55.0
ORD-104233,Italian,Main,Margherita Pizza,1,45.0,45.0
ORD-104234,Indian,Main,Chicken Biryani,1,42.0,42.0
ORD-104234,Indian,Main,Butter Chicken,1,45.0,45.0
ORD-104234,Indian,Main,Mutton Biryani,1,52.0,52.0
ORD-104234,Indian,Starter,Vegetable Samosa,1,16.0,16.0
ORD-104234,Indian,Side,Jeera Rice,1,14.0,14.0
ORD-104234,Indian,Beverage,Mango Lassi,1,16.0,16.0
ORD-104235,Indian,Main,Mutton Biryani,1,52.0,52.0
ORD-104235,Indian,Starter,Vegetable Samosa,1,16.0,16.0
ORD-104235,Indian,Side,Garlic Naan,1,8.0,8.0
ORD-104235,Indian,Beverage,Mango Lassi,1,16.0,16.0
ORD-104236,Indian,Main,Palak Paneer,1,34.0,34.0
ORD-104236,Indian,Main,Chicken Biryani,1,42.0,42.0
ORD-104236,Indian,Side,Garlic Naan,2,8.0,16.0
ORD-104236,Indian,Beverage,Mango Lassi,1,16.0,16.0
ORD-104237,Indian,Main,Chicken Biryani,1,42.0,42.0
ORD-104237,Indian,Starter,Vegetable Samosa,1,16.0,16.0
ORD-104237,Indian,Side,Garlic Naan,1,8.0,8.0
ORD-104238,Italian,Main,Margherita Pizza,1,45.0,45.0
ORD-104238,Italian,Beverage,Italian Lemon Soda,1,18.0,18.0
ORD-104239,Arabic,Main,Lamb Mandi,1,62.0,62.0
ORD-104239,Chinese,Main,Chicken Manchurian,1,38.0,38.0
ORD-104239,Chinese,Starter,Chicken Dim Sum,1,34.0,34.0
ORD-104239,Arabic,Dessert,Kunafa,1,28.0,28.0
ORD-104240,Chinese,Main,Szechuan Beef,1,52.0,52.0
ORD-104240,Arabic,Main,Chicken Shawarma Plate,1,38.0,38.0
ORD-104241,Indian,Main,Chicken Biryani,2,42.0,84.0
ORD-104241,Indian,Starter,Vegetable Samosa,1,16.0,16.0
ORD-104241,Indian,Side,Garlic Naan,2,8.0,16.0
ORD-104241,Indian,Beverage,Mango Lassi,2,16.0,32.0
ORD-104242,Arabic,Main,Falafel Wrap,1,22.0,22.0
ORD-104242,Arabic,Main,Mixed Grill,1,75.0,75.0
ORD-104242,Arabic,Side,Arabic Rice,1,12.0,12.0
ORD-104242,Arabic,Dessert,Umm Ali,1,26.0,26.0
ORD-104243,Italian,Main,Penne Arrabbiata,1,42.0,42.0
ORD-104243,Italian,Starter,Caesar Salad,1,32.0,32.0
ORD-104244,Indian,Main,Palak Paneer,1,34.0,34.0
ORD-104244,Arabic,Main,Lamb Mandi,1,62.0,62.0
ORD-104244,Arabic,Starter,Mutabbal,1,22.0,22.0
ORD-104244,Indian,Side,Jeera Rice,1,14.0,14.0
ORD-104244,Arabic,Dessert,Kunafa,1,28.0,28.0
ORD-104245,Continental,Main,Classic Beef Burger,1,48.0,48.0
ORD-104245,Continental,Main,Grilled Salmon,1,78.0,78.0
ORD-104245,Continental,Main,Fish and Chips,1,50.0,50.0
ORD-104245,Continental,Beverage,Chocolate Milkshake,1,22.0,22.0
ORD-104246,Arabic,Main,Mixed Grill,1,75.0,75.0
ORD-104246,Arabic,Side,Arabic Rice,1,12.0,12.0
ORD-104246,Arabic,Beverage,Mint Lemonade,1,18.0,18.0
ORD-104247,Arabic,Main,Mixed Grill,1,75.0,75.0
ORD-104247,Arabic,Starter,Hummus,1,22.0,22.0
ORD-104247,Arabic,Side,Arabic Rice,1,12.0,12.0
ORD-104247,Continental,Beverage,Chocolate Milkshake,1,22.0,22.0
ORD-104248,Continental,Main,Grilled Salmon,1,78.0,78.0
ORD-104248,Continental,Main,Grilled Chicken Burger,1,42.0,42.0
ORD-104248,Continental,Starter,Chicken Wings,1,34.0,34.0
ORD-104248,Continental,Side,French Fries,2,16.0,32.0
ORD-104248,Continental,Beverage,Chocolate Milkshake,1,22.0,22.0
ORD-104249,Indian,Main,Chicken Biryani,2,42.0,84.0
ORD-104249,Indian,Side,Jeera Rice,2,14.0,28.0
ORD-104249,Indian,Beverage,Mango Lassi,2,16.0,32.0
ORD-104250,Continental,Main,Grilled Chicken Burger,1,42.0,42.0
ORD-104251,Chinese,Main,Chicken Manchurian,1,38.0,38.0
ORD-104252,Chinese,Main,Chicken Manchurian,1,38.0,38.0
ORD-104252,Chinese,Main,Veg Hakka Noodles,2,32.0,64.0
ORD-104252,Chinese,Main,Chicken Fried Rice,1,34.0,34.0
ORD-104252,Chinese,Side,Steamed Rice,1,10.0,10.0
ORD-104252,Chinese,Beverage,Jasmine Tea,1,12.0,12.0
ORD-104253,Chinese,Main,Veg Hakka Noodles,1,32.0,32.0
ORD-104253,Chinese,Main,Chicken Fried Rice,1,34.0,34.0
ORD-104254,Arabic,Main,Chicken Shawarma Plate,1,38.0,38.0
ORD-104254,Arabic,Main,Falafel Wrap,1,22.0,22.0
ORD-104254,Arabic,Starter,Fattoush,1,24.0,24.0
ORD-104254,Arabic,Side,Arabic Rice,2,12.0,24.0
ORD-104254,Arabic,Dessert,Umm Ali,1,26.0,26.0
ORD-104255,Indian,Main,Palak Paneer,1,34.0,34.0
ORD-104255,Indian,Main,Chicken Biryani,2,42.0,84.0
ORD-104255,Indian,Starter,Chicken Tikka,1,36.0,36.0
ORD-104255,Indian,Side,Jeera Rice,2,14.0,28.0
ORD-104255,Indian,Beverage,Mango Lassi,3,16.0,48.0
ORD-104256,Indian,Main,Mutton Biryani,1,52.0,52.0
ORD-104256,Indian,Main,Dal Makhani,1,32.0,32.0
ORD-104256,Indian,Side,Garlic Naan,1,8.0,8.0
ORD-104257,Arabic,Main,Lamb Mandi,1,62.0,62.0
ORD-104257,Arabic,Main,Mixed Grill,1,75.0,75.0
ORD-104257,Arabic,Side,Arabic Rice,2,12.0,24.0
ORD-104257,Arabic,Beverage,Mint Lemonade,2,18.0,36.0
ORD-104258,Continental,Main,Grilled Chicken with Mash,1,52.0,52.0
ORD-104258,Continental,Starter,Chicken Wings,1,34.0,34.0
ORD-104259,Indian,Main,Chicken Biryani,1,42.0,42.0
ORD-104259,Indian,Starter,Paneer Tikka,1,32.0,32.0
ORD-104259,Indian,Side,Garlic Naan,1,8.0,8.0
ORD-104260,Continental,Main,Classic Beef Burger,1,48.0,48.0
ORD-104260,Chinese,Main,Chicken Manchurian,1,38.0,38.0
ORD-104260,Continental,Starter,Soup of the Day,1,22.0,22.0
ORD-104260,Continental,Side,French Fries,1,16.0,16.0
ORD-104261,Italian,Main,Pepperoni Pizza,1,52.0,52.0
ORD-104262,Continental,Main,Classic Beef Burger,1,48.0,48.0
ORD-104262,Continental,Starter,Chicken Wings,1,34.0,34.0
ORD-104262,Continental,Side,French Fries,1,16.0,16.0
ORD-104263,Indian,Main,Butter Chicken,1,45.0,45.0
ORD-104263,Indian,Main,Mutton Biryani,1,52.0,52.0
ORD-104263,Indian,Starter,Paneer Tikka,1,32.0,32.0
ORD-104263,Indian,Side,Garlic Naan,2,8.0,16.0
ORD-104263,Indian,Beverage,Mango Lassi,2,16.0,32.0
ORD-104264,Italian,Main,Margherita Pizza,1,45.0,45.0
ORD-104264,Italian,Starter,Bruschetta,1,26.0,26.0
ORD-104264,Italian,Side,Garlic Bread,1,18.0,18.0
ORD-104265,Arabic,Main,Chicken Shawarma Plate,1,38.0,38.0
ORD-104265,Continental,Starter,Soup of the Day,1,22.0,22.0
ORD-104265,Arabic,Dessert,Kunafa,1,28.0,28.0
ORD-104265,Continental,Beverage,Chocolate Milkshake,1,22.0,22.0
ORD-104266,Continental,Main,Grilled Chicken Burger,1,42.0,42.0
ORD-104266,Continental,Starter,Chicken Wings,1,34.0,34.0
ORD-104266,Continental,Side,French Fries,1,16.0,16.0
ORD-104267,Arabic,Main,Chicken Shawarma Plate,1,38.0,38.0
ORD-104267,Arabic,Starter,Fattoush,1,24.0,24.0
ORD-104267,Arabic,Side,Arabic Rice,1,12.0,12.0
ORD-104268,Arabic,Main,Chicken Machboos,1,48.0,48.0
ORD-104268,Arabic,Starter,Hummus,1,22.0,22.0
ORD-104268,Arabic,Dessert,Kunafa,1,28.0,28.0
ORD-104269,Chinese,Main,Veg Hakka Noodles,1,32.0,32.0
ORD-104269,Chinese,Beverage,Jasmine Tea,1,12.0,12.0
ORD-104270,Italian,Main,Fettuccine Alfredo,1,48.0,48.0
ORD-104270,Italian,Main,Margherita Pizza,2,45.0,90.0
ORD-104271,Indian,Main,Mutton Biryani,1,52.0,52.0
ORD-104272,Italian,Main,Beef Lasagna,1,55.0,55.0
ORD-104272,Italian,Main,Penne Arrabbiata,1,42.0,42.0
ORD-104272,Italian,Dessert,Tiramisu,1,30.0,30.0
ORD-104272,Italian,Beverage,Italian Lemon Soda,1,18.0,18.0
ORD-104273,Indian,Main,Butter Chicken,1,45.0,45.0
ORD-104273,Indian,Starter,Vegetable Samosa,1,16.0,16.0
ORD-104273,Indian,Side,Garlic Naan,1,8.0,8.0
ORD-104274,Indian,Main,Palak Paneer,1,34.0,34.0
ORD-104274,Indian,Side,Jeera Rice,1,14.0,14.0
ORD-104274,Indian,Beverage,Mango Lassi,1,16.0,16.0
ORD-104275,Chinese,Main,Kung Pao Chicken,1,44.0,44.0
ORD-104275,Continental,Dessert,Chocolate Brownie,1,24.0,24.0
ORD-104275,Chinese,Beverage,Jasmine Tea,1,12.0,12.0
ORD-104276,Continental,Main,Classic Beef Burger,1,48.0,48.0
ORD-104276,Arabic,Starter,Mutabbal,1,22.0,22.0
ORD-104276,Continental,Dessert,Chocolate Brownie,1,24.0,24.0
ORD-104277,Indian,Main,Butter Chicken,1,45.0,45.0
ORD-104277,Indian,Main,Chicken Biryani,1,42.0,42.0
ORD-104277,Indian,Side,Garlic Naan,2,8.0,16.0
ORD-104278,Indian,Main,Butter Chicken,1,45.0,45.0
ORD-104278,Indian,Side,Garlic Naan,1,8.0,8.0
ORD-104278,Indian,Dessert,Gulab Jamun,1,18.0,18.0
ORD-104279,Italian,Main,Pepperoni Pizza,1,52.0,52.0
ORD-104279,Italian,Main,Margherita Pizza,1,45.0,45.0
ORD-104279,Italian,Starter,Bruschetta,1,26.0,26.0
ORD-104279,Italian,Dessert,Tiramisu,1,30.0,30.0
ORD-104280,Continental,Main,Grilled Chicken Burger,1,42.0,42.0
ORD-104280,Indian,Starter,Paneer Tikka,1,32.0,32.0
ORD-104280,Continental,Side,French Fries,1,16.0,16.0
ORD-104281,Chinese,Main,Kung Pao Chicken,1,44.0,44.0
ORD-104281,Chinese,Beverage,Jasmine Tea,1,12.0,12.0
ORD-104282,Indian,Main,Dal Makhani,1,32.0,32.0
ORD-104282,Indian,Side,Jeera Rice,1,14.0,14.0
ORD-104282,Indian,Dessert,Gulab Jamun,1,18.0,18.0
ORD-104283,Indian,Main,Palak Paneer,1,34.0,34.0
ORD-104283,Indian,Starter,Paneer Tikka,1,32.0,32.0
ORD-104283,Indian,Dessert,Gulab Jamun,1,18.0,18.0
ORD-104283,Indian,Beverage,Mango Lassi,1,16.0,16.0
ORD-104284,Italian,Main,Beef Lasagna,1,55.0,55.0
ORD-104284,Italian,Main,Fettuccine Alfredo,1,48.0,48.0
ORD-104284,Italian,Beverage,Italian Lemon Soda,1,18.0,18.0
ORD-104285,Chinese,Main,Veg Hakka Noodles,1,32.0,32.0
ORD-104285,Chinese,Side,Steamed Rice,1,10.0,10.0
ORD-104286,Italian,Main,Beef Lasagna,1,55.0,55.0
ORD-104286,Italian,Side,Garlic Bread,1,18.0,18.0
ORD-104287,Indian,Main,Palak Paneer,1,34.0,34.0
ORD-104287,Indian,Main,Mutton Biryani,1,52.0,52.0
ORD-104287,Indian,Starter,Vegetable Samosa,1,16.0,16.0
ORD-104288,Indian,Main,Dal Makhani,1,32.0,32.0
ORD-104288,Indian,Main,Palak Paneer,1,34.0,34.0
ORD-104288,Indian,Side,Garlic Naan,1,8.0,8.0
ORD-104288,Indian,Dessert,Gulab Jamun,1,18.0,18.0
ORD-104288,Indian,Beverage,Mango Lassi,2,16.0,32.0
ORD-104289,Continental,Main,Grilled Chicken with Mash,1,52.0,52.0
ORD-104289,Continental,Side,French Fries,1,16.0,16.0
ORD-104290,Indian,Main,Butter Chicken,1,45.0,45.0
ORD-104290,Indian,Side,Garlic Naan,1,8.0,8.0
ORD-104291,Italian,Main,Beef Lasagna,1,55.0,55.0
ORD-104292,Italian,Main,Beef Lasagna,1,55.0,55.0
ORD-104292,Italian,Starter,Bruschetta,1,26.0,26.0
ORD-104292,Italian,Side,Garlic Bread,1,18.0,18.0
ORD-104292,Italian,Dessert,Tiramisu,1,30.0,30.0
ORD-104292,Italian,Beverage,Italian Lemon Soda,1,18.0,18.0
ORD-104293,Arabic,Main,Chicken Machboos,1,48.0,48.0
ORD-104294,Arabic,Main,Falafel Wrap,1,22.0,22.0
ORD-104294,Arabic,Dessert,Kunafa,1,28.0,28.0
ORD-104294,Arabic,Beverage,Mint Lemonade,1,18.0,18.0
ORD-104295,Arabic,Main,Falafel Wrap,1,22.0,22.0
ORD-104295,Continental,Starter,Chicken Wings,1,34.0,34.0
ORD-104295,Continental,Beverage,Chocolate Milkshake,1,22.0,22.0
ORD-104296,Indian,Main,Mutton Biryani,1,52.0,52.0
ORD-104296,Indian,Starter,Chicken Tikka,1,36.0,36.0
ORD-104296,Indian,Side,Garlic Naan,1,8.0,8.0
ORD-104296,Indian,Dessert,Gulab Jamun,1,18.0,18.0
ORD-104296,Indian,Beverage,Mango Lassi,1,16.0,16.0
ORD-104297,Arabic,Main,Chicken Shawarma Plate,1,38.0,38.0
ORD-104298,Arabic,Main,Chicken Shawarma Plate,1,38.0,38.0
ORD-104298,Arabic,Side,Arabic Rice,1,12.0,12.0
ORD-104299,Italian,Main,Beef Lasagna,1,55.0,55.0
ORD-104299,Italian,Main,Pepperoni Pizza,1,52.0,52.0
ORD-104299,Italian,Starter,Bruschetta,1,26.0,26.0
ORD-104299,Chinese,Dessert,Mango Pudding,1,20.0,20.0
ORD-104299,Italian,Beverage,Italian Lemon Soda,1,18.0,18.0
ORD-104300,Arabic,Main,Mixed Grill,1,75.0,75.0
ORD-104300,Arabic,Beverage,Mint Lemonade,1,18.0,18.0
ORD-104301,Indian,Main,Palak Paneer,1,34.0,34.0
ORD-104301,Indian,Starter,Paneer Tikka,1,32.0,32.0
ORD-104301,Indian,Side,Garlic Naan,1,8.0,8.0
ORD-104301,Indian,Dessert,Gulab Jamun,1,18.0,18.0
ORD-104301,Indian,Beverage,Mango Lassi,1,16.0,16.0
ORD-104302,Italian,Main,Pepperoni Pizza,2,52.0,104.0
ORD-104302,Italian,Starter,Caesar Salad,1,32.0,32.0
ORD-104302,Italian,Side,Garlic Bread,2,18.0,36.0
ORD-104302,Italian,Dessert,Tiramisu,1,30.0,30.0
ORD-104303,Indian,Main,Palak Paneer,1,34.0,34.0
ORD-104303,Indian,Starter,Paneer Tikka,1,32.0,32.0
ORD-104303,Indian,Side,Garlic Naan,1,8.0,8.0
ORD-104303,Indian,Dessert,Gulab Jamun,1,18.0,18.0
ORD-104304,Chinese,Main,Chicken Manchurian,1,38.0,38.0
ORD-104305,Arabic,Main,Mixed Grill,1,75.0,75.0
ORD-104305,Arabic,Dessert,Kunafa,1,28.0,28.0
ORD-104305,Arabic,Beverage,Mint Lemonade,1,18.0,18.0
ORD-104306,Italian,Main,Margherita Pizza,1,45.0,45.0
ORD-104306,Continental,Main,Grilled Chicken with Mash,1,52.0,52.0
ORD-104307,Italian,Main,Margherita Pizza,1,45.0,45.0
ORD-104307,Italian,Main,Pepperoni Pizza,1,52.0,52.0
ORD-104308,Continental,Main,Grilled Chicken with Mash,2,52.0,104.0
ORD-104308,Continental,Starter,Chicken Wings,1,34.0,34.0
ORD-104309,Italian,Main,Pepperoni Pizza,1,52.0,52.0
ORD-104309,Italian,Main,Penne Arrabbiata,1,42.0,42.0
ORD-104309,Arabic,Beverage,Mint Lemonade,1,18.0,18.0
ORD-104310,Arabic,Main,Chicken Shawarma Plate,1,38.0,38.0
ORD-104310,Arabic,Starter,Mutabbal,1,22.0,22.0
ORD-104310,Arabic,Beverage,Mint Lemonade,1,18.0,18.0
ORD-104311,Indian,Main,Mutton Biryani,1,52.0,52.0
ORD-104311,Indian,Main,Chicken Biryani,1,42.0,42.0
ORD-104311,Indian,Starter,Paneer Tikka,1,32.0,32.0
ORD-104311,Indian,Side,Garlic Naan,1,8.0,8.0
ORD-104312,Arabic,Main,Chicken Shawarma Plate,1,38.0,38.0
ORD-104313,Chinese,Main,Chicken Manchurian,1,38.0,38.0
ORD-104313,Chinese,Main,Szechuan Beef,1,52.0,52.0
ORD-104313,Chinese,Starter,Chicken Dim Sum,1,34.0,34.0
ORD-104313,Chinese,Side,Steamed Rice,2,10.0,20.0
ORD-104313,Chinese,Dessert,Mango Pudding,1,20.0,20.0
ORD-104314,Arabic,Main,Chicken Shawarma Plate,1,38.0,38.0
ORD-104314,Arabic,Main,Falafel Wrap,1,22.0,22.0
ORD-104315,Arabic,Main,Chicken Machboos,1,48.0,48.0
ORD-104315,Arabic,Main,Chicken Shawarma Plate,1,38.0,38.0
ORD-104315,Arabic,Beverage,Mint Lemonade,2,18.0,36.0
ORD-104316,Arabic,Main,Chicken Shawarma Plate,1,38.0,38.0
ORD-104316,Arabic,Main,Lamb Mandi,1,62.0,62.0
ORD-104316,Arabic,Side,Arabic Rice,1,12.0,12.0
ORD-104316,Arabic,Dessert,Kunafa,1,28.0,28.0
ORD-104317,Indian,Main,Butter Chicken,2,45.0,90.0
ORD-104317,Indian,Starter,Paneer Tikka,1,32.0,32.0
ORD-104317,Indian,Side,Garlic Naan,2,8.0,16.0
ORD-104318,Indian,Main,Chicken Biryani,1,42.0,42.0
ORD-104318,Indian,Starter,Chicken Tikka,1,36.0,36.0
ORD-104318,Indian,Side,Garlic Naan,1,8.0,8.0
ORD-104318,Indian,Beverage,Mango Lassi,1,16.0,16.0
ORD-104319,Arabic,Main,Lamb Mandi,1,62.0,62.0
ORD-104319,Italian,Main,Penne Arrabbiata,1,42.0,42.0
ORD-104319,Arabic,Main,Chicken Shawarma Plate,1,38.0,38.0
ORD-104320,Arabic,Main,Lamb Mandi,1,62.0,62.0
ORD-104320,Arabic,Side,Arabic Rice,1,12.0,12.0
ORD-104321,Arabic,Main,Chicken Shawarma Plate,1,38.0,38.0
ORD-104321,Arabic,Main,Chicken Machboos,1,48.0,48.0
ORD-104322,Chinese,Main,Veg Hakka Noodles,1,32.0,32.0
ORD-104322,Chinese,Beverage,Jasmine Tea,1,12.0,12.0
ORD-104323,Indian,Main,Chicken Biryani,1,42.0,42.0
ORD-104323,Indian,Main,Mutton Biryani,1,52.0,52.0
ORD-104324,Indian,Main,Butter Chicken,1,45.0,45.0
ORD-104324,Indian,Side,Garlic Naan,1,8.0,8.0
ORD-104324,Indian,Dessert,Gulab Jamun,1,18.0,18.0
ORD-104324,Indian,Beverage,Mango Lassi,1,16.0,16.0
ORD-104325,Chinese,Main,Veg Hakka Noodles,1,32.0,32.0
ORD-104325,Chinese,Side,Steamed Rice,1,10.0,10.0
ORD-104325,Chinese,Beverage,Jasmine Tea,1,12.0,12.0
ORD-104326,Indian,Main,Butter Chicken,1,45.0,45.0
ORD-104327,Indian,Main,Butter Chicken,1,45.0,45.0
ORD-104327,Indian,Side,Jeera Rice,1,14.0,14.0
ORD-104327,Indian,Beverage,Mango Lassi,1,16.0,16.0
ORD-104328,Indian,Main,Chicken Biryani,1,42.0,42.0
ORD-104328,Indian,Starter,Paneer Tikka,1,32.0,32.0
ORD-104328,Indian,Side,Jeera Rice,1,14.0,14.0
ORD-104329,Italian,Main,Margherita Pizza,1,45.0,45.0
ORD-104330,Indian,Main,Palak Paneer,1,34.0,34.0
ORD-104330,Indian,Side,Jeera Rice,1,14.0,14.0
ORD-104331,Italian,Main,Beef Lasagna,1,55.0,55.0
ORD-104332,Continental,Main,Grilled Chicken Burger,1,42.0,42.0
ORD-104333,Indian,Main,Mutton Biryani,1,52.0,52.0
ORD-104333,Indian,Main,Palak Paneer,1,34.0,34.0
ORD-104333,Indian,Side,Jeera Rice,1,14.0,14.0
ORD-104333,Indian,Beverage,Mango Lassi,1,16.0,16.0
ORD-104334,Continental,Main,Classic Beef Burger,3,48.0,144.0
ORD-104334,Continental,Main,Grilled Chicken Burger,1,42.0,42.0
ORD-104334,Continental,Dessert,New York Cheesecake,1,28.0,28.0
ORD-104334,Continental,Beverage,Chocolate Milkshake,3,22.0,66.0
ORD-104335,Arabic,Main,Mixed Grill,1,75.0,75.0
ORD-104335,Arabic,Main,Chicken Shawarma Plate,1,38.0,38.0
ORD-104335,Arabic,Starter,Hummus,1,22.0,22.0
ORD-104335,Arabic,Side,Arabic Rice,1,12.0,12.0
ORD-104335,Arabic,Beverage,Mint Lemonade,2,18.0,36.0
ORD-104336,Chinese,Main,Chicken Manchurian,2,38.0,76.0
ORD-104336,Chinese,Dessert,Mango Pudding,1,20.0,20.0
ORD-104337,Chinese,Main,Chicken Fried Rice,3,34.0,102.0
ORD-104337,Chinese,Starter,Spring Rolls,1,22.0,22.0
ORD-104337,Chinese,Side,Steamed Rice,3,10.0,30.0
ORD-104338,Continental,Main,Classic Beef Burger,1,48.0,48.0
ORD-104338,Continental,Main,Grilled Chicken with Mash,1,52.0,52.0
ORD-104338,Continental,Starter,Soup of the Day,1,22.0,22.0
ORD-104338,Continental,Side,French Fries,2,16.0,32.0
ORD-104338,Continental,Beverage,Chocolate Milkshake,2,22.0,44.0
ORD-104339,Indian,Main,Chicken Biryani,1,42.0,42.0
ORD-104339,Indian,Starter,Chicken Tikka,1,36.0,36.0
ORD-104340,Italian,Main,Beef Lasagna,1,55.0,55.0
ORD-104340,Italian,Starter,Caesar Salad,1,32.0,32.0
ORD-104340,Indian,Beverage,Mango Lassi,1,16.0,16.0
ORD-104341,Chinese,Main,Chicken Fried Rice,1,34.0,34.0
ORD-104341,Chinese,Beverage,Jasmine Tea,1,12.0,12.0
ORD-104342,Arabic,Main,Falafel Wrap,1,22.0,22.0
ORD-104343,Indian,Main,Palak Paneer,1,34.0,34.0
ORD-104343,Indian,Starter,Paneer Tikka,1,32.0,32.0
ORD-104343,Indian,Side,Jeera Rice,1,14.0,14.0
ORD-104343,Indian,Beverage,Mango Lassi,1,16.0,16.0
ORD-104344,Chinese,Main,Veg Hakka Noodles,1,32.0,32.0
ORD-104344,Chinese,Starter,Spring Rolls,1,22.0,22.0
ORD-104344,Chinese,Beverage,Jasmine Tea,1,12.0,12.0
ORD-104345,Continental,Main,Grilled Chicken with Mash,1,52.0,52.0
ORD-104345,Continental,Beverage,Chocolate Milkshake,1,22.0,22.0
ORD-104346,Continental,Main,Grilled Chicken Burger,1,42.0,42.0
ORD-104346,Continental,Starter,Chicken Wings,1,34.0,34.0
ORD-104346,Continental,Beverage,Chocolate Milkshake,1,22.0,22.0
ORD-104347,Chinese,Main,Kung Pao Chicken,1,44.0,44.0
ORD-104347,Chinese,Side,Steamed Rice,1,10.0,10.0
ORD-104347,Chinese,Dessert,Mango Pudding,1,20.0,20.0
ORD-104347,Chinese,Beverage,Jasmine Tea,1,12.0,12.0
ORD-104348,Indian,Main,Dal Makhani,1,32.0,32.0
ORD-104348,Continental,Main,Classic Beef Burger,1,48.0,48.0
ORD-104348,Indian,Starter,Vegetable Samosa,1,16.0,16.0
ORD-104348,Indian,Side,Jeera Rice,1,14.0,14.0
ORD-104348,Continental,Beverage,Chocolate Milkshake,2,22.0,44.0
ORD-104349,Chinese,Main,Chicken Fried Rice,1,34.0,34.0
ORD-104349,Indian,Starter,Chicken Tikka,1,36.0,36.0
ORD-104350,Italian,Main,Beef Lasagna,2,55.0,110.0
ORD-104350,Italian,Starter,Bruschetta,1,26.0,26.0
ORD-104350,Italian,Side,Garlic Bread,1,18.0,18.0
ORD-104350,Italian,Dessert,Tiramisu,1,30.0,30.0
ORD-104350,Italian,Beverage,Italian Lemon Soda,1,18.0,18.0
ORD-104351,Indian,Main,Chicken Biryani,1,42.0,42.0
ORD-104351,Arabic,Main,Chicken Machboos,1,48.0,48.0
ORD-104351,Indian,Main,Dal Makhani,1,32.0,32.0
ORD-104351,Indian,Side,Garlic Naan,3,8.0,24.0
ORD-104352,Chinese,Main,Kung Pao Chicken,1,44.0,44.0
ORD-104352,Chinese,Beverage,Jasmine Tea,1,12.0,12.0
ORD-104353,Italian,Main,Margherita Pizza,1,45.0,45.0
ORD-104353,Italian,Main,Beef Lasagna,1,55.0,55.0
ORD-104354,Indian,Main,Dal Makhani,1,32.0,32.0
ORD-104354,Indian,Side,Garlic Naan,1,8.0,8.0
ORD-104354,Continental,Beverage,Chocolate Milkshake,1,22.0,22.0
ORD-104355,Italian,Main,Penne Arrabbiata,1,42.0,42.0
ORD-104355,Italian,Main,Beef Lasagna,1,55.0,55.0
ORD-104355,Continental,Main,Classic Beef Burger,1,48.0,48.0
ORD-104355,Italian,Side,Garlic Bread,3,18.0,54.0
ORD-104355,Italian,Beverage,Italian Lemon Soda,2,18.0,36.0
ORD-104356,Italian,Main,Beef Lasagna,1,55.0,55.0
ORD-104356,Italian,Starter,Caesar Salad,1,32.0,32.0
ORD-104356,Italian,Side,Garlic Bread,1,18.0,18.0
ORD-104356,Italian,Beverage,Italian Lemon Soda,1,18.0,18.0
ORD-104357,Arabic,Main,Lamb Mandi,1,62.0,62.0
ORD-104357,Arabic,Starter,Hummus,1,22.0,22.0
ORD-104358,Continental,Main,Grilled Chicken with Mash,1,52.0,52.0
ORD-104358,Continental,Main,Classic Beef Burger,1,48.0,48.0
ORD-104358,Continental,Starter,Chicken Wings,1,34.0,34.0
ORD-104359,Continental,Main,Fish and Chips,1,50.0,50.0
ORD-104359,Continental,Main,Grilled Salmon,1,78.0,78.0
ORD-104359,Arabic,Beverage,Mint Lemonade,2,18.0,36.0
ORD-104360,Indian,Main,Butter Chicken,1,45.0,45.0
ORD-104360,Indian,Side,Garlic Naan,1,8.0,8.0
ORD-104361,Chinese,Main,Veg Hakka Noodles,1,32.0,32.0
ORD-104361,Chinese,Beverage,Jasmine Tea,1,12.0,12.0
ORD-104362,Chinese,Main,Chicken Manchurian,1,38.0,38.0
ORD-104362,Chinese,Main,Szechuan Beef,1,52.0,52.0
ORD-104362,Indian,Starter,Paneer Tikka,1,32.0,32.0
ORD-104362,Chinese,Beverage,Jasmine Tea,2,12.0,24.0
ORD-104363,Arabic,Main,Chicken Shawarma Plate,2,38.0,76.0
ORD-104363,Arabic,Dessert,Kunafa,1,28.0,28.0
ORD-104363,Arabic,Beverage,Mint Lemonade,2,18.0,36.0
ORD-104364,Arabic,Main,Mixed Grill,1,75.0,75.0
ORD-104364,Arabic,Beverage,Mint Lemonade,1,18.0,18.0
ORD-104365,Indian,Main,Chicken Biryani,1,42.0,42.0
ORD-104365,Indian,Side,Jeera Rice,1,14.0,14.0
ORD-104366,Chinese,Main,Kung Pao Chicken,1,44.0,44.0
ORD-104366,Chinese,Dessert,Mango Pudding,1,20.0,20.0
ORD-104366,Chinese,Beverage,Jasmine Tea,1,12.0,12.0
ORD-104367,Indian,Main,Dal Makhani,1,32.0,32.0
ORD-104367,Indian,Starter,Chicken Tikka,1,36.0,36.0
ORD-104367,Indian,Side,Garlic Naan,1,8.0,8.0
ORD-104367,Indian,Beverage,Mango Lassi,1,16.0,16.0
ORD-104368,Arabic,Main,Lamb Mandi,1,62.0,62.0
ORD-104368,Arabic,Beverage,Mint Lemonade,1,18.0,18.0
ORD-104369,Indian,Main,Dal Makhani,1,32.0,32.0
ORD-104370,Indian,Main,Chicken Biryani,1,42.0,42.0
ORD-104370,Indian,Main,Dal Makhani,1,32.0,32.0
ORD-104370,Indian,Starter,Paneer Tikka,1,32.0,32.0
ORD-104370,Indian,Side,Garlic Naan,1,8.0,8.0
ORD-104371,Italian,Main,Margherita Pizza,1,45.0,45.0
ORD-104371,Italian,Starter,Caesar Salad,1,32.0,32.0
ORD-104371,Italian,Beverage,Italian Lemon Soda,1,18.0,18.0
ORD-104372,Indian,Main,Dal Makhani,1,32.0,32.0
ORD-104372,Indian,Side,Garlic Naan,1,8.0,8.0
ORD-104373,Indian,Main,Dal Makhani,1,32.0,32.0
ORD-104373,Indian,Side,Jeera Rice,1,14.0,14.0
ORD-104373,Indian,Beverage,Mango Lassi,1,16.0,16.0
ORD-104374,Arabic,Main,Lamb Mandi,1,62.0,62.0
ORD-104374,Chinese,Main,Chicken Fried Rice,1,34.0,34.0
ORD-104374,Arabic,Main,Chicken Shawarma Plate,1,38.0,38.0
ORD-104374,Chinese,Main,Veg Hakka Noodles,1,32.0,32.0
ORD-104374,Arabic,Side,Arabic Rice,2,12.0,24.0
ORD-104374,Chinese,Beverage,Jasmine Tea,1,12.0,12.0
ORD-104375,Arabic,Main,Chicken Machboos,1,48.0,48.0
ORD-104375,Arabic,Starter,Fattoush,1,24.0,24.0
ORD-104375,Arabic,Dessert,Kunafa,1,28.0,28.0
ORD-104375,Arabic,Beverage,Mint Lemonade,1,18.0,18.0
ORD-104376,Indian,Main,Butter Chicken,1,45.0,45.0
ORD-104376,Indian,Starter,Vegetable Samosa,1,16.0,16.0
ORD-104376,Indian,Beverage,Mango Lassi,1,16.0,16.0
ORD-104377,Indian,Main,Chicken Biryani,1,42.0,42.0
ORD-104377,Indian,Main,Palak Paneer,1,34.0,34.0
ORD-104377,Indian,Starter,Vegetable Samosa,1,16.0,16.0
ORD-104378,Continental,Main,Fish and Chips,1,50.0,50.0
ORD-104378,Continental,Starter,Soup of the Day,1,22.0,22.0
ORD-104378,Continental,Dessert,Chocolate Brownie,1,24.0,24.0
ORD-104378,Continental,Beverage,Chocolate Milkshake,1,22.0,22.0
ORD-104379,Chinese,Main,Chicken Fried Rice,1,34.0,34.0
ORD-104379,Chinese,Beverage,Jasmine Tea,1,12.0,12.0
ORD-104380,Indian,Main,Mutton Biryani,1,52.0,52.0
ORD-104380,Indian,Side,Jeera Rice,1,14.0,14.0
ORD-104381,Indian,Main,Chicken Biryani,1,42.0,42.0
ORD-104381,Indian,Starter,Paneer Tikka,1,32.0,32.0
ORD-104381,Indian,Side,Garlic Naan,1,8.0,8.0
ORD-104381,Indian,Beverage,Mango Lassi,1,16.0,16.0
ORD-104382,Chinese,Main,Szechuan Beef,1,52.0,52.0
ORD-104382,Chinese,Starter,Chicken Dim Sum,1,34.0,34.0
ORD-104382,Chinese,Side,Steamed Rice,1,10.0,10.0
ORD-104382,Chinese,Beverage,Jasmine Tea,1,12.0,12.0
ORD-104383,Arabic,Main,Lamb Mandi,1,62.0,62.0
ORD-104383,Arabic,Beverage,Mint Lemonade,1,18.0,18.0
ORD-104384,Continental,Main,Grilled Chicken Burger,1,42.0,42.0
ORD-104384,Continental,Starter,Chicken Wings,1,34.0,34.0
ORD-104384,Continental,Beverage,Chocolate Milkshake,1,22.0,22.0
ORD-104385,Italian,Main,Pepperoni Pizza,1,52.0,52.0
ORD-104385,Italian,Side,Garlic Bread,1,18.0,18.0
ORD-104386,Indian,Main,Butter Chicken,1,45.0,45.0
ORD-104386,Indian,Dessert,Gulab Jamun,1,18.0,18.0
ORD-104387,Continental,Main,Fish and Chips,1,50.0,50.0
ORD-104387,Continental,Main,Classic Beef Burger,1,48.0,48.0
ORD-104387,Continental,Dessert,Chocolate Brownie,1,24.0,24.0
ORD-104387,Continental,Beverage,Chocolate Milkshake,2,22.0,44.0
ORD-104388,Continental,Main,Fish and Chips,1,50.0,50.0
ORD-104388,Continental,Starter,Soup of the Day,1,22.0,22.0
ORD-104388,Continental,Beverage,Chocolate Milkshake,1,22.0,22.0
ORD-104389,Continental,Main,Grilled Salmon,1,78.0,78.0
ORD-104390,Arabic,Main,Mixed Grill,1,75.0,75.0
ORD-104390,Arabic,Main,Chicken Machboos,1,48.0,48.0
ORD-104390,Arabic,Side,Arabic Rice,1,12.0,12.0
ORD-104390,Arabic,Dessert,Kunafa,1,28.0,28.0
ORD-104390,Arabic,Beverage,Mint Lemonade,1,18.0,18.0
ORD-104391,Indian,Main,Butter Chicken,1,45.0,45.0
ORD-104392,Continental,Main,Fish and Chips,1,50.0,50.0
ORD-104392,Continental,Main,Classic Beef Burger,1,48.0,48.0
ORD-104392,Continental,Starter,Chicken Wings,1,34.0,34.0
ORD-104392,Continental,Side,French Fries,2,16.0,32.0
ORD-104393,Indian,Main,Chicken Biryani,1,42.0,42.0
ORD-104393,Indian,Beverage,Mango Lassi,1,16.0,16.0
ORD-104394,Arabic,Main,Mixed Grill,1,75.0,75.0
ORD-104394,Arabic,Starter,Mutabbal,1,22.0,22.0
ORD-104394,Arabic,Side,Arabic Rice,1,12.0,12.0
ORD-104395,Italian,Main,Margherita Pizza,1,45.0,45.0
ORD-104395,Italian,Main,Beef Lasagna,1,55.0,55.0
ORD-104395,Italian,Starter,Bruschetta,1,26.0,26.0
ORD-104395,Italian,Beverage,Italian Lemon Soda,1,18.0,18.0
ORD-104396,Continental,Main,Grilled Chicken Burger,1,42.0,42.0
ORD-104396,Continental,Main,Classic Beef Burger,1,48.0,48.0
ORD-104396,Continental,Main,Grilled Salmon,1,78.0,78.0
ORD-104396,Continental,Beverage,Chocolate Milkshake,2,22.0,44.0
ORD-104397,Italian,Main,Pepperoni Pizza,1,52.0,52.0
ORD-104397,Italian,Main,Penne Arrabbiata,1,42.0,42.0
ORD-104397,Italian,Starter,Bruschetta,1,26.0,26.0
ORD-104397,Italian,Dessert,Tiramisu,1,30.0,30.0
ORD-104398,Italian,Main,Beef Lasagna,1,55.0,55.0
ORD-104398,Italian,Starter,Caesar Salad,1,32.0,32.0
ORD-104399,Continental,Main,Grilled Chicken Burger,1,42.0,42.0
ORD-104399,Continental,Dessert,Chocolate Brownie,1,24.0,24.0
ORD-104399,Continental,Beverage,Chocolate Milkshake,1,22.0,22.0
ORD-104400,Arabic,Main,Chicken Machboos,1,48.0,48.0
ORD-104401,Arabic,Main,Lamb Mandi,1,62.0,62.0
ORD-104401,Arabic,Main,Chicken Machboos,1,48.0,48.0
ORD-104401,Arabic,Starter,Mutabbal,1,22.0,22.0
ORD-104402,Continental,Main,Classic Beef Burger,1,48.0,48.0
ORD-104402,Continental,Main,Grilled Salmon,1,78.0,78.0
ORD-104402,Continental,Side,French Fries,2,16.0,32.0
ORD-104403,Chinese,Main,Kung Pao Chicken,1,44.0,44.0
ORD-104403,Arabic,Main,Mixed Grill,1,75.0,75.0
ORD-104403,Chinese,Beverage,Jasmine Tea,1,12.0,12.0
ORD-104404,Arabic,Main,Lamb Mandi,1,62.0,62.0
ORD-104404,Arabic,Beverage,Mint Lemonade,1,18.0,18.0
ORD-104405,Chinese,Main,Kung Pao Chicken,1,44.0,44.0
ORD-104405,Chinese,Starter,Hot and Sour Soup,1,24.0,24.0
ORD-104405,Chinese,Dessert,Mango Pudding,1,20.0,20.0
ORD-104406,Chinese,Main,Chicken Manchurian,1,38.0,38.0
ORD-104406,Chinese,Starter,Spring Rolls,1,22.0,22.0
ORD-104407,Chinese,Main,Veg Hakka Noodles,1,32.0,32.0
ORD-104407,Chinese,Dessert,Mango Pudding,1,20.0,20.0
ORD-104408,Arabic,Main,Lamb Mandi,1,62.0,62.0
ORD-104408,Arabic,Starter,Mutabbal,1,22.0,22.0
ORD-104408,Arabic,Side,Arabic Rice,1,12.0,12.0
ORD-104408,Arabic,Dessert,Umm Ali,1,26.0,26.0
ORD-104408,Arabic,Beverage,Mint Lemonade,1,18.0,18.0
ORD-104409,Continental,Main,Grilled Salmon,1,78.0,78.0
ORD-104409,Continental,Starter,Soup of the Day,1,22.0,22.0
ORD-104410,Indian,Main,Butter Chicken,1,45.0,45.0
ORD-104410,Indian,Starter,Paneer Tikka,1,32.0,32.0
ORD-104410,Indian,Side,Garlic Naan,1,8.0,8.0
ORD-104411,Continental,Main,Grilled Salmon,1,78.0,78.0
ORD-104411,Continental,Dessert,Chocolate Brownie,1,24.0,24.0
ORD-104412,Continental,Main,Grilled Chicken with Mash,1,52.0,52.0
ORD-104413,Continental,Main,Classic Beef Burger,2,48.0,96.0
ORD-104413,Continental,Dessert,New York Cheesecake,1,28.0,28.0
ORD-104414,Arabic,Main,Mixed Grill,1,75.0,75.0
ORD-104415,Continental,Main,Grilled Chicken with Mash,1,52.0,52.0
ORD-104415,Continental,Starter,Chicken Wings,1,34.0,34.0
ORD-104415,Continental,Side,French Fries,1,16.0,16.0
ORD-104416,Continental,Main,Classic Beef Burger,2,48.0,96.0
ORD-104417,Indian,Main,Butter Chicken,1,45.0,45.0
ORD-104417,Indian,Side,Jeera Rice,1,14.0,14.0
ORD-104417,Indian,Beverage,Mango Lassi,1,16.0,16.0
ORD-104418,Chinese,Main,Chicken Fried Rice,1,34.0,34.0
ORD-104418,Chinese,Dessert,Mango Pudding,1,20.0,20.0
ORD-104419,Arabic,Main,Lamb Mandi,1,62.0,62.0
ORD-104419,Indian,Main,Butter Chicken,1,45.0,45.0
ORD-104419,Arabic,Starter,Hummus,1,22.0,22.0
ORD-104420,Indian,Main,Chicken Biryani,2,42.0,84.0
ORD-104420,Indian,Main,Butter Chicken,1,45.0,45.0
ORD-104420,Indian,Starter,Paneer Tikka,1,32.0,32.0
ORD-104420,Indian,Side,Garlic Naan,2,8.0,16.0
ORD-104421,Italian,Main,Pepperoni Pizza,1,52.0,52.0
ORD-104421,Italian,Dessert,Tiramisu,1,30.0,30.0
ORD-104422,Arabic,Main,Mixed Grill,1,75.0,75.0
ORD-104422,Indian,Main,Mutton Biryani,1,52.0,52.0
ORD-104422,Indian,Main,Dal Makhani,1,32.0,32.0
ORD-104422,Indian,Beverage,Mango Lassi,1,16.0,16.0
ORD-104423,Arabic,Main,Falafel Wrap,1,22.0,22.0
ORD-104423,Arabic,Starter,Fattoush,1,24.0,24.0
ORD-104424,Italian,Main,Pepperoni Pizza,1,52.0,52.0
ORD-104424,Italian,Starter,Bruschetta,1,26.0,26.0
ORD-104424,Italian,Beverage,Italian Lemon Soda,1,18.0,18.0
ORD-104425,Arabic,Main,Chicken Machboos,1,48.0,48.0
ORD-104425,Arabic,Starter,Fattoush,1,24.0,24.0
ORD-104426,Arabic,Main,Lamb Mandi,1,62.0,62.0
ORD-104426,Arabic,Dessert,Kunafa,1,28.0,28.0
ORD-104427,Italian,Main,Margherita Pizza,1,45.0,45.0
ORD-104427,Italian,Starter,Bruschetta,1,26.0,26.0
ORD-104427,Italian,Dessert,Tiramisu,1,30.0,30.0
ORD-104428,Italian,Main,Penne Arrabbiata,1,42.0,42.0
ORD-104428,Italian,Side,Garlic Bread,1,18.0,18.0
ORD-104429,Chinese,Main,Chicken Manchurian,2,38.0,76.0
ORD-104429,Chinese,Starter,Hot and Sour Soup,1,24.0,24.0
ORD-104430,Continental,Main,Grilled Chicken Burger,1,42.0,42.0
ORD-104430,Continental,Main,Grilled Chicken with Mash,1,52.0,52.0
ORD-104430,Continental,Starter,Soup of the Day,1,22.0,22.0
ORD-104430,Continental,Side,French Fries,2,16.0,32.0
ORD-104431,Arabic,Main,Chicken Shawarma Plate,1,38.0,38.0
ORD-104431,Italian,Beverage,Italian Lemon Soda,1,18.0,18.0
ORD-104432,Indian,Main,Butter Chicken,1,45.0,45.0
ORD-104432,Indian,Starter,Paneer Tikka,1,32.0,32.0
ORD-104432,Indian,Side,Garlic Naan,1,8.0,8.0
ORD-104432,Indian,Beverage,Mango Lassi,1,16.0,16.0
ORD-104433,Arabic,Main,Mixed Grill,1,75.0,75.0
ORD-104433,Arabic,Main,Chicken Shawarma Plate,2,38.0,76.0
ORD-104434,Italian,Main,Fettuccine Alfredo,1,48.0,48.0
ORD-104434,Italian,Starter,Caesar Salad,1,32.0,32.0
ORD-104434,Italian,Side,Garlic Bread,1,18.0,18.0
ORD-104434,Italian,Beverage,Italian Lemon Soda,1,18.0,18.0
ORD-104435,Arabic,Main,Lamb Mandi,1,62.0,62.0
ORD-104435,Arabic,Main,Falafel Wrap,1,22.0,22.0
ORD-104435,Arabic,Dessert,Kunafa,1,28.0,28.0
ORD-104435,Arabic,Beverage,Mint Lemonade,1,18.0,18.0
ORD-104436,Italian,Main,Penne Arrabbiata,1,42.0,42.0
ORD-104436,Italian,Main,Pepperoni Pizza,2,52.0,104.0
ORD-104436,Italian,Side,Garlic Bread,1,18.0,18.0
ORD-104437,Arabic,Main,Chicken Machboos,1,48.0,48.0
ORD-104438,Arabic,Main,Mixed Grill,1,75.0,75.0
ORD-104438,Arabic,Starter,Fattoush,1,24.0,24.0
ORD-104439,Indian,Main,Palak Paneer,1,34.0,34.0
ORD-104439,Indian,Main,Mutton Biryani,1,52.0,52.0
ORD-104440,Indian,Main,Chicken Biryani,1,42.0,42.0
ORD-104440,Italian,Starter,Bruschetta,1,26.0,26.0
ORD-104440,Indian,Side,Jeera Rice,1,14.0,14.0
ORD-104440,Indian,Beverage,Mango Lassi,1,16.0,16.0
ORD-104441,Indian,Main,Butter Chicken,1,45.0,45.0
ORD-104441,Indian,Dessert,Gulab Jamun,1,18.0,18.0
ORD-104442,Arabic,Main,Chicken Machboos,1,48.0,48.0
ORD-104442,Arabic,Beverage,Mint Lemonade,1,18.0,18.0
ORD-104443,Chinese,Main,Veg Hakka Noodles,1,32.0,32.0
ORD-104443,Chinese,Main,Chicken Manchurian,1,38.0,38.0
ORD-104443,Chinese,Starter,Spring Rolls,1,22.0,22.0
ORD-104443,Chinese,Dessert,Mango Pudding,1,20.0,20.0
ORD-104444,Arabic,Main,Chicken Shawarma Plate,1,38.0,38.0
ORD-104444,Arabic,Starter,Fattoush,1,24.0,24.0
ORD-104445,Arabic,Main,Lamb Mandi,1,62.0,62.0
ORD-104445,Arabic,Side,Arabic Rice,1,12.0,12.0
ORD-104446,Arabic,Main,Mixed Grill,1,75.0,75.0
ORD-104446,Arabic,Starter,Hummus,1,22.0,22.0
ORD-104446,Arabic,Side,Arabic Rice,1,12.0,12.0
ORD-104446,Arabic,Dessert,Kunafa,1,28.0,28.0
ORD-104446,Arabic,Beverage,Mint Lemonade,1,18.0,18.0
ORD-104447,Indian,Main,Chicken Biryani,1,42.0,42.0
ORD-104447,Indian,Main,Mutton Biryani,1,52.0,52.0
ORD-104447,Indian,Side,Garlic Naan,1,8.0,8.0
ORD-104448,Chinese,Main,Chicken Manchurian,1,38.0,38.0
ORD-104448,Chinese,Starter,Spring Rolls,1,22.0,22.0
ORD-104448,Chinese,Side,Steamed Rice,1,10.0,10.0
ORD-104448,Chinese,Beverage,Jasmine Tea,1,12.0,12.0
ORD-104449,Indian,Main,Chicken Biryani,1,42.0,42.0
ORD-104449,Indian,Side,Jeera Rice,1,14.0,14.0
ORD-104449,Indian,Beverage,Mango Lassi,1,16.0,16.0
ORD-104450,Indian,Main,Chicken Biryani,1,42.0,42.0
ORD-104451,Italian,Main,Beef Lasagna,1,55.0,55.0
ORD-104452,Indian,Main,Mutton Biryani,1,52.0,52.0
ORD-104452,Indian,Main,Butter Chicken,1,45.0,45.0
ORD-104452,Indian,Starter,Chicken Tikka,1,36.0,36.0
ORD-104452,Indian,Beverage,Mango Lassi,1,16.0,16.0
ORD-104453,Arabic,Main,Lamb Mandi,1,62.0,62.0
ORD-104453,Arabic,Main,Chicken Shawarma Plate,1,38.0,38.0
ORD-104453,Arabic,Starter,Fattoush,1,24.0,24.0
ORD-104453,Arabic,Side,Arabic Rice,1,12.0,12.0
ORD-104453,Arabic,Dessert,Kunafa,1,28.0,28.0
ORD-104453,Arabic,Beverage,Mint Lemonade,2,18.0,36.0
ORD-104454,Indian,Main,Chicken Biryani,1,42.0,42.0
ORD-104454,Indian,Starter,Chicken Tikka,1,36.0,36.0
ORD-104454,Indian,Side,Jeera Rice,1,14.0,14.0
ORD-104454,Indian,Beverage,Mango Lassi,1,16.0,16.0
ORD-104455,Continental,Main,Fish and Chips,1,50.0,50.0
ORD-104455,Continental,Dessert,Chocolate Brownie,1,24.0,24.0
ORD-104456,Chinese,Main,Veg Hakka Noodles,1,32.0,32.0
ORD-104456,Chinese,Starter,Spring Rolls,1,22.0,22.0
ORD-104457,Indian,Main,Mutton Biryani,1,52.0,52.0
ORD-104457,Indian,Starter,Chicken Tikka,1,36.0,36.0
ORD-104457,Indian,Side,Garlic Naan,1,8.0,8.0
ORD-104458,Arabic,Main,Lamb Mandi,1,62.0,62.0
ORD-104458,Arabic,Starter,Fattoush,1,24.0,24.0
ORD-104459,Continental,Main,Fish and Chips,1,50.0,50.0
ORD-104459,Continental,Starter,Soup of the Day,1,22.0,22.0
ORD-104460,Indian,Main,Dal Makhani,1,32.0,32.0
ORD-104460,Indian,Main,Chicken Biryani,1,42.0,42.0
ORD-104460,Indian,Starter,Vegetable Samosa,1,16.0,16.0
ORD-104460,Indian,Side,Garlic Naan,2,8.0,16.0
ORD-104461,Indian,Main,Mutton Biryani,1,52.0,52.0
ORD-104461,Indian,Main,Palak Paneer,1,34.0,34.0
ORD-104461,Indian,Starter,Paneer Tikka,1,32.0,32.0
ORD-104461,Indian,Side,Jeera Rice,2,14.0,28.0
ORD-104461,Indian,Dessert,Gulab Jamun,1,18.0,18.0
ORD-104461,Chinese,Beverage,Jasmine Tea,1,12.0,12.0
ORD-104462,Arabic,Main,Mixed Grill,2,75.0,150.0
ORD-104462,Arabic,Main,Chicken Shawarma Plate,1,38.0,38.0
ORD-104463,Arabic,Main,Chicken Shawarma Plate,1,38.0,38.0
ORD-104463,Arabic,Main,Chicken Machboos,1,48.0,48.0
ORD-104464,Italian,Main,Pepperoni Pizza,1,52.0,52.0
ORD-104464,Indian,Main,Chicken Biryani,1,42.0,42.0
ORD-104464,Italian,Main,Fettuccine Alfredo,1,48.0,48.0
ORD-104464,Italian,Starter,Caesar Salad,1,32.0,32.0
ORD-104464,Indian,Dessert,Gulab Jamun,1,18.0,18.0
ORD-104464,Italian,Beverage,Italian Lemon Soda,1,18.0,18.0
ORD-104465,Indian,Main,Dal Makhani,1,32.0,32.0
ORD-104466,Arabic,Main,Falafel Wrap,1,22.0,22.0
ORD-104467,Indian,Main,Mutton Biryani,1,52.0,52.0
ORD-104467,Indian,Side,Jeera Rice,1,14.0,14.0
ORD-104467,Indian,Beverage,Mango Lassi,1,16.0,16.0
ORD-104468,Indian,Main,Dal Makhani,1,32.0,32.0
ORD-104468,Indian,Main,Butter Chicken,1,45.0,45.0
ORD-104468,Indian,Side,Jeera Rice,2,14.0,28.0
ORD-104468,Indian,Dessert,Gulab Jamun,1,18.0,18.0
ORD-104469,Chinese,Main,Chicken Fried Rice,1,34.0,34.0
ORD-104469,Chinese,Starter,Hot and Sour Soup,1,24.0,24.0
ORD-104469,Chinese,Dessert,Mango Pudding,1,20.0,20.0
ORD-104470,Chinese,Main,Chicken Manchurian,1,38.0,38.0
ORD-104470,Chinese,Starter,Chicken Dim Sum,1,34.0,34.0
ORD-104470,Chinese,Beverage,Jasmine Tea,1,12.0,12.0
ORD-104471,Arabic,Main,Chicken Machboos,1,48.0,48.0
ORD-104472,Arabic,Main,Lamb Mandi,1,62.0,62.0
ORD-104472,Arabic,Main,Chicken Shawarma Plate,1,38.0,38.0
ORD-104472,Arabic,Main,Chicken Machboos,1,48.0,48.0
ORD-104472,Arabic,Starter,Fattoush,1,24.0,24.0
ORD-104472,Arabic,Beverage,Mint Lemonade,2,18.0,36.0
ORD-104473,Indian,Main,Chicken Biryani,1,42.0,42.0
ORD-104473,Indian,Side,Jeera Rice,1,14.0,14.0
ORD-104474,Arabic,Main,Mixed Grill,1,75.0,75.0
ORD-104474,Arabic,Beverage,Mint Lemonade,1,18.0,18.0
ORD-104475,Chinese,Main,Veg Hakka Noodles,1,32.0,32.0
ORD-104475,Chinese,Side,Steamed Rice,1,10.0,10.0
ORD-104476,Indian,Main,Mutton Biryani,1,52.0,52.0
ORD-104477,Continental,Main,Grilled Chicken with Mash,1,52.0,52.0
ORD-104477,Continental,Side,French Fries,1,16.0,16.0
ORD-104477,Continental,Dessert,New York Cheesecake,1,28.0,28.0
ORD-104477,Indian,Beverage,Mango Lassi,1,16.0,16.0
ORD-104478,Arabic,Main,Chicken Shawarma Plate,1,38.0,38.0
ORD-104478,Arabic,Dessert,Kunafa,1,28.0,28.0
ORD-104478,Arabic,Beverage,Mint Lemonade,1,18.0,18.0
ORD-104479,Italian,Main,Margherita Pizza,1,45.0,45.0
ORD-104479,Italian,Starter,Caesar Salad,1,32.0,32.0
ORD-104479,Italian,Dessert,Tiramisu,1,30.0,30.0
ORD-104479,Italian,Beverage,Italian Lemon Soda,1,18.0,18.0
ORD-104480,Italian,Main,Pepperoni Pizza,1,52.0,52.0
ORD-104480,Italian,Starter,Bruschetta,1,26.0,26.0
ORD-104481,Indian,Main,Chicken Biryani,1,42.0,42.0
ORD-104481,Indian,Main,Butter Chicken,1,45.0,45.0
ORD-104481,Indian,Dessert,Gulab Jamun,1,18.0,18.0
ORD-104481,Indian,Beverage,Mango Lassi,1,16.0,16.0
ORD-104482,Indian,Main,Chicken Biryani,2,42.0,84.0
ORD-104482,Indian,Main,Butter Chicken,1,45.0,45.0
ORD-104482,Indian,Side,Jeera Rice,2,14.0,28.0
ORD-104482,Indian,Dessert,Gulab Jamun,1,18.0,18.0
ORD-104483,Arabic,Main,Lamb Mandi,1,62.0,62.0
ORD-104483,Arabic,Main,Chicken Shawarma Plate,1,38.0,38.0
ORD-104483,Arabic,Starter,Fattoush,1,24.0,24.0
ORD-104483,Arabic,Dessert,Kunafa,1,28.0,28.0
ORD-104483,Arabic,Beverage,Mint Lemonade,2,18.0,36.0
ORD-104484,Arabic,Main,Chicken Machboos,2,48.0,96.0
ORD-104484,Arabic,Starter,Fattoush,1,24.0,24.0
ORD-104484,Italian,Dessert,Tiramisu,1,30.0,30.0
ORD-104485,Arabic,Main,Mixed Grill,1,75.0,75.0
ORD-104485,Arabic,Starter,Fattoush,1,24.0,24.0
ORD-104486,Indian,Main,Palak Paneer,2,34.0,68.0
ORD-104486,Indian,Starter,Vegetable Samosa,1,16.0,16.0
ORD-104486,Indian,Side,Garlic Naan,2,8.0,16.0
ORD-104486,Arabic,Dessert,Kunafa,1,28.0,28.0
ORD-104487,Arabic,Main,Mixed Grill,1,75.0,75.0
ORD-104487,Arabic,Side,Arabic Rice,1,12.0,12.0
ORD-104488,Arabic,Main,Falafel Wrap,1,22.0,22.0
ORD-104488,Arabic,Main,Chicken Shawarma Plate,1,38.0,38.0
ORD-104488,Arabic,Starter,Mutabbal,1,22.0,22.0
ORD-104488,Arabic,Dessert,Umm Ali,1,26.0,26.0
ORD-104488,Arabic,Beverage,Mint Lemonade,1,18.0,18.0
ORD-104489,Continental,Main,Grilled Chicken Burger,1,42.0,42.0
ORD-104490,Continental,Main,Classic Beef Burger,1,48.0,48.0
ORD-104490,Continental,Main,Fish and Chips,1,50.0,50.0
ORD-104490,Continental,Starter,Soup of the Day,1,22.0,22.0
ORD-104490,Continental,Dessert,Chocolate Brownie,1,24.0,24.0
ORD-104490,Continental,Beverage,Chocolate Milkshake,1,22.0,22.0
ORD-104491,Arabic,Main,Chicken Shawarma Plate,1,38.0,38.0
ORD-104491,Arabic,Side,Arabic Rice,1,12.0,12.0
ORD-104491,Arabic,Beverage,Mint Lemonade,1,18.0,18.0
ORD-104492,Chinese,Main,Kung Pao Chicken,2,44.0,88.0
ORD-104492,Chinese,Main,Veg Hakka Noodles,1,32.0,32.0
ORD-104492,Chinese,Starter,Spring Rolls,1,22.0,22.0
ORD-104493,Italian,Main,Penne Arrabbiata,1,42.0,42.0
ORD-104493,Italian,Main,Pepperoni Pizza,1,52.0,52.0
ORD-104493,Italian,Beverage,Italian Lemon Soda,2,18.0,36.0
ORD-104494,Arabic,Main,Falafel Wrap,1,22.0,22.0
ORD-104494,Arabic,Beverage,Mint Lemonade,1,18.0,18.0
ORD-104495,Italian,Main,Beef Lasagna,1,55.0,55.0
ORD-104496,Continental,Main,Grilled Chicken with Mash,1,52.0,52.0
ORD-104496,Continental,Side,French Fries,1,16.0,16.0
ORD-104497,Italian,Main,Fettuccine Alfredo,1,48.0,48.0
ORD-104497,Italian,Starter,Bruschetta,1,26.0,26.0
ORD-104497,Italian,Dessert,Tiramisu,1,30.0,30.0
ORD-104498,Italian,Main,Fettuccine Alfredo,1,48.0,48.0
ORD-104498,Italian,Main,Beef Lasagna,1,55.0,55.0
ORD-104498,Italian,Side,Garlic Bread,1,18.0,18.0
ORD-104499,Chinese,Main,Veg Hakka Noodles,1,32.0,32.0
ORD-104499,Chinese,Main,Chicken Manchurian,1,38.0,38.0
ORD-104499,Chinese,Starter,Chicken Dim Sum,1,34.0,34.0
ORD-104499,Chinese,Beverage,Jasmine Tea,1,12.0,12.0
ORD-104500,Italian,Main,Penne Arrabbiata,1,42.0,42.0
ORD-104501,Chinese,Main,Kung Pao Chicken,1,44.0,44.0
ORD-104501,Continental,Beverage,Chocolate Milkshake,1,22.0,22.0
ORD-104502,Continental,Main,Grilled Chicken with Mash,1,52.0,52.0
ORD-104502,Continental,Side,French Fries,1,16.0,16.0
ORD-104503,Arabic,Main,Lamb Mandi,1,62.0,62.0
ORD-104503,Arabic,Starter,Mutabbal,1,22.0,22.0
ORD-104504,Indian,Main,Butter Chicken,1,45.0,45.0
ORD-104504,Indian,Side,Jeera Rice,1,14.0,14.0
ORD-104505,Arabic,Main,Chicken Machboos,1,48.0,48.0
ORD-104505,Arabic,Main,Chicken Shawarma Plate,1,38.0,38.0
ORD-104505,Arabic,Side,Arabic Rice,2,12.0,24.0
ORD-104506,Italian,Main,Margherita Pizza,1,45.0,45.0
ORD-104506,Italian,Starter,Bruschetta,1,26.0,26.0
ORD-104506,Italian,Dessert,Tiramisu,1,30.0,30.0
ORD-104506,Italian,Beverage,Italian Lemon Soda,1,18.0,18.0
ORD-104507,Indian,Main,Butter Chicken,1,45.0,45.0
ORD-104507,Indian,Starter,Chicken Tikka,1,36.0,36.0
ORD-104507,Indian,Side,Garlic Naan,1,8.0,8.0
ORD-104507,Indian,Dessert,Gulab Jamun,1,18.0,18.0
ORD-104507,Indian,Beverage,Mango Lassi,1,16.0,16.0
ORD-104508,Chinese,Main,Chicken Fried Rice,1,34.0,34.0
ORD-104508,Chinese,Starter,Spring Rolls,1,22.0,22.0
ORD-104508,Chinese,Side,Steamed Rice,1,10.0,10.0
ORD-104509,Arabic,Main,Falafel Wrap,1,22.0,22.0
ORD-104509,Arabic,Main,Chicken Machboos,1,48.0,48.0
ORD-104509,Arabic,Starter,Fattoush,1,24.0,24.0
ORD-104510,Italian,Main,Pepperoni Pizza,1,52.0,52.0
ORD-104510,Italian,Beverage,Italian Lemon Soda,1,18.0,18.0
ORD-104511,Arabic,Main,Falafel Wrap,1,22.0,22.0
ORD-104512,Indian,Main,Palak Paneer,1,34.0,34.0
ORD-104512,Indian,Side,Garlic Naan,1,8.0,8.0
ORD-104513,Italian,Main,Margherita Pizza,1,45.0,45.0
ORD-104514,Arabic,Main,Lamb Mandi,1,62.0,62.0
ORD-104514,Arabic,Beverage,Mint Lemonade,1,18.0,18.0
ORD-104515,Arabic,Main,Mixed Grill,1,75.0,75.0
ORD-104516,Continental,Main,Fish and Chips,1,50.0,50.0
ORD-104516,Continental,Main,Classic Beef Burger,1,48.0,48.0
ORD-104516,Continental,Starter,Chicken Wings,1,34.0,34.0
ORD-104516,Continental,Side,French Fries,2,16.0,32.0
ORD-104517,Indian,Main,Mutton Biryani,1,52.0,52.0
ORD-104517,Indian,Main,Chicken Biryani,1,42.0,42.0
ORD-104517,Indian,Main,Butter Chicken,1,45.0,45.0
ORD-104517,Indian,Starter,Chicken Tikka,1,36.0,36.0
ORD-104517,Indian,Side,Garlic Naan,3,8.0,24.0
ORD-104518,Arabic,Main,Falafel Wrap,1,22.0,22.0
ORD-104518,Arabic,Starter,Hummus,1,22.0,22.0
ORD-104518,Arabic,Side,Arabic Rice,1,12.0,12.0
ORD-104518,Arabic,Dessert,Kunafa,1,28.0,28.0
ORD-104518,Continental,Beverage,Chocolate Milkshake,1,22.0,22.0
ORD-104519,Chinese,Main,Chicken Fried Rice,1,34.0,34.0
ORD-104519,Chinese,Main,Chicken Manchurian,1,38.0,38.0
ORD-104520,Arabic,Main,Chicken Shawarma Plate,1,38.0,38.0
ORD-104520,Arabic,Starter,Fattoush,1,24.0,24.0
ORD-104520,Arabic,Side,Arabic Rice,1,12.0,12.0
ORD-104521,Arabic,Main,Falafel Wrap,1,22.0,22.0
ORD-104521,Chinese,Main,Chicken Fried Rice,2,34.0,68.0
ORD-104521,Arabic,Beverage,Mint Lemonade,3,18.0,54.0
ORD-104522,Continental,Main,Grilled Chicken Burger,1,42.0,42.0
ORD-104523,Italian,Main,Margherita Pizza,2,45.0,90.0
ORD-104524,Continental,Main,Grilled Chicken Burger,1,42.0,42.0
ORD-104524,Continental,Main,Grilled Salmon,1,78.0,78.0
ORD-104525,Continental,Main,Grilled Salmon,2,78.0,156.0
ORD-104525,Continental,Starter,Soup of the Day,1,22.0,22.0
ORD-104525,Continental,Side,French Fries,2,16.0,32.0
ORD-104525,Continental,Dessert,New York Cheesecake,1,28.0,28.0
ORD-104525,Continental,Beverage,Chocolate Milkshake,1,22.0,22.0
ORD-104526,Continental,Main,Fish and Chips,1,50.0,50.0
ORD-104527,Continental,Main,Classic Beef Burger,2,48.0,96.0
ORD-104527,Continental,Starter,Chicken Wings,1,34.0,34.0
ORD-104527,Continental,Side,French Fries,1,16.0,16.0
ORD-104527,Continental,Beverage,Chocolate Milkshake,2,22.0,44.0
ORD-104528,Continental,Main,Grilled Salmon,1,78.0,78.0
ORD-104528,Continental,Main,Grilled Chicken with Mash,1,52.0,52.0
ORD-104528,Continental,Starter,Chicken Wings,1,34.0,34.0
ORD-104529,Italian,Main,Fettuccine Alfredo,1,48.0,48.0
ORD-104529,Indian,Main,Mutton Biryani,1,52.0,52.0
ORD-104529,Italian,Side,Garlic Bread,2,18.0,36.0
ORD-104529,Italian,Beverage,Italian Lemon Soda,1,18.0,18.0
ORD-104530,Chinese,Main,Chicken Manchurian,1,38.0,38.0
ORD-104530,Chinese,Starter,Chicken Dim Sum,1,34.0,34.0
ORD-104530,Chinese,Side,Steamed Rice,1,10.0,10.0
ORD-104530,Chinese,Dessert,Mango Pudding,1,20.0,20.0
ORD-104531,Chinese,Main,Szechuan Beef,1,52.0,52.0
ORD-104532,Arabic,Main,Chicken Machboos,1,48.0,48.0
ORD-104532,Arabic,Side,Arabic Rice,1,12.0,12.0
ORD-104533,Italian,Main,Fettuccine Alfredo,1,48.0,48.0
ORD-104533,Italian,Main,Penne Arrabbiata,1,42.0,42.0
ORD-104533,Italian,Starter,Bruschetta,1,26.0,26.0
ORD-104533,Italian,Beverage,Italian Lemon Soda,2,18.0,36.0
ORD-104534,Italian,Main,Beef Lasagna,1,55.0,55.0
ORD-104534,Continental,Main,Grilled Chicken with Mash,1,52.0,52.0
ORD-104534,Italian,Starter,Bruschetta,1,26.0,26.0
ORD-104534,Italian,Beverage,Italian Lemon Soda,2,18.0,36.0
ORD-104535,Indian,Main,Chicken Biryani,1,42.0,42.0
ORD-104535,Indian,Beverage,Mango Lassi,1,16.0,16.0
ORD-104536,Indian,Main,Palak Paneer,1,34.0,34.0
ORD-104536,Indian,Main,Butter Chicken,1,45.0,45.0
ORD-104536,Indian,Starter,Chicken Tikka,1,36.0,36.0
ORD-104536,Indian,Side,Garlic Naan,2,8.0,16.0
ORD-104536,Indian,Beverage,Mango Lassi,2,16.0,32.0
ORD-104537,Italian,Main,Penne Arrabbiata,1,42.0,42.0
ORD-104537,Italian,Main,Fettuccine Alfredo,1,48.0,48.0
ORD-104537,Chinese,Beverage,Jasmine Tea,1,12.0,12.0
ORD-104538,Indian,Main,Butter Chicken,1,45.0,45.0
ORD-104538,Indian,Main,Chicken Biryani,1,42.0,42.0
ORD-104538,Indian,Starter,Vegetable Samosa,1,16.0,16.0
ORD-104538,Indian,Side,Jeera Rice,1,14.0,14.0
ORD-104538,Indian,Dessert,Gulab Jamun,1,18.0,18.0
ORD-104538,Indian,Beverage,Mango Lassi,2,16.0,32.0
ORD-104539,Arabic,Main,Falafel Wrap,1,22.0,22.0
ORD-104540,Chinese,Main,Kung Pao Chicken,1,44.0,44.0
ORD-104540,Chinese,Starter,Spring Rolls,1,22.0,22.0
ORD-104540,Chinese,Side,Steamed Rice,1,10.0,10.0
ORD-104540,Chinese,Dessert,Mango Pudding,1,20.0,20.0
ORD-104541,Chinese,Main,Veg Hakka Noodles,1,32.0,32.0
ORD-104541,Chinese,Beverage,Jasmine Tea,1,12.0,12.0
ORD-104542,Continental,Main,Classic Beef Burger,2,48.0,96.0
ORD-104542,Continental,Main,Fish and Chips,1,50.0,50.0
ORD-104542,Continental,Beverage,Chocolate Milkshake,3,22.0,66.0
ORD-104543,Indian,Main,Dal Makhani,1,32.0,32.0
ORD-104544,Arabic,Main,Mixed Grill,1,75.0,75.0
ORD-104544,Arabic,Starter,Mutabbal,1,22.0,22.0
ORD-104544,Arabic,Side,Arabic Rice,1,12.0,12.0
ORD-104544,Arabic,Beverage,Mint Lemonade,1,18.0,18.0
ORD-104545,Indian,Main,Butter Chicken,1,45.0,45.0
ORD-104545,Indian,Side,Jeera Rice,1,14.0,14.0
ORD-104545,Arabic,Dessert,Kunafa,1,28.0,28.0
ORD-104546,Italian,Main,Margherita Pizza,1,45.0,45.0
ORD-104546,Continental,Main,Fish and Chips,1,50.0,50.0
ORD-104546,Continental,Beverage,Chocolate Milkshake,1,22.0,22.0
ORD-104547,Arabic,Main,Lamb Mandi,1,62.0,62.0
ORD-104547,Arabic,Side,Arabic Rice,1,12.0,12.0
ORD-104548,Indian,Main,Dal Makhani,1,32.0,32.0
ORD-104548,Indian,Side,Jeera Rice,1,14.0,14.0
ORD-104549,Arabic,Main,Mixed Grill,1,75.0,75.0
ORD-104549,Arabic,Main,Falafel Wrap,2,22.0,44.0
ORD-104550,Chinese,Main,Chicken Manchurian,1,38.0,38.0
ORD-104550,Chinese,Main,Szechuan Beef,1,52.0,52.0
ORD-104550,Chinese,Main,Chicken Fried Rice,1,34.0,34.0
ORD-104550,Chinese,Beverage,Jasmine Tea,2,12.0,24.0
ORD-104551,Arabic,Main,Chicken Machboos,1,48.0,48.0
ORD-104551,Continental,Main,Grilled Chicken with Mash,1,52.0,52.0
ORD-104552,Chinese,Main,Chicken Fried Rice,2,34.0,68.0
ORD-104552,Chinese,Starter,Spring Rolls,1,22.0,22.0
ORD-104552,Chinese,Dessert,Mango Pudding,1,20.0,20.0
ORD-104552,Chinese,Beverage,Jasmine Tea,1,12.0,12.0
ORD-104553,Indian,Main,Dal Makhani,1,32.0,32.0
ORD-104553,Indian,Main,Palak Paneer,1,34.0,34.0
ORD-104553,Indian,Starter,Paneer Tikka,1,32.0,32.0
ORD-104553,Indian,Side,Garlic Naan,2,8.0,16.0
ORD-104554,Continental,Main,Grilled Chicken Burger,1,42.0,42.0
ORD-104555,Italian,Main,Fettuccine Alfredo,1,48.0,48.0
ORD-104555,Italian,Main,Margherita Pizza,1,45.0,45.0
ORD-104555,Italian,Starter,Caesar Salad,1,32.0,32.0
ORD-104555,Italian,Side,Garlic Bread,1,18.0,18.0
ORD-104556,Arabic,Main,Falafel Wrap,1,22.0,22.0
ORD-104556,Arabic,Main,Mixed Grill,1,75.0,75.0
ORD-104556,Arabic,Starter,Fattoush,1,24.0,24.0
ORD-104557,Italian,Main,Penne Arrabbiata,1,42.0,42.0
ORD-104557,Italian,Main,Margherita Pizza,1,45.0,45.0
ORD-104557,Italian,Starter,Caesar Salad,1,32.0,32.0
ORD-104557,Italian,Side,Garlic Bread,1,18.0,18.0
ORD-104558,Italian,Main,Pepperoni Pizza,1,52.0,52.0
ORD-104558,Italian,Main,Margherita Pizza,2,45.0,90.0
ORD-104558,Italian,Starter,Caesar Salad,1,32.0,32.0
ORD-104558,Italian,Side,Garlic Bread,2,18.0,36.0
ORD-104559,Indian,Main,Dal Makhani,1,32.0,32.0
ORD-104559,Indian,Dessert,Gulab Jamun,1,18.0,18.0
ORD-104560,Chinese,Main,Szechuan Beef,1,52.0,52.0
ORD-104560,Chinese,Main,Chicken Fried Rice,1,34.0,34.0
ORD-104560,Chinese,Starter,Spring Rolls,1,22.0,22.0
ORD-104561,Indian,Main,Chicken Biryani,2,42.0,84.0
ORD-104561,Indian,Main,Palak Paneer,1,34.0,34.0
ORD-104561,Indian,Dessert,Gulab Jamun,1,18.0,18.0
ORD-104561,Indian,Beverage,Mango Lassi,1,16.0,16.0
ORD-104562,Arabic,Main,Chicken Machboos,1,48.0,48.0
ORD-104562,Arabic,Main,Mixed Grill,1,75.0,75.0
ORD-104562,Arabic,Starter,Fattoush,1,24.0,24.0
ORD-104562,Arabic,Beverage,Mint Lemonade,2,18.0,36.0
ORD-104563,Chinese,Main,Kung Pao Chicken,1,44.0,44.0
ORD-104563,Chinese,Starter,Spring Rolls,1,22.0,22.0
ORD-104563,Chinese,Side,Steamed Rice,1,10.0,10.0
ORD-104563,Chinese,Dessert,Mango Pudding,1,20.0,20.0
ORD-104564,Continental,Main,Fish and Chips,1,50.0,50.0
ORD-104564,Continental,Starter,Soup of the Day,1,22.0,22.0
ORD-104564,Continental,Side,French Fries,1,16.0,16.0
ORD-104565,Chinese,Main,Chicken Fried Rice,1,34.0,34.0
ORD-104565,Chinese,Main,Chicken Manchurian,1,38.0,38.0
ORD-104565,Chinese,Dessert,Mango Pudding,1,20.0,20.0
ORD-104565,Chinese,Beverage,Jasmine Tea,1,12.0,12.0
ORD-104566,Arabic,Main,Chicken Machboos,1,48.0,48.0
ORD-104566,Arabic,Main,Chicken Shawarma Plate,1,38.0,38.0
ORD-104566,Arabic,Dessert,Umm Ali,1,26.0,26.0
ORD-104566,Arabic,Beverage,Mint Lemonade,1,18.0,18.0
ORD-104567,Indian,Main,Palak Paneer,1,34.0,34.0
ORD-104567,Indian,Starter,Paneer Tikka,1,32.0,32.0
ORD-104567,Indian,Side,Jeera Rice,1,14.0,14.0
ORD-104567,Indian,Beverage,Mango Lassi,1,16.0,16.0
ORD-104568,Arabic,Main,Lamb Mandi,2,62.0,124.0
ORD-104568,Arabic,Starter,Mutabbal,1,22.0,22.0
ORD-104569,Chinese,Main,Chicken Fried Rice,1,34.0,34.0
ORD-104569,Chinese,Starter,Spring Rolls,1,22.0,22.0
ORD-104569,Chinese,Side,Steamed Rice,1,10.0,10.0
ORD-104570,Indian,Main,Chicken Biryani,1,42.0,42.0
ORD-104571,Italian,Main,Margherita Pizza,1,45.0,45.0
ORD-104571,Italian,Starter,Bruschetta,1,26.0,26.0
ORD-104571,Italian,Side,Garlic Bread,1,18.0,18.0
ORD-104571,Italian,Beverage,Italian Lemon Soda,1,18.0,18.0
ORD-104572,Arabic,Main,Chicken Shawarma Plate,2,38.0,76.0
ORD-104572,Arabic,Starter,Fattoush,1,24.0,24.0
ORD-104572,Arabic,Dessert,Kunafa,1,28.0,28.0
ORD-104573,Arabic,Main,Chicken Shawarma Plate,1,38.0,38.0
ORD-104573,Arabic,Beverage,Mint Lemonade,1,18.0,18.0
ORD-104574,Indian,Main,Butter Chicken,1,45.0,45.0
ORD-104574,Indian,Main,Chicken Biryani,1,42.0,42.0
ORD-104574,Indian,Side,Garlic Naan,2,8.0,16.0
ORD-104574,Indian,Beverage,Mango Lassi,1,16.0,16.0
ORD-104575,Arabic,Main,Mixed Grill,1,75.0,75.0
ORD-104575,Arabic,Starter,Hummus,1,22.0,22.0
ORD-104575,Arabic,Side,Arabic Rice,1,12.0,12.0
ORD-104575,Arabic,Beverage,Mint Lemonade,1,18.0,18.0
ORD-104576,Chinese,Main,Veg Hakka Noodles,1,32.0,32.0
ORD-104576,Chinese,Main,Szechuan Beef,1,52.0,52.0
ORD-104576,Chinese,Starter,Spring Rolls,1,22.0,22.0
ORD-104576,Chinese,Side,Steamed Rice,1,10.0,10.0
ORD-104576,Chinese,Beverage,Jasmine Tea,2,12.0,24.0
ORD-104577,Italian,Main,Fettuccine Alfredo,1,48.0,48.0
ORD-104577,Italian,Starter,Caesar Salad,1,32.0,32.0
ORD-104577,Chinese,Beverage,Jasmine Tea,1,12.0,12.0
ORD-104578,Chinese,Main,Kung Pao Chicken,1,44.0,44.0
ORD-104578,Chinese,Starter,Hot and Sour Soup,1,24.0,24.0
ORD-104578,Chinese,Beverage,Jasmine Tea,1,12.0,12.0
ORD-104579,Chinese,Main,Veg Hakka Noodles,1,32.0,32.0
ORD-104579,Chinese,Starter,Spring Rolls,1,22.0,22.0
ORD-104579,Chinese,Side,Steamed Rice,1,10.0,10.0
ORD-104579,Chinese,Dessert,Mango Pudding,1,20.0,20.0
ORD-104579,Chinese,Beverage,Jasmine Tea,1,12.0,12.0
ORD-104580,Arabic,Main,Chicken Machboos,1,48.0,48.0
ORD-104580,Arabic,Beverage,Mint Lemonade,1,18.0,18.0
ORD-104581,Arabic,Main,Chicken Shawarma Plate,1,38.0,38.0
ORD-104581,Arabic,Dessert,Kunafa,1,28.0,28.0
ORD-104582,Arabic,Main,Chicken Machboos,1,48.0,48.0
ORD-104582,Arabic,Starter,Fattoush,1,24.0,24.0
ORD-104583,Chinese,Main,Chicken Fried Rice,1,34.0,34.0
ORD-104583,Chinese,Main,Chicken Manchurian,1,38.0,38.0
ORD-104583,Chinese,Beverage,Jasmine Tea,1,12.0,12.0
ORD-104584,Arabic,Main,Lamb Mandi,1,62.0,62.0
ORD-104584,Arabic,Starter,Hummus,1,22.0,22.0
ORD-104585,Continental,Main,Grilled Chicken with Mash,1,52.0,52.0
ORD-104585,Continental,Starter,Chicken Wings,1,34.0,34.0
ORD-104586,Indian,Main,Chicken Biryani,1,42.0,42.0
ORD-104586,Indian,Main,Butter Chicken,1,45.0,45.0
ORD-104586,Indian,Side,Garlic Naan,1,8.0,8.0
ORD-104586,Indian,Beverage,Mango Lassi,2,16.0,32.0
ORD-104587,Indian,Main,Butter Chicken,1,45.0,45.0
ORD-104587,Indian,Side,Garlic Naan,1,8.0,8.0
ORD-104588,Arabic,Main,Chicken Machboos,1,48.0,48.0
ORD-104588,Arabic,Starter,Hummus,1,22.0,22.0
ORD-104589,Arabic,Main,Lamb Mandi,1,62.0,62.0
ORD-104589,Arabic,Main,Chicken Shawarma Plate,1,38.0,38.0
ORD-104589,Arabic,Beverage,Mint Lemonade,1,18.0,18.0
ORD-104590,Italian,Main,Pepperoni Pizza,1,52.0,52.0
ORD-104590,Italian,Main,Penne Arrabbiata,1,42.0,42.0
ORD-104590,Italian,Main,Fettuccine Alfredo,1,48.0,48.0
ORD-104590,Italian,Starter,Bruschetta,1,26.0,26.0
ORD-104590,Italian,Beverage,Italian Lemon Soda,1,18.0,18.0
ORD-104591,Indian,Main,Chicken Biryani,2,42.0,84.0
ORD-104591,Indian,Side,Jeera Rice,2,14.0,28.0
ORD-104592,Indian,Main,Dal Makhani,1,32.0,32.0
ORD-104592,Indian,Side,Garlic Naan,1,8.0,8.0
ORD-104592,Indian,Beverage,Mango Lassi,1,16.0,16.0
ORD-104593,Indian,Main,Palak Paneer,1,34.0,34.0
ORD-104593,Continental,Main,Classic Beef Burger,1,48.0,48.0
ORD-104594,Arabic,Main,Chicken Shawarma Plate,1,38.0,38.0
ORD-104594,Arabic,Main,Chicken Machboos,1,48.0,48.0
ORD-104594,Arabic,Starter,Fattoush,1,24.0,24.0
ORD-104594,Arabic,Side,Arabic Rice,1,12.0,12.0
ORD-104594,Arabic,Beverage,Mint Lemonade,2,18.0,36.0
ORD-104595,Arabic,Main,Lamb Mandi,1,62.0,62.0
ORD-104595,Arabic,Main,Mixed Grill,1,75.0,75.0
ORD-104595,Arabic,Starter,Hummus,1,22.0,22.0
ORD-104595,Arabic,Side,Arabic Rice,1,12.0,12.0
ORD-104595,Arabic,Dessert,Kunafa,1,28.0,28.0
ORD-104595,Arabic,Beverage,Mint Lemonade,1,18.0,18.0
ORD-104596,Italian,Main,Margherita Pizza,1,45.0,45.0
ORD-104597,Indian,Main,Chicken Biryani,1,42.0,42.0
ORD-104597,Indian,Side,Garlic Naan,1,8.0,8.0
ORD-104597,Indian,Beverage,Mango Lassi,1,16.0,16.0
ORD-104598,Italian,Main,Penne Arrabbiata,1,42.0,42.0
ORD-104598,Italian,Starter,Caesar Salad,1,32.0,32.0
ORD-104599,Arabic,Main,Falafel Wrap,1,22.0,22.0
ORD-104599,Arabic,Side,Arabic Rice,1,12.0,12.0
ORD-104600,Arabic,Main,Chicken Shawarma Plate,1,38.0,38.0
ORD-104600,Arabic,Main,Falafel Wrap,1,22.0,22.0
ORD-104601,Italian,Main,Beef Lasagna,2,55.0,110.0
ORD-104601,Italian,Starter,Bruschetta,1,26.0,26.0
ORD-104601,Italian,Beverage,Italian Lemon Soda,2,18.0,36.0
ORD-104602,Arabic,Main,Chicken Machboos,1,48.0,48.0
ORD-104602,Arabic,Starter,Fattoush,1,24.0,24.0
ORD-104603,Arabic,Main,Lamb Mandi,1,62.0,62.0
ORD-104603,Arabic,Starter,Fattoush,1,24.0,24.0
ORD-104603,Arabic,Side,Arabic Rice,1,12.0,12.0
ORD-104603,Arabic,Beverage,Mint Lemonade,1,18.0,18.0
ORD-104604,Chinese,Main,Chicken Manchurian,1,38.0,38.0
ORD-104605,Indian,Main,Dal Makhani,1,32.0,32.0
ORD-104605,Indian,Side,Jeera Rice,1,14.0,14.0
ORD-104606,Chinese,Main,Szechuan Beef,1,52.0,52.0
ORD-104606,Chinese,Side,Steamed Rice,1,10.0,10.0
ORD-104607,Chinese,Main,Kung Pao Chicken,1,44.0,44.0
ORD-104607,Chinese,Side,Steamed Rice,1,10.0,10.0
ORD-104608,Chinese,Main,Veg Hakka Noodles,2,32.0,64.0
ORD-104609,Italian,Main,Fettuccine Alfredo,1,48.0,48.0
ORD-104609,Italian,Starter,Caesar Salad,1,32.0,32.0
ORD-104609,Italian,Beverage,Italian Lemon Soda,1,18.0,18.0
ORD-104610,Continental,Main,Fish and Chips,1,50.0,50.0
ORD-104610,Indian,Main,Dal Makhani,1,32.0,32.0
ORD-104610,Continental,Side,French Fries,1,16.0,16.0
ORD-104610,Continental,Beverage,Chocolate Milkshake,1,22.0,22.0
ORD-104611,Italian,Main,Margherita Pizza,1,45.0,45.0
ORD-104611,Italian,Main,Penne Arrabbiata,1,42.0,42.0
ORD-104611,Italian,Main,Pepperoni Pizza,1,52.0,52.0
ORD-104611,Italian,Starter,Caesar Salad,1,32.0,32.0
ORD-104612,Continental,Main,Grilled Chicken Burger,1,42.0,42.0
ORD-104612,Continental,Main,Classic Beef Burger,1,48.0,48.0
ORD-104612,Arabic,Starter,Mutabbal,1,22.0,22.0
ORD-104613,Arabic,Main,Mixed Grill,1,75.0,75.0
ORD-104613,Arabic,Starter,Hummus,1,22.0,22.0
ORD-104614,Chinese,Main,Kung Pao Chicken,1,44.0,44.0
ORD-104614,Chinese,Main,Veg Hakka Noodles,1,32.0,32.0
ORD-104614,Chinese,Beverage,Jasmine Tea,1,12.0,12.0
ORD-104615,Continental,Main,Grilled Salmon,1,78.0,78.0
ORD-104615,Continental,Beverage,Chocolate Milkshake,1,22.0,22.0
ORD-104616,Indian,Main,Butter Chicken,1,45.0,45.0
ORD-104616,Indian,Side,Jeera Rice,1,14.0,14.0
ORD-104617,Chinese,Main,Veg Hakka Noodles,1,32.0,32.0
ORD-104618,Continental,Main,Classic Beef Burger,2,48.0,96.0
ORD-104618,Continental,Main,Grilled Salmon,1,78.0,78.0
ORD-104618,Continental,Starter,Chicken Wings,1,34.0,34.0
ORD-104619,Continental,Main,Classic Beef Burger,1,48.0,48.0
ORD-104619,Continental,Main,Fish and Chips,1,50.0,50.0
ORD-104619,Continental,Starter,Chicken Wings,1,34.0,34.0
ORD-104620,Indian,Main,Palak Paneer,1,34.0,34.0
ORD-104620,Indian,Starter,Paneer Tikka,1,32.0,32.0
ORD-104620,Indian,Side,Jeera Rice,1,14.0,14.0
ORD-104620,Indian,Beverage,Mango Lassi,1,16.0,16.0
ORD-104621,Continental,Main,Classic Beef Burger,1,48.0,48.0
ORD-104621,Continental,Main,Grilled Chicken with Mash,1,52.0,52.0
ORD-104621,Continental,Side,French Fries,1,16.0,16.0
ORD-104621,Continental,Dessert,Chocolate Brownie,1,24.0,24.0
ORD-104621,Continental,Beverage,Chocolate Milkshake,1,22.0,22.0
ORD-104622,Arabic,Main,Mixed Grill,1,75.0,75.0
ORD-104623,Italian,Main,Pepperoni Pizza,1,52.0,52.0
ORD-104623,Italian,Starter,Bruschetta,1,26.0,26.0
ORD-104623,Italian,Beverage,Italian Lemon Soda,1,18.0,18.0
ORD-104624,Indian,Main,Butter Chicken,1,45.0,45.0
ORD-104624,Indian,Dessert,Gulab Jamun,1,18.0,18.0
ORD-104624,Indian,Beverage,Mango Lassi,1,16.0,16.0
ORD-104625,Arabic,Main,Lamb Mandi,1,62.0,62.0
ORD-104625,Arabic,Main,Chicken Machboos,1,48.0,48.0
ORD-104625,Continental,Beverage,Chocolate Milkshake,1,22.0,22.0
ORD-104626,Arabic,Main,Chicken Shawarma Plate,1,38.0,38.0
ORD-104626,Arabic,Main,Mixed Grill,1,75.0,75.0
ORD-104626,Arabic,Main,Falafel Wrap,1,22.0,22.0
ORD-104626,Arabic,Starter,Hummus,1,22.0,22.0
ORD-104626,Arabic,Dessert,Umm Ali,1,26.0,26.0
ORD-104626,Arabic,Beverage,Mint Lemonade,2,18.0,36.0
ORD-104627,Indian,Main,Chicken Biryani,1,42.0,42.0
ORD-104627,Indian,Main,Butter Chicken,1,45.0,45.0
ORD-104627,Indian,Starter,Paneer Tikka,1,32.0,32.0
ORD-104628,Arabic,Main,Mixed Grill,2,75.0,150.0
ORD-104628,Arabic,Main,Lamb Mandi,1,62.0,62.0
ORD-104628,Arabic,Beverage,Mint Lemonade,2,18.0,36.0
ORD-104629,Indian,Main,Mutton Biryani,1,52.0,52.0
ORD-104629,Indian,Starter,Chicken Tikka,1,36.0,36.0
ORD-104630,Chinese,Main,Szechuan Beef,1,52.0,52.0
ORD-104630,Arabic,Main,Falafel Wrap,1,22.0,22.0
ORD-104630,Chinese,Starter,Spring Rolls,1,22.0,22.0
ORD-104630,Chinese,Dessert,Mango Pudding,1,20.0,20.0
ORD-104631,Continental,Main,Grilled Chicken Burger,1,42.0,42.0
ORD-104631,Continental,Main,Grilled Salmon,1,78.0,78.0
ORD-104631,Continental,Dessert,Chocolate Brownie,1,24.0,24.0
ORD-104632,Arabic,Main,Chicken Machboos,1,48.0,48.0
ORD-104632,Arabic,Main,Mixed Grill,1,75.0,75.0
ORD-104632,Arabic,Starter,Fattoush,1,24.0,24.0
ORD-104633,Arabic,Main,Chicken Machboos,1,48.0,48.0
ORD-104633,Arabic,Main,Mixed Grill,2,75.0,150.0
ORD-104633,Arabic,Beverage,Mint Lemonade,1,18.0,18.0
ORD-104634,Indian,Main,Dal Makhani,1,32.0,32.0
ORD-104634,Indian,Starter,Chicken Tikka,1,36.0,36.0
ORD-104634,Indian,Side,Garlic Naan,1,8.0,8.0
ORD-104634,Indian,Beverage,Mango Lassi,1,16.0,16.0
ORD-104635,Italian,Main,Beef Lasagna,1,55.0,55.0
ORD-104635,Arabic,Main,Falafel Wrap,2,22.0,44.0
ORD-104635,Italian,Starter,Bruschetta,1,26.0,26.0
ORD-104635,Italian,Side,Garlic Bread,3,18.0,54.0
ORD-104636,Indian,Main,Palak Paneer,1,34.0,34.0
ORD-104636,Indian,Main,Butter Chicken,2,45.0,90.0
ORD-104636,Indian,Main,Chicken Biryani,1,42.0,42.0
ORD-104636,Indian,Side,Garlic Naan,1,8.0,8.0
ORD-104637,Indian,Main,Butter Chicken,1,45.0,45.0
ORD-104637,Indian,Side,Garlic Naan,1,8.0,8.0
ORD-104637,Indian,Beverage,Mango Lassi,1,16.0,16.0
ORD-104638,Italian,Main,Fettuccine Alfredo,1,48.0,48.0
ORD-104638,Italian,Beverage,Italian Lemon Soda,1,18.0,18.0
ORD-104639,Arabic,Main,Lamb Mandi,1,62.0,62.0
ORD-104639,Arabic,Main,Chicken Shawarma Plate,1,38.0,38.0
ORD-104640,Italian,Main,Pepperoni Pizza,1,52.0,52.0
ORD-104641,Arabic,Main,Lamb Mandi,1,62.0,62.0
ORD-104641,Arabic,Main,Chicken Shawarma Plate,1,38.0,38.0
ORD-104641,Arabic,Starter,Fattoush,1,24.0,24.0
ORD-104641,Arabic,Beverage,Mint Lemonade,2,18.0,36.0
ORD-104642,Arabic,Main,Lamb Mandi,3,62.0,186.0
ORD-104642,Arabic,Beverage,Mint Lemonade,1,18.0,18.0
ORD-104643,Indian,Main,Dal Makhani,1,32.0,32.0
ORD-104643,Continental,Main,Grilled Salmon,1,78.0,78.0
ORD-104643,Indian,Starter,Vegetable Samosa,1,16.0,16.0
ORD-104643,Indian,Side,Garlic Naan,2,8.0,16.0
ORD-104643,Indian,Beverage,Mango Lassi,1,16.0,16.0
ORD-104644,Italian,Main,Fettuccine Alfredo,1,48.0,48.0
ORD-104644,Italian,Starter,Caesar Salad,1,32.0,32.0
ORD-104644,Italian,Side,Garlic Bread,1,18.0,18.0
ORD-104644,Italian,Beverage,Italian Lemon Soda,1,18.0,18.0
ORD-104645,Arabic,Main,Lamb Mandi,1,62.0,62.0
ORD-104645,Arabic,Main,Chicken Shawarma Plate,1,38.0,38.0
ORD-104645,Arabic,Dessert,Kunafa,1,28.0,28.0
ORD-104646,Arabic,Main,Chicken Machboos,1,48.0,48.0
ORD-104646,Arabic,Main,Chicken Shawarma Plate,1,38.0,38.0
ORD-104646,Arabic,Beverage,Mint Lemonade,1,18.0,18.0
ORD-104647,Arabic,Main,Chicken Machboos,1,48.0,48.0
ORD-104647,Arabic,Main,Chicken Shawarma Plate,1,38.0,38.0
ORD-104648,Continental,Main,Grilled Chicken Burger,1,42.0,42.0
ORD-104648,Continental,Beverage,Chocolate Milkshake,1,22.0,22.0
ORD-104649,Arabic,Main,Chicken Shawarma Plate,1,38.0,38.0
ORD-104649,Arabic,Main,Lamb Mandi,1,62.0,62.0
ORD-104649,Arabic,Side,Arabic Rice,1,12.0,12.0
ORD-104649,Arabic,Beverage,Mint Lemonade,1,18.0,18.0
ORD-104650,Continental,Main,Grilled Salmon,1,78.0,78.0
ORD-104651,Continental,Main,Grilled Chicken Burger,1,42.0,42.0
ORD-104651,Continental,Main,Fish and Chips,2,50.0,100.0
ORD-104651,Continental,Beverage,Chocolate Milkshake,3,22.0,66.0
ORD-104652,Indian,Main,Mutton Biryani,2,52.0,104.0
ORD-104652,Indian,Side,Jeera Rice,1,14.0,14.0
ORD-104653,Indian,Main,Mutton Biryani,1,52.0,52.0
ORD-104653,Indian,Main,Palak Paneer,1,34.0,34.0
ORD-104653,Indian,Starter,Paneer Tikka,1,32.0,32.0
ORD-104653,Indian,Side,Garlic Naan,2,8.0,16.0
ORD-104653,Indian,Beverage,Mango Lassi,1,16.0,16.0
ORD-104654,Italian,Main,Fettuccine Alfredo,1,48.0,48.0
ORD-104654,Italian,Starter,Caesar Salad,1,32.0,32.0
ORD-104654,Italian,Side,Garlic Bread,1,18.0,18.0
ORD-104655,Arabic,Main,Falafel Wrap,1,22.0,22.0
ORD-104655,Arabic,Main,Chicken Machboos,1,48.0,48.0
ORD-104655,Arabic,Main,Chicken Shawarma Plate,1,38.0,38.0
ORD-104655,Arabic,Starter,Fattoush,1,24.0,24.0
ORD-104655,Arabic,Beverage,Mint Lemonade,1,18.0,18.0
ORD-104656,Chinese,Main,Veg Hakka Noodles,1,32.0,32.0
ORD-104657,Continental,Main,Grilled Chicken Burger,1,42.0,42.0
ORD-104657,Continental,Beverage,Chocolate Milkshake,1,22.0,22.0
ORD-104658,Continental,Main,Classic Beef Burger,1,48.0,48.0
ORD-104658,Continental,Main,Grilled Chicken with Mash,2,52.0,104.0
ORD-104658,Continental,Side,French Fries,3,16.0,48.0
ORD-104659,Italian,Main,Margherita Pizza,1,45.0,45.0
ORD-104660,Continental,Main,Fish and Chips,1,50.0,50.0
ORD-104660,Continental,Side,French Fries,1,16.0,16.0
ORD-104661,Continental,Main,Grilled Salmon,1,78.0,78.0
ORD-104661,Continental,Main,Fish and Chips,1,50.0,50.0
ORD-104661,Continental,Dessert,New York Cheesecake,1,28.0,28.0
ORD-104661,Continental,Beverage,Chocolate Milkshake,2,22.0,44.0
ORD-104662,Arabic,Main,Mixed Grill,1,75.0,75.0
ORD-104663,Arabic,Main,Chicken Shawarma Plate,1,38.0,38.0
ORD-104663,Arabic,Dessert,Kunafa,1,28.0,28.0
ORD-104663,Arabic,Beverage,Mint Lemonade,1,18.0,18.0
ORD-104664,Indian,Main,Dal Makhani,1,32.0,32.0
ORD-104664,Indian,Side,Jeera Rice,1,14.0,14.0
ORD-104664,Indian,Beverage,Mango Lassi,1,16.0,16.0
ORD-104665,Indian,Main,Chicken Biryani,1,42.0,42.0
ORD-104665,Italian,Main,Fettuccine Alfredo,1,48.0,48.0
ORD-104665,Indian,Side,Jeera Rice,1,14.0,14.0
ORD-104666,Italian,Main,Pepperoni Pizza,1,52.0,52.0
ORD-104666,Italian,Main,Beef Lasagna,1,55.0,55.0
ORD-104666,Italian,Main,Fettuccine Alfredo,1,48.0,48.0
ORD-104667,Indian,Main,Palak Paneer,1,34.0,34.0
ORD-104667,Indian,Main,Dal Makhani,1,32.0,32.0
ORD-104667,Indian,Side,Garlic Naan,2,8.0,16.0
ORD-104667,Indian,Dessert,Gulab Jamun,1,18.0,18.0
ORD-104668,Indian,Main,Dal Makhani,1,32.0,32.0
ORD-104668,Indian,Main,Butter Chicken,1,45.0,45.0
ORD-104668,Indian,Side,Garlic Naan,2,8.0,16.0
ORD-104668,Indian,Beverage,Mango Lassi,2,16.0,32.0
ORD-104669,Chinese,Main,Chicken Manchurian,1,38.0,38.0
ORD-104670,Indian,Main,Butter Chicken,1,45.0,45.0
ORD-104670,Indian,Main,Dal Makhani,1,32.0,32.0
ORD-104670,Indian,Starter,Vegetable Samosa,1,16.0,16.0
ORD-104670,Indian,Side,Jeera Rice,1,14.0,14.0
ORD-104671,Italian,Main,Pepperoni Pizza,1,52.0,52.0
ORD-104672,Chinese,Main,Chicken Fried Rice,1,34.0,34.0
ORD-104672,Chinese,Main,Szechuan Beef,1,52.0,52.0
ORD-104672,Chinese,Main,Chicken Manchurian,1,38.0,38.0
ORD-104672,Chinese,Dessert,Mango Pudding,1,20.0,20.0
ORD-104672,Chinese,Beverage,Jasmine Tea,2,12.0,24.0
ORD-104673,Indian,Main,Palak Paneer,1,34.0,34.0
ORD-104673,Indian,Side,Jeera Rice,1,14.0,14.0
ORD-104673,Indian,Beverage,Mango Lassi,1,16.0,16.0
ORD-104674,Continental,Main,Classic Beef Burger,1,48.0,48.0
ORD-104674,Continental,Main,Fish and Chips,1,50.0,50.0
ORD-104674,Continental,Starter,Chicken Wings,1,34.0,34.0
ORD-104675,Arabic,Main,Falafel Wrap,1,22.0,22.0
ORD-104675,Arabic,Starter,Fattoush,1,24.0,24.0
ORD-104676,Continental,Main,Grilled Chicken Burger,1,42.0,42.0
ORD-104676,Continental,Starter,Chicken Wings,1,34.0,34.0
ORD-104676,Continental,Beverage,Chocolate Milkshake,1,22.0,22.0
ORD-104677,Italian,Main,Pepperoni Pizza,2,52.0,104.0
ORD-104677,Italian,Starter,Caesar Salad,1,32.0,32.0
ORD-104678,Continental,Main,Classic Beef Burger,1,48.0,48.0
ORD-104678,Continental,Starter,Soup of the Day,1,22.0,22.0
ORD-104678,Continental,Side,French Fries,1,16.0,16.0
ORD-104678,Continental,Beverage,Chocolate Milkshake,1,22.0,22.0
ORD-104679,Indian,Main,Butter Chicken,1,45.0,45.0
ORD-104679,Indian,Starter,Paneer Tikka,1,32.0,32.0
ORD-104679,Indian,Beverage,Mango Lassi,1,16.0,16.0
ORD-104680,Italian,Main,Penne Arrabbiata,1,42.0,42.0
ORD-104680,Italian,Main,Fettuccine Alfredo,1,48.0,48.0
ORD-104680,Italian,Dessert,Tiramisu,1,30.0,30.0
ORD-104681,Chinese,Main,Chicken Fried Rice,1,34.0,34.0
ORD-104681,Chinese,Main,Kung Pao Chicken,1,44.0,44.0
ORD-104681,Chinese,Starter,Chicken Dim Sum,1,34.0,34.0
ORD-104681,Chinese,Side,Steamed Rice,1,10.0,10.0
ORD-104682,Indian,Main,Palak Paneer,1,34.0,34.0
ORD-104682,Indian,Main,Chicken Biryani,1,42.0,42.0
ORD-104682,Italian,Starter,Bruschetta,1,26.0,26.0
ORD-104683,Arabic,Main,Falafel Wrap,1,22.0,22.0
ORD-104683,Arabic,Beverage,Mint Lemonade,1,18.0,18.0
ORD-104684,Indian,Main,Butter Chicken,1,45.0,45.0
ORD-104684,Indian,Main,Palak Paneer,1,34.0,34.0
ORD-104684,Indian,Starter,Vegetable Samosa,1,16.0,16.0
ORD-104685,Chinese,Main,Szechuan Beef,1,52.0,52.0
ORD-104685,Chinese,Main,Kung Pao Chicken,2,44.0,88.0
ORD-104686,Italian,Main,Beef Lasagna,1,55.0,55.0
ORD-104686,Italian,Side,Garlic Bread,1,18.0,18.0
ORD-104687,Arabic,Main,Chicken Machboos,1,48.0,48.0
ORD-104687,Arabic,Main,Lamb Mandi,1,62.0,62.0
ORD-104687,Arabic,Starter,Hummus,1,22.0,22.0
ORD-104687,Arabic,Beverage,Mint Lemonade,2,18.0,36.0
ORD-104688,Indian,Main,Butter Chicken,1,45.0,45.0
ORD-104688,Indian,Main,Chicken Biryani,1,42.0,42.0
ORD-104688,Indian,Starter,Paneer Tikka,1,32.0,32.0
ORD-104688,Indian,Side,Garlic Naan,1,8.0,8.0
ORD-104689,Arabic,Main,Lamb Mandi,2,62.0,124.0
ORD-104689,Arabic,Main,Chicken Machboos,1,48.0,48.0
ORD-104689,Arabic,Starter,Mutabbal,1,22.0,22.0
ORD-104690,Italian,Main,Pepperoni Pizza,1,52.0,52.0
ORD-104690,Italian,Starter,Bruschetta,1,26.0,26.0
ORD-104690,Italian,Dessert,Tiramisu,1,30.0,30.0
ORD-104691,Indian,Main,Chicken Biryani,1,42.0,42.0
ORD-104691,Indian,Dessert,Gulab Jamun,1,18.0,18.0
ORD-104691,Indian,Beverage,Mango Lassi,1,16.0,16.0
ORD-104692,Indian,Main,Palak Paneer,1,34.0,34.0
ORD-104692,Indian,Side,Garlic Naan,1,8.0,8.0
ORD-104692,Indian,Beverage,Mango Lassi,1,16.0,16.0
ORD-104693,Indian,Main,Palak Paneer,1,34.0,34.0
ORD-104693,Indian,Side,Jeera Rice,1,14.0,14.0
ORD-104693,Indian,Beverage,Mango Lassi,1,16.0,16.0
ORD-104694,Continental,Main,Fish and Chips,1,50.0,50.0
ORD-104694,Continental,Starter,Chicken Wings,1,34.0,34.0
ORD-104694,Continental,Dessert,New York Cheesecake,1,28.0,28.0
ORD-104694,Continental,Beverage,Chocolate Milkshake,1,22.0,22.0
ORD-104695,Italian,Main,Penne Arrabbiata,1,42.0,42.0
ORD-104696,Indian,Main,Butter Chicken,1,45.0,45.0
ORD-104696,Indian,Side,Garlic Naan,1,8.0,8.0
ORD-104697,Indian,Main,Chicken Biryani,1,42.0,42.0
ORD-104697,Indian,Main,Mutton Biryani,1,52.0,52.0
ORD-104697,Indian,Beverage,Mango Lassi,1,16.0,16.0
ORD-104698,Arabic,Main,Mixed Grill,1,75.0,75.0
ORD-104698,Arabic,Main,Lamb Mandi,1,62.0,62.0
ORD-104698,Arabic,Beverage,Mint Lemonade,1,18.0,18.0
ORD-104699,Chinese,Main,Kung Pao Chicken,1,44.0,44.0
ORD-104699,Chinese,Side,Steamed Rice,1,10.0,10.0
ORD-104700,Chinese,Main,Kung Pao Chicken,2,44.0,88.0
ORD-104700,Chinese,Starter,Hot and Sour Soup,1,24.0,24.0
ORD-104701,Continental,Main,Fish and Chips,1,50.0,50.0
ORD-104701,Continental,Starter,Chicken Wings,1,34.0,34.0
ORD-104702,Chinese,Main,Kung Pao Chicken,1,44.0,44.0
ORD-104702,Chinese,Starter,Spring Rolls,1,22.0,22.0
ORD-104703,Arabic,Main,Falafel Wrap,1,22.0,22.0
ORD-104703,Arabic,Main,Lamb Mandi,1,62.0,62.0
ORD-104703,Arabic,Starter,Mutabbal,1,22.0,22.0
ORD-104703,Arabic,Beverage,Mint Lemonade,1,18.0,18.0
ORD-104704,Italian,Main,Pepperoni Pizza,1,52.0,52.0
ORD-104704,Italian,Main,Fettuccine Alfredo,1,48.0,48.0
ORD-104704,Italian,Beverage,Italian Lemon Soda,1,18.0,18.0
ORD-104705,Arabic,Main,Falafel Wrap,1,22.0,22.0
ORD-104705,Continental,Starter,Chicken Wings,1,34.0,34.0
ORD-104706,Italian,Main,Margherita Pizza,1,45.0,45.0
ORD-104706,Italian,Main,Fettuccine Alfredo,1,48.0,48.0
ORD-104706,Arabic,Main,Chicken Shawarma Plate,1,38.0,38.0
ORD-104706,Arabic,Dessert,Umm Ali,1,26.0,26.0
ORD-104706,Arabic,Beverage,Mint Lemonade,1,18.0,18.0
ORD-104707,Italian,Main,Pepperoni Pizza,1,52.0,52.0
ORD-104707,Indian,Main,Mutton Biryani,1,52.0,52.0
ORD-104707,Italian,Starter,Bruschetta,1,26.0,26.0
ORD-104707,Indian,Beverage,Mango Lassi,2,16.0,32.0
ORD-104708,Arabic,Main,Chicken Machboos,1,48.0,48.0
ORD-104708,Arabic,Main,Mixed Grill,2,75.0,150.0
ORD-104708,Arabic,Starter,Hummus,1,22.0,22.0
ORD-104708,Arabic,Side,Arabic Rice,3,12.0,36.0
ORD-104709,Chinese,Main,Kung Pao Chicken,1,44.0,44.0
ORD-104709,Chinese,Main,Chicken Manchurian,1,38.0,38.0
ORD-104709,Chinese,Beverage,Jasmine Tea,1,12.0,12.0
ORD-104710,Arabic,Main,Lamb Mandi,1,62.0,62.0
ORD-104710,Arabic,Main,Falafel Wrap,1,22.0,22.0
ORD-104710,Arabic,Starter,Fattoush,1,24.0,24.0
ORD-104710,Arabic,Dessert,Kunafa,1,28.0,28.0
ORD-104711,Italian,Main,Beef Lasagna,1,55.0,55.0
ORD-104711,Italian,Main,Margherita Pizza,1,45.0,45.0
ORD-104711,Italian,Starter,Bruschetta,1,26.0,26.0
ORD-104711,Italian,Beverage,Italian Lemon Soda,1,18.0,18.0
ORD-104712,Indian,Main,Chicken Biryani,2,42.0,84.0
ORD-104712,Indian,Side,Garlic Naan,1,8.0,8.0
ORD-104712,Indian,Dessert,Gulab Jamun,1,18.0,18.0
ORD-104713,Continental,Main,Fish and Chips,1,50.0,50.0
ORD-104713,Continental,Starter,Chicken Wings,1,34.0,34.0
ORD-104713,Continental,Dessert,Chocolate Brownie,1,24.0,24.0
ORD-104713,Continental,Beverage,Chocolate Milkshake,1,22.0,22.0
ORD-104714,Indian,Main,Dal Makhani,1,32.0,32.0
ORD-104714,Indian,Beverage,Mango Lassi,1,16.0,16.0
ORD-104715,Arabic,Main,Chicken Machboos,1,48.0,48.0
ORD-104715,Arabic,Beverage,Mint Lemonade,1,18.0,18.0
ORD-104716,Italian,Main,Pepperoni Pizza,1,52.0,52.0
ORD-104716,Italian,Starter,Caesar Salad,1,32.0,32.0
ORD-104717,Indian,Main,Butter Chicken,1,45.0,45.0
ORD-104717,Indian,Side,Garlic Naan,1,8.0,8.0
ORD-104718,Continental,Main,Classic Beef Burger,1,48.0,48.0
ORD-104719,Continental,Main,Grilled Chicken with Mash,1,52.0,52.0
ORD-104719,Continental,Beverage,Chocolate Milkshake,1,22.0,22.0
ORD-104720,Arabic,Main,Chicken Shawarma Plate,1,38.0,38.0
ORD-104720,Arabic,Starter,Hummus,1,22.0,22.0
ORD-104721,Continental,Main,Fish and Chips,1,50.0,50.0
ORD-104721,Continental,Side,French Fries,1,16.0,16.0
ORD-104722,Italian,Main,Pepperoni Pizza,1,52.0,52.0
ORD-104723,Italian,Main,Penne Arrabbiata,1,42.0,42.0
ORD-104723,Italian,Main,Beef Lasagna,1,55.0,55.0
ORD-104724,Arabic,Main,Falafel Wrap,1,22.0,22.0
ORD-104724,Arabic,Starter,Hummus,1,22.0,22.0
ORD-104725,Indian,Main,Butter Chicken,1,45.0,45.0
ORD-104725,Indian,Starter,Paneer Tikka,1,32.0,32.0
ORD-104725,Indian,Dessert,Gulab Jamun,1,18.0,18.0
ORD-104726,Continental,Main,Grilled Salmon,2,78.0,156.0
ORD-104726,Continental,Main,Classic Beef Burger,1,48.0,48.0
ORD-104726,Continental,Beverage,Chocolate Milkshake,1,22.0,22.0
ORD-104727,Indian,Main,Butter Chicken,1,45.0,45.0
ORD-104727,Indian,Main,Dal Makhani,1,32.0,32.0
ORD-104727,Indian,Starter,Paneer Tikka,1,32.0,32.0
ORD-104727,Indian,Side,Garlic Naan,2,8.0,16.0
ORD-104728,Indian,Main,Mutton Biryani,1,52.0,52.0
ORD-104728,Indian,Main,Butter Chicken,1,45.0,45.0
ORD-104728,Indian,Starter,Paneer Tikka,1,32.0,32.0
ORD-104728,Indian,Dessert,Gulab Jamun,1,18.0,18.0
ORD-104729,Chinese,Main,Chicken Manchurian,1,38.0,38.0
ORD-104729,Continental,Starter,Chicken Wings,1,34.0,34.0
ORD-104730,Continental,Main,Grilled Chicken Burger,1,42.0,42.0
ORD-104730,Continental,Main,Classic Beef Burger,1,48.0,48.0
ORD-104730,Continental,Starter,Chicken Wings,1,34.0,34.0
ORD-104730,Continental,Side,French Fries,1,16.0,16.0
ORD-104730,Continental,Beverage,Chocolate Milkshake,2,22.0,44.0
ORD-104731,Chinese,Main,Kung Pao Chicken,1,44.0,44.0
ORD-104731,Chinese,Main,Veg Hakka Noodles,1,32.0,32.0
ORD-104731,Chinese,Starter,Hot and Sour Soup,1,24.0,24.0
ORD-104732,Continental,Main,Grilled Chicken with Mash,1,52.0,52.0
ORD-104732,Continental,Side,French Fries,1,16.0,16.0
ORD-104733,Indian,Main,Palak Paneer,1,34.0,34.0
ORD-104733,Indian,Main,Dal Makhani,1,32.0,32.0
ORD-104733,Indian,Starter,Chicken Tikka,1,36.0,36.0
ORD-104733,Indian,Side,Jeera Rice,1,14.0,14.0
ORD-104734,Italian,Main,Margherita Pizza,1,45.0,45.0
ORD-104734,Italian,Starter,Bruschetta,1,26.0,26.0
ORD-104735,Indian,Main,Butter Chicken,2,45.0,90.0
ORD-104735,Indian,Main,Palak Paneer,1,34.0,34.0
ORD-104735,Indian,Side,Jeera Rice,3,14.0,42.0
ORD-104736,Chinese,Main,Chicken Manchurian,2,38.0,76.0
ORD-104736,Chinese,Side,Steamed Rice,1,10.0,10.0
ORD-104737,Continental,Main,Classic Beef Burger,1,48.0,48.0
ORD-104737,Continental,Main,Fish and Chips,1,50.0,50.0
ORD-104737,Continental,Starter,Chicken Wings,1,34.0,34.0
ORD-104738,Indian,Main,Mutton Biryani,1,52.0,52.0
ORD-104738,Indian,Side,Garlic Naan,1,8.0,8.0
ORD-104739,Indian,Main,Mutton Biryani,1,52.0,52.0
ORD-104739,Indian,Starter,Vegetable Samosa,1,16.0,16.0
ORD-104739,Indian,Side,Jeera Rice,1,14.0,14.0
ORD-104739,Indian,Beverage,Mango Lassi,1,16.0,16.0
ORD-104740,Italian,Main,Fettuccine Alfredo,1,48.0,48.0
ORD-104740,Arabic,Main,Chicken Shawarma Plate,1,38.0,38.0
ORD-104740,Italian,Starter,Caesar Salad,1,32.0,32.0
ORD-104740,Arabic,Beverage,Mint Lemonade,2,18.0,36.0
ORD-104741,Indian,Main,Palak Paneer,1,34.0,34.0
ORD-104741,Indian,Side,Garlic Naan,1,8.0,8.0
ORD-104742,Italian,Main,Margherita Pizza,1,45.0,45.0
ORD-104743,Arabic,Main,Chicken Shawarma Plate,1,38.0,38.0
ORD-104743,Indian,Beverage,Mango Lassi,1,16.0,16.0
ORD-104744,Chinese,Main,Chicken Fried Rice,2,34.0,68.0
ORD-104744,Chinese,Side,Steamed Rice,1,10.0,10.0
ORD-104744,Chinese,Beverage,Jasmine Tea,1,12.0,12.0
ORD-104745,Indian,Main,Palak Paneer,1,34.0,34.0
ORD-104745,Indian,Main,Mutton Biryani,1,52.0,52.0
ORD-104746,Italian,Main,Penne Arrabbiata,1,42.0,42.0
ORD-104746,Italian,Beverage,Italian Lemon Soda,1,18.0,18.0
ORD-104747,Italian,Main,Fettuccine Alfredo,1,48.0,48.0
ORD-104747,Italian,Main,Beef Lasagna,1,55.0,55.0
ORD-104747,Italian,Starter,Caesar Salad,1,32.0,32.0
ORD-104747,Italian,Beverage,Italian Lemon Soda,2,18.0,36.0
ORD-104748,Indian,Main,Palak Paneer,1,34.0,34.0
ORD-104748,Indian,Starter,Vegetable Samosa,1,16.0,16.0
ORD-104748,Indian,Side,Garlic Naan,1,8.0,8.0
ORD-104748,Indian,Beverage,Mango Lassi,1,16.0,16.0
ORD-104749,Continental,Main,Grilled Chicken with Mash,1,52.0,52.0
ORD-104749,Continental,Starter,Chicken Wings,1,34.0,34.0
ORD-104749,Continental,Dessert,New York Cheesecake,1,28.0,28.0
ORD-104749,Continental,Beverage,Chocolate Milkshake,1,22.0,22.0
ORD-104750,Indian,Main,Chicken Biryani,1,42.0,42.0
ORD-104750,Indian,Main,Butter Chicken,1,45.0,45.0
ORD-104750,Indian,Side,Garlic Naan,2,8.0,16.0
ORD-104750,Indian,Beverage,Mango Lassi,2,16.0,32.0
ORD-104751,Arabic,Main,Lamb Mandi,1,62.0,62.0
ORD-104751,Arabic,Dessert,Kunafa,1,28.0,28.0
ORD-104752,Italian,Main,Margherita Pizza,1,45.0,45.0
ORD-104753,Indian,Main,Chicken Biryani,1,42.0,42.0
ORD-104753,Indian,Main,Palak Paneer,1,34.0,34.0
ORD-104753,Arabic,Starter,Hummus,1,22.0,22.0
ORD-104753,Indian,Side,Garlic Naan,1,8.0,8.0
ORD-104754,Indian,Main,Butter Chicken,1,45.0,45.0
ORD-104754,Indian,Side,Jeera Rice,1,14.0,14.0
ORD-104755,Indian,Main,Butter Chicken,1,45.0,45.0
ORD-104755,Indian,Side,Jeera Rice,1,14.0,14.0
ORD-104756,Indian,Main,Mutton Biryani,2,52.0,104.0
ORD-104756,Indian,Side,Jeera Rice,2,14.0,28.0
ORD-104756,Indian,Dessert,Gulab Jamun,1,18.0,18.0
ORD-104756,Indian,Beverage,Mango Lassi,2,16.0,32.0
ORD-104757,Arabic,Main,Chicken Shawarma Plate,1,38.0,38.0
ORD-104757,Arabic,Main,Falafel Wrap,1,22.0,22.0
ORD-104757,Arabic,Main,Mixed Grill,1,75.0,75.0
ORD-104757,Arabic,Beverage,Mint Lemonade,2,18.0,36.0
ORD-104758,Italian,Main,Penne Arrabbiata,1,42.0,42.0
ORD-104758,Italian,Starter,Bruschetta,1,26.0,26.0
ORD-104758,Italian,Side,Garlic Bread,1,18.0,18.0
ORD-104758,Italian,Dessert,Tiramisu,1,30.0,30.0
ORD-104759,Indian,Main,Butter Chicken,1,45.0,45.0
ORD-104759,Indian,Side,Jeera Rice,1,14.0,14.0
ORD-104760,Chinese,Main,Chicken Fried Rice,1,34.0,34.0
ORD-104760,Chinese,Beverage,Jasmine Tea,1,12.0,12.0
ORD-104761,Chinese,Main,Chicken Manchurian,1,38.0,38.0
ORD-104761,Chinese,Main,Veg Hakka Noodles,1,32.0,32.0
ORD-104761,Chinese,Dessert,Mango Pudding,1,20.0,20.0
ORD-104762,Chinese,Main,Chicken Manchurian,1,38.0,38.0
ORD-104762,Chinese,Side,Steamed Rice,1,10.0,10.0
ORD-104762,Chinese,Dessert,Mango Pudding,1,20.0,20.0
ORD-104763,Arabic,Main,Lamb Mandi,1,62.0,62.0
ORD-104763,Arabic,Main,Chicken Shawarma Plate,1,38.0,38.0
ORD-104763,Chinese,Main,Chicken Fried Rice,1,34.0,34.0
ORD-104764,Chinese,Main,Kung Pao Chicken,1,44.0,44.0
ORD-104764,Chinese,Starter,Chicken Dim Sum,1,34.0,34.0
ORD-104764,Chinese,Beverage,Jasmine Tea,1,12.0,12.0
ORD-104765,Italian,Main,Pepperoni Pizza,1,52.0,52.0
ORD-104765,Continental,Starter,Chicken Wings,1,34.0,34.0
ORD-104765,Continental,Beverage,Chocolate Milkshake,1,22.0,22.0
ORD-104766,Continental,Main,Classic Beef Burger,1,48.0,48.0
ORD-104767,Indian,Main,Chicken Biryani,2,42.0,84.0
ORD-104767,Indian,Starter,Vegetable Samosa,1,16.0,16.0
ORD-104767,Indian,Beverage,Mango Lassi,1,16.0,16.0
ORD-104768,Italian,Main,Margherita Pizza,1,45.0,45.0
ORD-104768,Italian,Side,Garlic Bread,1,18.0,18.0
ORD-104769,Arabic,Main,Mixed Grill,2,75.0,150.0
ORD-104770,Indian,Main,Palak Paneer,1,34.0,34.0
ORD-104770,Italian,Starter,Bruschetta,1,26.0,26.0
ORD-104770,Indian,Side,Garlic Naan,1,8.0,8.0
ORD-104771,Indian,Main,Butter Chicken,1,45.0,45.0
ORD-104771,Indian,Side,Jeera Rice,1,14.0,14.0
ORD-104771,Indian,Dessert,Gulab Jamun,1,18.0,18.0
ORD-104772,Italian,Main,Margherita Pizza,1,45.0,45.0
ORD-104772,Italian,Starter,Bruschetta,1,26.0,26.0
ORD-104773,Arabic,Main,Chicken Shawarma Plate,1,38.0,38.0
ORD-104773,Arabic,Starter,Fattoush,1,24.0,24.0
ORD-104773,Arabic,Side,Arabic Rice,1,12.0,12.0
ORD-104774,Indian,Main,Dal Makhani,1,32.0,32.0
ORD-104774,Indian,Main,Chicken Biryani,1,42.0,42.0
ORD-104774,Indian,Starter,Paneer Tikka,1,32.0,32.0
ORD-104774,Indian,Side,Garlic Naan,2,8.0,16.0
ORD-104774,Indian,Beverage,Mango Lassi,2,16.0,32.0
ORD-104775,Italian,Main,Margherita Pizza,1,45.0,45.0
ORD-104775,Italian,Main,Fettuccine Alfredo,1,48.0,48.0
ORD-104775,Italian,Starter,Caesar Salad,1,32.0,32.0
ORD-104776,Indian,Main,Chicken Biryani,1,42.0,42.0
ORD-104776,Indian,Starter,Chicken Tikka,1,36.0,36.0
ORD-104776,Indian,Beverage,Mango Lassi,1,16.0,16.0
ORD-104777,Italian,Main,Fettuccine Alfredo,2,48.0,96.0
ORD-104778,Chinese,Main,Chicken Fried Rice,1,34.0,34.0
ORD-104778,Chinese,Main,Chicken Manchurian,1,38.0,38.0
ORD-104778,Chinese,Starter,Hot and Sour Soup,1,24.0,24.0
ORD-104779,Indian,Main,Dal Makhani,1,32.0,32.0
ORD-104779,Indian,Main,Chicken Biryani,1,42.0,42.0
ORD-104779,Indian,Main,Mutton Biryani,1,52.0,52.0
ORD-104779,Indian,Side,Jeera Rice,3,14.0,42.0
ORD-104780,Indian,Main,Mutton Biryani,1,52.0,52.0
ORD-104781,Indian,Main,Dal Makhani,1,32.0,32.0
ORD-104781,Indian,Main,Butter Chicken,1,45.0,45.0
ORD-104781,Indian,Starter,Paneer Tikka,1,32.0,32.0
ORD-104781,Indian,Beverage,Mango Lassi,1,16.0,16.0
ORD-104782,Indian,Main,Dal Makhani,1,32.0,32.0
ORD-104782,Indian,Main,Butter Chicken,1,45.0,45.0
ORD-104782,Indian,Starter,Vegetable Samosa,1,16.0,16.0
ORD-104782,Indian,Dessert,Gulab Jamun,1,18.0,18.0
ORD-104782,Indian,Beverage,Mango Lassi,2,16.0,32.0
ORD-104783,Arabic,Main,Mixed Grill,1,75.0,75.0
ORD-104783,Arabic,Side,Arabic Rice,1,12.0,12.0
ORD-104784,Arabic,Main,Chicken Machboos,1,48.0,48.0
ORD-104784,Arabic,Starter,Fattoush,1,24.0,24.0
ORD-104784,Arabic,Beverage,Mint Lemonade,1,18.0,18.0
ORD-104785,Arabic,Main,Falafel Wrap,2,22.0,44.0
ORD-104785,Arabic,Starter,Hummus,1,22.0,22.0
ORD-104785,Arabic,Dessert,Kunafa,1,28.0,28.0
ORD-104785,Arabic,Beverage,Mint Lemonade,2,18.0,36.0
ORD-104786,Indian,Main,Chicken Biryani,1,42.0,42.0
ORD-104786,Indian,Starter,Chicken Tikka,1,36.0,36.0
ORD-104786,Indian,Side,Garlic Naan,1,8.0,8.0
ORD-104787,Italian,Main,Pepperoni Pizza,1,52.0,52.0
ORD-104787,Italian,Dessert,Tiramisu,1,30.0,30.0
ORD-104788,Continental,Main,Grilled Salmon,1,78.0,78.0
ORD-104788,Continental,Main,Grilled Chicken with Mash,1,52.0,52.0
ORD-104788,Continental,Starter,Chicken Wings,1,34.0,34.0
ORD-104788,Continental,Side,French Fries,1,16.0,16.0
ORD-104789,Arabic,Main,Lamb Mandi,1,62.0,62.0
ORD-104789,Arabic,Starter,Hummus,1,22.0,22.0
ORD-104789,Arabic,Beverage,Mint Lemonade,1,18.0,18.0
ORD-104790,Continental,Main,Grilled Salmon,1,78.0,78.0
ORD-104790,Continental,Main,Fish and Chips,1,50.0,50.0
ORD-104790,Continental,Main,Grilled Chicken with Mash,1,52.0,52.0
ORD-104790,Continental,Starter,Soup of the Day,1,22.0,22.0
ORD-104790,Continental,Side,French Fries,3,16.0,48.0
ORD-104790,Continental,Beverage,Chocolate Milkshake,3,22.0,66.0
ORD-104791,Italian,Main,Margherita Pizza,1,45.0,45.0
ORD-104791,Italian,Main,Beef Lasagna,1,55.0,55.0
ORD-104791,Italian,Starter,Bruschetta,1,26.0,26.0
ORD-104791,Italian,Beverage,Italian Lemon Soda,1,18.0,18.0
ORD-104792,Italian,Main,Beef Lasagna,1,55.0,55.0
ORD-104793,Arabic,Main,Lamb Mandi,1,62.0,62.0
ORD-104793,Italian,Dessert,Tiramisu,1,30.0,30.0
ORD-104793,Italian,Beverage,Italian Lemon Soda,1,18.0,18.0
ORD-104794,Indian,Main,Butter Chicken,1,45.0,45.0
ORD-104794,Indian,Main,Dal Makhani,1,32.0,32.0
ORD-104794,Indian,Starter,Vegetable Samosa,1,16.0,16.0
ORD-104794,Indian,Side,Garlic Naan,1,8.0,8.0
ORD-104795,Arabic,Main,Chicken Shawarma Plate,1,38.0,38.0
ORD-104795,Arabic,Main,Falafel Wrap,1,22.0,22.0
ORD-104796,Italian,Main,Pepperoni Pizza,1,52.0,52.0
ORD-104796,Italian,Starter,Caesar Salad,1,32.0,32.0
ORD-104796,Italian,Side,Garlic Bread,1,18.0,18.0
ORD-104796,Italian,Dessert,Tiramisu,1,30.0,30.0
ORD-104796,Italian,Beverage,Italian Lemon Soda,1,18.0,18.0
ORD-104797,Italian,Main,Beef Lasagna,1,55.0,55.0
ORD-104797,Italian,Side,Garlic Bread,1,18.0,18.0
ORD-104798,Italian,Main,Pepperoni Pizza,1,52.0,52.0
ORD-104798,Italian,Main,Beef Lasagna,1,55.0,55.0
ORD-104798,Indian,Main,Butter Chicken,1,45.0,45.0
ORD-104798,Italian,Starter,Bruschetta,1,26.0,26.0
ORD-104799,Italian,Main,Margherita Pizza,1,45.0,45.0
ORD-104799,Italian,Side,Garlic Bread,1,18.0,18.0
ORD-104800,Italian,Main,Margherita Pizza,1,45.0,45.0
ORD-104800,Italian,Dessert,Tiramisu,1,30.0,30.0
ORD-104800,Italian,Beverage,Italian Lemon Soda,1,18.0,18.0
ORD-104801,Arabic,Main,Chicken Shawarma Plate,2,38.0,76.0
ORD-104801,Arabic,Starter,Hummus,1,22.0,22.0
ORD-104801,Arabic,Side,Arabic Rice,2,12.0,24.0
ORD-104802,Indian,Main,Butter Chicken,1,45.0,45.0
ORD-104802,Indian,Dessert,Gulab Jamun,1,18.0,18.0
ORD-104803,Continental,Main,Grilled Chicken with Mash,1,52.0,52.0
ORD-104803,Continental,Side,French Fries,1,16.0,16.0
ORD-104804,Continental,Main,Classic Beef Burger,1,48.0,48.0
ORD-104804,Indian,Starter,Chicken Tikka,1,36.0,36.0
ORD-104804,Continental,Side,French Fries,1,16.0,16.0
ORD-104805,Italian,Main,Margherita Pizza,2,45.0,90.0
ORD-104805,Italian,Main,Beef Lasagna,1,55.0,55.0
ORD-104805,Italian,Side,Garlic Bread,2,18.0,36.0
ORD-104806,Indian,Main,Dal Makhani,1,32.0,32.0
ORD-104806,Indian,Side,Jeera Rice,1,14.0,14.0
ORD-104806,Indian,Beverage,Mango Lassi,1,16.0,16.0
ORD-104807,Continental,Main,Grilled Salmon,1,78.0,78.0
ORD-104807,Continental,Side,French Fries,1,16.0,16.0
ORD-104807,Continental,Beverage,Chocolate Milkshake,1,22.0,22.0
ORD-104808,Indian,Main,Palak Paneer,1,34.0,34.0
ORD-104808,Arabic,Starter,Hummus,1,22.0,22.0
ORD-104808,Indian,Side,Jeera Rice,1,14.0,14.0
ORD-104808,Indian,Dessert,Gulab Jamun,1,18.0,18.0
ORD-104808,Indian,Beverage,Mango Lassi,1,16.0,16.0
ORD-104809,Indian,Main,Dal Makhani,1,32.0,32.0
ORD-104809,Indian,Main,Butter Chicken,1,45.0,45.0
ORD-104809,Indian,Starter,Chicken Tikka,1,36.0,36.0
ORD-104809,Indian,Side,Jeera Rice,2,14.0,28.0
ORD-104810,Indian,Main,Chicken Biryani,1,42.0,42.0
ORD-104810,Indian,Main,Dal Makhani,1,32.0,32.0
ORD-104810,Indian,Starter,Paneer Tikka,1,32.0,32.0
ORD-104810,Indian,Beverage,Mango Lassi,2,16.0,32.0
ORD-104811,Continental,Main,Classic Beef Burger,2,48.0,96.0
ORD-104811,Continental,Side,French Fries,2,16.0,32.0
ORD-104811,Continental,Dessert,Chocolate Brownie,1,24.0,24.0
ORD-104812,Chinese,Main,Chicken Manchurian,1,38.0,38.0
ORD-104812,Chinese,Side,Steamed Rice,1,10.0,10.0
ORD-104812,Chinese,Beverage,Jasmine Tea,1,12.0,12.0
ORD-104813,Italian,Main,Penne Arrabbiata,1,42.0,42.0
ORD-104813,Italian,Side,Garlic Bread,1,18.0,18.0
ORD-104814,Indian,Main,Mutton Biryani,1,52.0,52.0
ORD-104814,Indian,Main,Chicken Biryani,1,42.0,42.0
ORD-104814,Indian,Side,Jeera Rice,1,14.0,14.0
ORD-104815,Italian,Main,Fettuccine Alfredo,1,48.0,48.0
ORD-104815,Italian,Main,Penne Arrabbiata,1,42.0,42.0
ORD-104815,Italian,Beverage,Italian Lemon Soda,1,18.0,18.0
ORD-104816,Italian,Main,Margherita Pizza,1,45.0,45.0
ORD-104816,Chinese,Main,Chicken Manchurian,1,38.0,38.0
ORD-104816,Italian,Main,Beef Lasagna,1,55.0,55.0
ORD-104816,Chinese,Starter,Spring Rolls,1,22.0,22.0
ORD-104816,Italian,Side,Garlic Bread,2,18.0,36.0
ORD-104816,Chinese,Beverage,Jasmine Tea,1,12.0,12.0
ORD-104817,Arabic,Main,Falafel Wrap,1,22.0,22.0
ORD-104817,Arabic,Beverage,Mint Lemonade,1,18.0,18.0
ORD-104818,Italian,Main,Margherita Pizza,1,45.0,45.0
ORD-104818,Italian,Main,Pepperoni Pizza,2,52.0,104.0
ORD-104818,Italian,Dessert,Tiramisu,1,30.0,30.0
ORD-104818,Italian,Beverage,Italian Lemon Soda,3,18.0,54.0
ORD-104819,Arabic,Main,Mixed Grill,1,75.0,75.0
ORD-104819,Arabic,Side,Arabic Rice,1,12.0,12.0
ORD-104820,Italian,Main,Fettuccine Alfredo,1,48.0,48.0
ORD-104820,Italian,Starter,Caesar Salad,1,32.0,32.0
ORD-104820,Italian,Side,Garlic Bread,1,18.0,18.0
ORD-104820,Italian,Beverage,Italian Lemon Soda,1,18.0,18.0
ORD-104821,Arabic,Main,Chicken Shawarma Plate,1,38.0,38.0
ORD-104821,Arabic,Side,Arabic Rice,1,12.0,12.0
ORD-104821,Arabic,Dessert,Kunafa,1,28.0,28.0
ORD-104822,Chinese,Main,Chicken Manchurian,2,38.0,76.0
ORD-104822,Chinese,Starter,Chicken Dim Sum,1,34.0,34.0
ORD-104822,Chinese,Beverage,Jasmine Tea,2,12.0,24.0
ORD-104823,Arabic,Main,Chicken Machboos,1,48.0,48.0
ORD-104823,Arabic,Starter,Fattoush,1,24.0,24.0
ORD-104823,Arabic,Beverage,Mint Lemonade,1,18.0,18.0
ORD-104824,Arabic,Main,Chicken Shawarma Plate,1,38.0,38.0
ORD-104824,Arabic,Beverage,Mint Lemonade,1,18.0,18.0
ORD-104825,Indian,Main,Mutton Biryani,1,52.0,52.0
ORD-104825,Indian,Beverage,Mango Lassi,1,16.0,16.0
ORD-104826,Indian,Main,Dal Makhani,2,32.0,64.0
ORD-104826,Indian,Side,Garlic Naan,1,8.0,8.0
ORD-104826,Indian,Dessert,Gulab Jamun,1,18.0,18.0
ORD-104827,Chinese,Main,Chicken Manchurian,1,38.0,38.0
ORD-104827,Chinese,Main,Kung Pao Chicken,1,44.0,44.0
ORD-104827,Chinese,Beverage,Jasmine Tea,2,12.0,24.0
ORD-104828,Chinese,Main,Chicken Manchurian,2,38.0,76.0
ORD-104828,Chinese,Starter,Spring Rolls,1,22.0,22.0
ORD-104828,Chinese,Beverage,Jasmine Tea,2,12.0,24.0
ORD-104829,Arabic,Main,Chicken Shawarma Plate,1,38.0,38.0
ORD-104829,Arabic,Starter,Fattoush,1,24.0,24.0
ORD-104830,Arabic,Main,Chicken Shawarma Plate,1,38.0,38.0
ORD-104830,Arabic,Main,Chicken Machboos,1,48.0,48.0
ORD-104830,Arabic,Main,Mixed Grill,1,75.0,75.0
ORD-104830,Arabic,Dessert,Umm Ali,1,26.0,26.0
ORD-104831,Arabic,Main,Chicken Shawarma Plate,1,38.0,38.0
ORD-104831,Arabic,Main,Mixed Grill,1,75.0,75.0
ORD-104832,Chinese,Main,Kung Pao Chicken,2,44.0,88.0
ORD-104832,Chinese,Main,Veg Hakka Noodles,1,32.0,32.0
ORD-104833,Italian,Main,Penne Arrabbiata,1,42.0,42.0
ORD-104833,Italian,Beverage,Italian Lemon Soda,1,18.0,18.0
ORD-104834,Chinese,Main,Veg Hakka Noodles,1,32.0,32.0
ORD-104834,Arabic,Starter,Mutabbal,1,22.0,22.0
ORD-104835,Chinese,Main,Kung Pao Chicken,1,44.0,44.0
ORD-104835,Chinese,Side,Steamed Rice,1,10.0,10.0
ORD-104836,Italian,Main,Penne Arrabbiata,1,42.0,42.0
ORD-104836,Italian,Starter,Bruschetta,1,26.0,26.0
ORD-104836,Arabic,Beverage,Mint Lemonade,1,18.0,18.0
ORD-104837,Continental,Main,Grilled Salmon,1,78.0,78.0
ORD-104837,Continental,Starter,Soup of the Day,1,22.0,22.0
ORD-104837,Continental,Side,French Fries,1,16.0,16.0
ORD-104838,Arabic,Main,Falafel Wrap,1,22.0,22.0
ORD-104838,Arabic,Side,Arabic Rice,1,12.0,12.0
ORD-104839,Continental,Main,Grilled Chicken Burger,1,42.0,42.0
ORD-104839,Continental,Dessert,Chocolate Brownie,1,24.0,24.0
ORD-104840,Indian,Main,Butter Chicken,1,45.0,45.0
ORD-104840,Indian,Starter,Paneer Tikka,1,32.0,32.0
ORD-104840,Indian,Dessert,Gulab Jamun,1,18.0,18.0
ORD-104840,Indian,Beverage,Mango Lassi,1,16.0,16.0
ORD-104841,Italian,Main,Penne Arrabbiata,1,42.0,42.0
ORD-104842,Continental,Main,Fish and Chips,1,50.0,50.0
ORD-104842,Continental,Dessert,Chocolate Brownie,1,24.0,24.0
ORD-104842,Continental,Beverage,Chocolate Milkshake,1,22.0,22.0
ORD-104843,Arabic,Main,Mixed Grill,1,75.0,75.0
ORD-104843,Arabic,Starter,Fattoush,1,24.0,24.0
ORD-104844,Chinese,Main,Chicken Manchurian,1,38.0,38.0
ORD-104844,Arabic,Main,Chicken Shawarma Plate,1,38.0,38.0
ORD-104844,Arabic,Beverage,Mint Lemonade,1,18.0,18.0
ORD-104845,Arabic,Main,Chicken Machboos,1,48.0,48.0
ORD-104845,Arabic,Starter,Hummus,1,22.0,22.0
ORD-104845,Arabic,Side,Arabic Rice,1,12.0,12.0
ORD-104846,Italian,Main,Margherita Pizza,1,45.0,45.0
ORD-104847,Italian,Main,Beef Lasagna,1,55.0,55.0
ORD-104848,Continental,Main,Fish and Chips,2,50.0,100.0
ORD-104848,Continental,Dessert,Chocolate Brownie,1,24.0,24.0
ORD-104848,Continental,Beverage,Chocolate Milkshake,2,22.0,44.0
ORD-104849,Continental,Main,Classic Beef Burger,1,48.0,48.0
ORD-104849,Continental,Main,Grilled Chicken with Mash,1,52.0,52.0
ORD-104849,Continental,Starter,Chicken Wings,1,34.0,34.0
ORD-104849,Continental,Side,French Fries,2,16.0,32.0
ORD-104850,Indian,Main,Palak Paneer,1,34.0,34.0
ORD-104850,Indian,Starter,Chicken Tikka,1,36.0,36.0
ORD-104850,Indian,Side,Garlic Naan,1,8.0,8.0
ORD-104850,Indian,Dessert,Gulab Jamun,1,18.0,18.0
ORD-104850,Indian,Beverage,Mango Lassi,1,16.0,16.0
ORD-104851,Italian,Main,Margherita Pizza,1,45.0,45.0
ORD-104851,Continental,Main,Classic Beef Burger,1,48.0,48.0
ORD-104851,Italian,Starter,Bruschetta,1,26.0,26.0
ORD-104852,Continental,Main,Grilled Chicken with Mash,1,52.0,52.0
ORD-104852,Continental,Side,French Fries,1,16.0,16.0
ORD-104853,Indian,Main,Mutton Biryani,1,52.0,52.0
ORD-104853,Indian,Side,Garlic Naan,1,8.0,8.0
ORD-104853,Indian,Beverage,Mango Lassi,1,16.0,16.0
ORD-104854,Indian,Main,Chicken Biryani,1,42.0,42.0
ORD-104854,Indian,Side,Jeera Rice,1,14.0,14.0
ORD-104855,Arabic,Main,Chicken Machboos,1,48.0,48.0
ORD-104855,Arabic,Beverage,Mint Lemonade,1,18.0,18.0
ORD-104856,Italian,Main,Penne Arrabbiata,1,42.0,42.0
ORD-104856,Italian,Main,Fettuccine Alfredo,1,48.0,48.0
ORD-104856,Italian,Main,Beef Lasagna,1,55.0,55.0
ORD-104857,Indian,Main,Butter Chicken,1,45.0,45.0
ORD-104857,Indian,Starter,Vegetable Samosa,1,16.0,16.0
ORD-104857,Indian,Side,Jeera Rice,1,14.0,14.0
ORD-104858,Arabic,Main,Mixed Grill,1,75.0,75.0
ORD-104858,Arabic,Main,Chicken Shawarma Plate,1,38.0,38.0
ORD-104858,Arabic,Beverage,Mint Lemonade,1,18.0,18.0
ORD-104859,Indian,Main,Chicken Biryani,1,42.0,42.0
ORD-104859,Indian,Main,Mutton Biryani,1,52.0,52.0
ORD-104859,Indian,Side,Garlic Naan,1,8.0,8.0
ORD-104860,Chinese,Main,Chicken Manchurian,1,38.0,38.0
ORD-104860,Chinese,Starter,Chicken Dim Sum,1,34.0,34.0
ORD-104860,Chinese,Beverage,Jasmine Tea,1,12.0,12.0
ORD-104861,Chinese,Main,Szechuan Beef,1,52.0,52.0
ORD-104861,Chinese,Main,Veg Hakka Noodles,1,32.0,32.0
ORD-104861,Chinese,Side,Steamed Rice,2,10.0,20.0
ORD-104861,Chinese,Beverage,Jasmine Tea,2,12.0,24.0
ORD-104862,Arabic,Main,Mixed Grill,1,75.0,75.0
ORD-104862,Arabic,Main,Lamb Mandi,1,62.0,62.0
ORD-104862,Arabic,Starter,Hummus,1,22.0,22.0
ORD-104862,Arabic,Side,Arabic Rice,1,12.0,12.0
ORD-104862,Arabic,Dessert,Kunafa,1,28.0,28.0
ORD-104862,Arabic,Beverage,Mint Lemonade,2,18.0,36.0
ORD-104863,Continental,Main,Grilled Chicken Burger,1,42.0,42.0
ORD-104863,Continental,Side,French Fries,1,16.0,16.0
ORD-104864,Arabic,Main,Lamb Mandi,1,62.0,62.0
ORD-104864,Chinese,Beverage,Jasmine Tea,1,12.0,12.0
ORD-104865,Arabic,Main,Chicken Machboos,1,48.0,48.0
ORD-104865,Arabic,Main,Lamb Mandi,1,62.0,62.0
ORD-104865,Arabic,Starter,Hummus,1,22.0,22.0
ORD-104866,Italian,Main,Margherita Pizza,1,45.0,45.0
ORD-104866,Italian,Starter,Caesar Salad,1,32.0,32.0
ORD-104867,Chinese,Main,Chicken Fried Rice,1,34.0,34.0
ORD-104867,Chinese,Starter,Spring Rolls,1,22.0,22.0
ORD-104868,Arabic,Main,Lamb Mandi,1,62.0,62.0
ORD-104868,Arabic,Beverage,Mint Lemonade,1,18.0,18.0
ORD-104869,Indian,Main,Dal Makhani,1,32.0,32.0
ORD-104869,Indian,Side,Jeera Rice,1,14.0,14.0
ORD-104869,Indian,Dessert,Gulab Jamun,1,18.0,18.0
ORD-104870,Italian,Main,Fettuccine Alfredo,1,48.0,48.0
ORD-104871,Indian,Main,Butter Chicken,1,45.0,45.0
ORD-104871,Indian,Main,Chicken Biryani,1,42.0,42.0
ORD-104871,Italian,Starter,Caesar Salad,1,32.0,32.0
ORD-104871,Indian,Side,Jeera Rice,2,14.0,28.0
ORD-104871,Indian,Beverage,Mango Lassi,1,16.0,16.0
ORD-104872,Italian,Main,Margherita Pizza,2,45.0,90.0
ORD-104872,Italian,Beverage,Italian Lemon Soda,2,18.0,36.0
ORD-104873,Arabic,Main,Chicken Shawarma Plate,2,38.0,76.0
ORD-104873,Arabic,Main,Mixed Grill,2,75.0,150.0
ORD-104873,Arabic,Dessert,Kunafa,1,28.0,28.0
ORD-104874,Arabic,Main,Lamb Mandi,1,62.0,62.0
ORD-104874,Arabic,Main,Mixed Grill,1,75.0,75.0
ORD-104874,Arabic,Starter,Hummus,1,22.0,22.0
ORD-104874,Arabic,Side,Arabic Rice,2,12.0,24.0
ORD-104875,Indian,Main,Dal Makhani,1,32.0,32.0
ORD-104875,Indian,Starter,Chicken Tikka,1,36.0,36.0
ORD-104875,Indian,Beverage,Mango Lassi,1,16.0,16.0
ORD-104876,Arabic,Main,Mixed Grill,1,75.0,75.0
ORD-104877,Chinese,Main,Chicken Manchurian,1,38.0,38.0
ORD-104877,Chinese,Beverage,Jasmine Tea,1,12.0,12.0
ORD-104878,Italian,Main,Pepperoni Pizza,1,52.0,52.0
ORD-104878,Italian,Side,Garlic Bread,1,18.0,18.0
ORD-104878,Italian,Dessert,Tiramisu,1,30.0,30.0
ORD-104879,Continental,Main,Grilled Chicken Burger,1,42.0,42.0
ORD-104880,Italian,Main,Beef Lasagna,1,55.0,55.0
ORD-104880,Italian,Starter,Caesar Salad,1,32.0,32.0
ORD-104881,Italian,Main,Pepperoni Pizza,1,52.0,52.0
ORD-104881,Italian,Main,Margherita Pizza,2,45.0,90.0
ORD-104881,Italian,Beverage,Italian Lemon Soda,1,18.0,18.0
ORD-104882,Italian,Main,Margherita Pizza,2,45.0,90.0
ORD-104882,Italian,Side,Garlic Bread,2,18.0,36.0
ORD-104883,Continental,Main,Grilled Salmon,1,78.0,78.0
ORD-104883,Continental,Side,French Fries,1,16.0,16.0
ORD-104884,Arabic,Main,Chicken Shawarma Plate,1,38.0,38.0
ORD-104884,Arabic,Main,Mixed Grill,1,75.0,75.0
ORD-104885,Indian,Main,Chicken Biryani,1,42.0,42.0
ORD-104885,Indian,Main,Mutton Biryani,1,52.0,52.0
ORD-104885,Indian,Side,Garlic Naan,1,8.0,8.0
ORD-104886,Indian,Main,Dal Makhani,1,32.0,32.0
ORD-104886,Indian,Starter,Paneer Tikka,1,32.0,32.0
ORD-104886,Indian,Side,Garlic Naan,1,8.0,8.0
ORD-104886,Indian,Beverage,Mango Lassi,1,16.0,16.0
ORD-104887,Arabic,Main,Chicken Machboos,1,48.0,48.0
ORD-104887,Arabic,Beverage,Mint Lemonade,1,18.0,18.0
ORD-104888,Arabic,Main,Mixed Grill,1,75.0,75.0
ORD-104888,Arabic,Main,Chicken Machboos,1,48.0,48.0
ORD-104888,Arabic,Starter,Fattoush,1,24.0,24.0
ORD-104888,Arabic,Side,Arabic Rice,1,12.0,12.0
ORD-104889,Italian,Main,Pepperoni Pizza,1,52.0,52.0
ORD-104889,Italian,Main,Penne Arrabbiata,1,42.0,42.0
ORD-104889,Chinese,Main,Veg Hakka Noodles,1,32.0,32.0
ORD-104889,Italian,Side,Garlic Bread,1,18.0,18.0
ORD-104889,Chinese,Dessert,Mango Pudding,1,20.0,20.0
ORD-104889,Italian,Beverage,Italian Lemon Soda,2,18.0,36.0
ORD-104890,Arabic,Main,Chicken Machboos,1,48.0,48.0
ORD-104890,Arabic,Main,Lamb Mandi,1,62.0,62.0
ORD-104890,Arabic,Side,Arabic Rice,2,12.0,24.0
ORD-104890,Arabic,Beverage,Mint Lemonade,1,18.0,18.0
ORD-104891,Italian,Main,Margherita Pizza,1,45.0,45.0
ORD-104892,Indian,Main,Chicken Biryani,1,42.0,42.0
ORD-104892,Indian,Starter,Chicken Tikka,1,36.0,36.0
ORD-104893,Italian,Main,Margherita Pizza,1,45.0,45.0
ORD-104893,Italian,Dessert,Tiramisu,1,30.0,30.0
ORD-104893,Italian,Beverage,Italian Lemon Soda,1,18.0,18.0
ORD-104894,Chinese,Main,Chicken Manchurian,1,38.0,38.0
ORD-104894,Chinese,Starter,Chicken Dim Sum,1,34.0,34.0
ORD-104894,Chinese,Dessert,Mango Pudding,1,20.0,20.0
ORD-104894,Chinese,Beverage,Jasmine Tea,1,12.0,12.0
ORD-104895,Italian,Main,Margherita Pizza,1,45.0,45.0
ORD-104895,Italian,Beverage,Italian Lemon Soda,1,18.0,18.0
ORD-104896,Arabic,Main,Chicken Machboos,1,48.0,48.0
ORD-104896,Arabic,Main,Chicken Shawarma Plate,1,38.0,38.0
ORD-104896,Arabic,Starter,Mutabbal,1,22.0,22.0
ORD-104897,Arabic,Main,Chicken Machboos,1,48.0,48.0
ORD-104897,Arabic,Side,Arabic Rice,1,12.0,12.0
ORD-104898,Arabic,Main,Mixed Grill,1,75.0,75.0
ORD-104898,Arabic,Starter,Hummus,1,22.0,22.0
ORD-104898,Arabic,Side,Arabic Rice,1,12.0,12.0
ORD-104899,Chinese,Main,Chicken Manchurian,1,38.0,38.0
ORD-104899,Chinese,Main,Kung Pao Chicken,1,44.0,44.0
ORD-104899,Chinese,Starter,Spring Rolls,1,22.0,22.0
ORD-104900,Indian,Main,Butter Chicken,1,45.0,45.0
ORD-104900,Indian,Main,Chicken Biryani,1,42.0,42.0
ORD-104900,Indian,Side,Garlic Naan,1,8.0,8.0
ORD-104901,Continental,Main,Grilled Chicken Burger,2,42.0,84.0
ORD-104901,Continental,Starter,Soup of the Day,1,22.0,22.0
ORD-104901,Chinese,Dessert,Mango Pudding,1,20.0,20.0
ORD-104902,Indian,Main,Butter Chicken,2,45.0,90.0
ORD-104902,Indian,Side,Jeera Rice,2,14.0,28.0
ORD-104902,Indian,Dessert,Gulab Jamun,1,18.0,18.0
ORD-104903,Italian,Main,Margherita Pizza,1,45.0,45.0
ORD-104903,Italian,Main,Fettuccine Alfredo,1,48.0,48.0
ORD-104903,Indian,Starter,Paneer Tikka,1,32.0,32.0
ORD-104903,Italian,Beverage,Italian Lemon Soda,2,18.0,36.0
ORD-104904,Indian,Main,Dal Makhani,1,32.0,32.0
ORD-104904,Indian,Side,Jeera Rice,1,14.0,14.0
ORD-104904,Indian,Dessert,Gulab Jamun,1,18.0,18.0
ORD-104905,Arabic,Main,Chicken Machboos,1,48.0,48.0
ORD-104905,Arabic,Starter,Mutabbal,1,22.0,22.0
ORD-104906,Chinese,Main,Chicken Manchurian,1,38.0,38.0
ORD-104906,Chinese,Starter,Spring Rolls,1,22.0,22.0
ORD-104907,Chinese,Main,Veg Hakka Noodles,1,32.0,32.0
ORD-104908,Continental,Main,Grilled Salmon,1,78.0,78.0
ORD-104908,Continental,Starter,Soup of the Day,1,22.0,22.0
ORD-104909,Continental,Main,Grilled Chicken with Mash,1,52.0,52.0
ORD-104909,Italian,Main,Penne Arrabbiata,1,42.0,42.0
ORD-104910,Indian,Main,Mutton Biryani,1,52.0,52.0
ORD-104910,Indian,Main,Butter Chicken,1,45.0,45.0
ORD-104910,Indian,Starter,Chicken Tikka,1,36.0,36.0
ORD-104910,Indian,Side,Garlic Naan,2,8.0,16.0
ORD-104911,Continental,Main,Classic Beef Burger,2,48.0,96.0
ORD-104911,Continental,Starter,Chicken Wings,1,34.0,34.0
ORD-104911,Continental,Side,French Fries,1,16.0,16.0
ORD-104912,Chinese,Main,Szechuan Beef,1,52.0,52.0
ORD-104913,Italian,Main,Beef Lasagna,1,55.0,55.0
ORD-104913,Italian,Beverage,Italian Lemon Soda,1,18.0,18.0
ORD-104914,Italian,Main,Fettuccine Alfredo,1,48.0,48.0
ORD-104914,Arabic,Dessert,Kunafa,1,28.0,28.0
ORD-104915,Continental,Main,Fish and Chips,1,50.0,50.0
ORD-104915,Continental,Main,Classic Beef Burger,1,48.0,48.0
ORD-104915,Continental,Main,Grilled Chicken Burger,1,42.0,42.0
ORD-104916,Continental,Main,Fish and Chips,1,50.0,50.0
ORD-104916,Continental,Side,French Fries,1,16.0,16.0
ORD-104917,Indian,Main,Palak Paneer,1,34.0,34.0
ORD-104917,Indian,Side,Jeera Rice,1,14.0,14.0
ORD-104917,Arabic,Beverage,Mint Lemonade,1,18.0,18.0
ORD-104918,Continental,Main,Grilled Chicken Burger,1,42.0,42.0
ORD-104918,Continental,Beverage,Chocolate Milkshake,1,22.0,22.0
ORD-104919,Indian,Main,Chicken Biryani,1,42.0,42.0
ORD-104919,Indian,Starter,Vegetable Samosa,1,16.0,16.0
ORD-104919,Indian,Beverage,Mango Lassi,1,16.0,16.0
ORD-104920,Indian,Main,Mutton Biryani,1,52.0,52.0
ORD-104920,Indian,Main,Dal Makhani,1,32.0,32.0
ORD-104920,Indian,Side,Jeera Rice,1,14.0,14.0
ORD-104920,Indian,Beverage,Mango Lassi,2,16.0,32.0
ORD-104921,Continental,Main,Classic Beef Burger,1,48.0,48.0
ORD-104921,Continental,Beverage,Chocolate Milkshake,1,22.0,22.0
ORD-104922,Chinese,Main,Chicken Fried Rice,1,34.0,34.0
ORD-104922,Chinese,Main,Kung Pao Chicken,2,44.0,88.0
ORD-104922,Chinese,Beverage,Jasmine Tea,1,12.0,12.0
ORD-104923,Indian,Main,Mutton Biryani,1,52.0,52.0
ORD-104923,Indian,Side,Garlic Naan,1,8.0,8.0
ORD-104924,Italian,Main,Penne Arrabbiata,1,42.0,42.0
ORD-104924,Italian,Starter,Caesar Salad,1,32.0,32.0
ORD-104925,Indian,Main,Butter Chicken,1,45.0,45.0
ORD-104925,Indian,Dessert,Gulab Jamun,1,18.0,18.0
ORD-104926,Italian,Main,Pepperoni Pizza,2,52.0,104.0
ORD-104927,Continental,Main,Fish and Chips,1,50.0,50.0
ORD-104927,Continental,Main,Grilled Chicken with Mash,1,52.0,52.0
ORD-104927,Continental,Side,French Fries,1,16.0,16.0
ORD-104927,Continental,Beverage,Chocolate Milkshake,2,22.0,44.0
ORD-104928,Arabic,Main,Lamb Mandi,1,62.0,62.0
ORD-104929,Indian,Main,Palak Paneer,1,34.0,34.0
ORD-104929,Indian,Starter,Chicken Tikka,1,36.0,36.0
ORD-104930,Arabic,Main,Falafel Wrap,2,22.0,44.0
ORD-104930,Arabic,Starter,Fattoush,1,24.0,24.0
ORD-104931,Chinese,Main,Chicken Manchurian,1,38.0,38.0
ORD-104931,Chinese,Starter,Hot and Sour Soup,1,24.0,24.0
ORD-104932,Arabic,Main,Lamb Mandi,1,62.0,62.0
ORD-104932,Arabic,Main,Falafel Wrap,1,22.0,22.0
ORD-104932,Arabic,Starter,Hummus,1,22.0,22.0
ORD-104932,Arabic,Side,Arabic Rice,1,12.0,12.0
ORD-104932,Arabic,Dessert,Kunafa,1,28.0,28.0
ORD-104933,Indian,Main,Chicken Biryani,1,42.0,42.0
ORD-104933,Indian,Side,Garlic Naan,1,8.0,8.0
ORD-104933,Indian,Beverage,Mango Lassi,1,16.0,16.0
ORD-104934,Continental,Main,Classic Beef Burger,1,48.0,48.0
ORD-104934,Continental,Dessert,Chocolate Brownie,1,24.0,24.0
ORD-104935,Indian,Main,Chicken Biryani,1,42.0,42.0
ORD-104936,Continental,Main,Grilled Salmon,1,78.0,78.0
ORD-104936,Continental,Main,Classic Beef Burger,1,48.0,48.0
ORD-104936,Continental,Starter,Soup of the Day,1,22.0,22.0
ORD-104936,Continental,Side,French Fries,2,16.0,32.0
ORD-104936,Continental,Beverage,Chocolate Milkshake,2,22.0,44.0
ORD-104937,Indian,Main,Chicken Biryani,1,42.0,42.0
ORD-104937,Indian,Side,Garlic Naan,1,8.0,8.0
ORD-104938,Continental,Main,Grilled Chicken with Mash,1,52.0,52.0
ORD-104938,Continental,Main,Classic Beef Burger,2,48.0,96.0
ORD-104939,Continental,Main,Classic Beef Burger,1,48.0,48.0
ORD-104939,Continental,Beverage,Chocolate Milkshake,1,22.0,22.0
ORD-104940,Indian,Main,Mutton Biryani,1,52.0,52.0
ORD-104940,Indian,Beverage,Mango Lassi,1,16.0,16.0
ORD-104941,Chinese,Main,Kung Pao Chicken,1,44.0,44.0
ORD-104941,Chinese,Main,Chicken Fried Rice,1,34.0,34.0
ORD-104942,Arabic,Main,Mixed Grill,1,75.0,75.0
ORD-104942,Arabic,Main,Chicken Shawarma Plate,1,38.0,38.0
ORD-104942,Arabic,Starter,Mutabbal,1,22.0,22.0
ORD-104943,Indian,Main,Chicken Biryani,1,42.0,42.0
ORD-104943,Arabic,Starter,Fattoush,1,24.0,24.0
ORD-104943,Indian,Side,Jeera Rice,1,14.0,14.0
ORD-104943,Indian,Dessert,Gulab Jamun,1,18.0,18.0
ORD-104944,Italian,Main,Margherita Pizza,1,45.0,45.0
ORD-104944,Italian,Starter,Caesar Salad,1,32.0,32.0
ORD-104944,Italian,Side,Garlic Bread,1,18.0,18.0
ORD-104945,Italian,Main,Beef Lasagna,1,55.0,55.0
ORD-104945,Italian,Main,Penne Arrabbiata,1,42.0,42.0
ORD-104945,Italian,Starter,Bruschetta,1,26.0,26.0
ORD-104946,Chinese,Main,Chicken Fried Rice,1,34.0,34.0
ORD-104946,Continental,Main,Grilled Salmon,1,78.0,78.0
ORD-104946,Continental,Main,Fish and Chips,1,50.0,50.0
ORD-104946,Continental,Dessert,New York Cheesecake,1,28.0,28.0
ORD-104947,Indian,Main,Chicken Biryani,1,42.0,42.0
ORD-104947,Continental,Starter,Chicken Wings,1,34.0,34.0
ORD-104948,Chinese,Main,Chicken Manchurian,1,38.0,38.0
ORD-104948,Chinese,Starter,Spring Rolls,1,22.0,22.0
ORD-104948,Chinese,Beverage,Jasmine Tea,1,12.0,12.0
ORD-104949,Continental,Main,Grilled Chicken Burger,1,42.0,42.0
ORD-104949,Arabic,Main,Falafel Wrap,1,22.0,22.0
ORD-104949,Continental,Beverage,Chocolate Milkshake,2,22.0,44.0
ORD-104950,Indian,Main,Dal Makhani,1,32.0,32.0
ORD-104950,Indian,Main,Butter Chicken,1,45.0,45.0
ORD-104950,Indian,Starter,Paneer Tikka,1,32.0,32.0
ORD-104950,Indian,Side,Garlic Naan,1,8.0,8.0
ORD-104951,Arabic,Main,Chicken Shawarma Plate,1,38.0,38.0
ORD-104951,Chinese,Main,Kung Pao Chicken,1,44.0,44.0
ORD-104951,Arabic,Beverage,Mint Lemonade,1,18.0,18.0
ORD-104952,Arabic,Main,Lamb Mandi,1,62.0,62.0
ORD-104952,Arabic,Main,Mixed Grill,1,75.0,75.0
ORD-104952,Arabic,Beverage,Mint Lemonade,1,18.0,18.0
ORD-104953,Indian,Main,Palak Paneer,1,34.0,34.0
ORD-104953,Indian,Starter,Vegetable Samosa,1,16.0,16.0
ORD-104953,Indian,Side,Garlic Naan,1,8.0,8.0
ORD-104954,Arabic,Main,Lamb Mandi,1,62.0,62.0
ORD-104954,Arabic,Main,Falafel Wrap,1,22.0,22.0
ORD-104954,Chinese,Starter,Spring Rolls,1,22.0,22.0
ORD-104954,Chinese,Dessert,Mango Pudding,1,20.0,20.0
ORD-104954,Arabic,Beverage,Mint Lemonade,1,18.0,18.0
ORD-104955,Arabic,Main,Mixed Grill,1,75.0,75.0
ORD-104955,Arabic,Dessert,Umm Ali,1,26.0,26.0
ORD-104956,Indian,Main,Palak Paneer,1,34.0,34.0
ORD-104956,Indian,Main,Dal Makhani,1,32.0,32.0
ORD-104956,Indian,Starter,Paneer Tikka,1,32.0,32.0
ORD-104956,Indian,Side,Garlic Naan,2,8.0,16.0
ORD-104957,Indian,Main,Mutton Biryani,1,52.0,52.0
ORD-104957,Indian,Main,Palak Paneer,1,34.0,34.0
ORD-104957,Indian,Main,Butter Chicken,1,45.0,45.0
ORD-104957,Indian,Starter,Paneer Tikka,1,32.0,32.0
ORD-104957,Indian,Side,Garlic Naan,2,8.0,16.0
ORD-104957,Indian,Beverage,Mango Lassi,1,16.0,16.0
ORD-104958,Indian,Main,Palak Paneer,1,34.0,34.0
ORD-104958,Continental,Beverage,Chocolate Milkshake,1,22.0,22.0
ORD-104959,Arabic,Main,Chicken Machboos,1,48.0,48.0
ORD-104959,Arabic,Beverage,Mint Lemonade,1,18.0,18.0
ORD-104960,Chinese,Main,Chicken Manchurian,1,38.0,38.0
ORD-104960,Chinese,Beverage,Jasmine Tea,1,12.0,12.0
ORD-104961,Italian,Main,Pepperoni Pizza,1,52.0,52.0
ORD-104962,Indian,Main,Chicken Biryani,1,42.0,42.0
ORD-104962,Indian,Side,Garlic Naan,1,8.0,8.0
ORD-104963,Italian,Main,Pepperoni Pizza,1,52.0,52.0
ORD-104963,Italian,Main,Margherita Pizza,1,45.0,45.0
ORD-104963,Italian,Starter,Bruschetta,1,26.0,26.0
ORD-104963,Italian,Side,Garlic Bread,2,18.0,36.0
ORD-104964,Indian,Main,Palak Paneer,1,34.0,34.0
ORD-104964,Continental,Main,Grilled Chicken Burger,1,42.0,42.0
ORD-104964,Indian,Side,Jeera Rice,1,14.0,14.0
ORD-104964,Continental,Beverage,Chocolate Milkshake,2,22.0,44.0
ORD-104965,Indian,Main,Chicken Biryani,1,42.0,42.0
ORD-104965,Indian,Main,Butter Chicken,1,45.0,45.0
ORD-104965,Indian,Starter,Paneer Tikka,1,32.0,32.0
ORD-104965,Indian,Side,Jeera Rice,1,14.0,14.0
ORD-104966,Indian,Main,Butter Chicken,1,45.0,45.0
ORD-104966,Indian,Side,Garlic Naan,1,8.0,8.0
ORD-104966,Indian,Beverage,Mango Lassi,1,16.0,16.0
ORD-104967,Indian,Main,Mutton Biryani,1,52.0,52.0
ORD-104967,Indian,Dessert,Gulab Jamun,1,18.0,18.0
ORD-104967,Indian,Beverage,Mango Lassi,1,16.0,16.0
ORD-104968,Indian,Main,Dal Makhani,1,32.0,32.0
ORD-104968,Indian,Starter,Paneer Tikka,1,32.0,32.0
ORD-104968,Indian,Side,Garlic Naan,1,8.0,8.0
ORD-104969,Italian,Main,Beef Lasagna,1,55.0,55.0
ORD-104969,Italian,Starter,Caesar Salad,1,32.0,32.0
ORD-104970,Chinese,Main,Kung Pao Chicken,1,44.0,44.0
ORD-104970,Chinese,Main,Chicken Fried Rice,1,34.0,34.0
ORD-104970,Chinese,Side,Steamed Rice,2,10.0,20.0
ORD-104971,Chinese,Main,Kung Pao Chicken,1,44.0,44.0
ORD-104971,Chinese,Side,Steamed Rice,1,10.0,10.0
ORD-104972,Chinese,Main,Chicken Fried Rice,1,34.0,34.0
ORD-104972,Chinese,Side,Steamed Rice,1,10.0,10.0
ORD-104972,Chinese,Dessert,Mango Pudding,1,20.0,20.0
ORD-104973,Chinese,Main,Szechuan Beef,1,52.0,52.0
ORD-104973,Arabic,Starter,Mutabbal,1,22.0,22.0
ORD-104973,Chinese,Side,Steamed Rice,1,10.0,10.0
ORD-104973,Chinese,Dessert,Mango Pudding,1,20.0,20.0
ORD-104973,Chinese,Beverage,Jasmine Tea,1,12.0,12.0
ORD-104974,Continental,Main,Classic Beef Burger,2,48.0,96.0
ORD-104974,Continental,Main,Grilled Chicken Burger,1,42.0,42.0
ORD-104974,Continental,Beverage,Chocolate Milkshake,3,22.0,66.0
ORD-104975,Chinese,Main,Veg Hakka Noodles,1,32.0,32.0
ORD-104976,Indian,Main,Chicken Biryani,2,42.0,84.0
ORD-104976,Indian,Side,Garlic Naan,2,8.0,16.0
ORD-104977,Indian,Main,Chicken Biryani,1,42.0,42.0
ORD-104977,Indian,Side,Garlic Naan,1,8.0,8.0
ORD-104978,Chinese,Main,Chicken Fried Rice,1,34.0,34.0
ORD-104978,Chinese,Main,Kung Pao Chicken,2,44.0,88.0
ORD-104979,Italian,Main,Fettuccine Alfredo,1,48.0,48.0
ORD-104979,Italian,Beverage,Italian Lemon Soda,1,18.0,18.0
ORD-104980,Chinese,Main,Kung Pao Chicken,1,44.0,44.0
ORD-104980,Chinese,Starter,Spring Rolls,1,22.0,22.0
ORD-104980,Chinese,Beverage,Jasmine Tea,1,12.0,12.0
ORD-104981,Chinese,Main,Chicken Manchurian,1,38.0,38.0
ORD-104981,Chinese,Beverage,Jasmine Tea,1,12.0,12.0
ORD-104982,Continental,Main,Grilled Chicken Burger,1,42.0,42.0
ORD-104982,Continental,Dessert,New York Cheesecake,1,28.0,28.0
ORD-104982,Continental,Beverage,Chocolate Milkshake,1,22.0,22.0
ORD-104983,Arabic,Main,Lamb Mandi,1,62.0,62.0
ORD-104983,Arabic,Starter,Hummus,1,22.0,22.0
ORD-104984,Arabic,Main,Lamb Mandi,1,62.0,62.0
ORD-104984,Arabic,Starter,Hummus,1,22.0,22.0
ORD-104985,Indian,Main,Dal Makhani,1,32.0,32.0
ORD-104986,Indian,Main,Dal Makhani,1,32.0,32.0
ORD-104986,Indian,Beverage,Mango Lassi,1,16.0,16.0
ORD-104987,Continental,Main,Grilled Salmon,1,78.0,78.0
ORD-104988,Chinese,Main,Chicken Fried Rice,1,34.0,34.0
ORD-104989,Continental,Main,Grilled Chicken Burger,1,42.0,42.0
ORD-104989,Continental,Main,Classic Beef Burger,1,48.0,48.0
ORD-104989,Continental,Starter,Chicken Wings,1,34.0,34.0
ORD-104990,Continental,Main,Grilled Chicken Burger,1,42.0,42.0
ORD-104990,Continental,Main,Grilled Chicken with Mash,1,52.0,52.0
ORD-104990,Continental,Starter,Chicken Wings,1,34.0,34.0
ORD-104990,Continental,Side,French Fries,2,16.0,32.0
ORD-104991,Chinese,Main,Szechuan Beef,1,52.0,52.0
ORD-104991,Chinese,Main,Chicken Fried Rice,1,34.0,34.0
ORD-104991,Chinese,Dessert,Mango Pudding,1,20.0,20.0
ORD-104992,Chinese,Main,Chicken Manchurian,1,38.0,38.0
ORD-104992,Indian,Beverage,Mango Lassi,1,16.0,16.0
ORD-104993,Chinese,Main,Chicken Manchurian,1,38.0,38.0
ORD-104993,Chinese,Beverage,Jasmine Tea,1,12.0,12.0
ORD-104994,Arabic,Main,Chicken Machboos,1,48.0,48.0
ORD-104994,Arabic,Side,Arabic Rice,1,12.0,12.0
ORD-104995,Continental,Main,Grilled Chicken Burger,1,42.0,42.0
ORD-104995,Continental,Dessert,Chocolate Brownie,1,24.0,24.0
ORD-104995,Continental,Beverage,Chocolate Milkshake,1,22.0,22.0
ORD-104996,Continental,Main,Grilled Salmon,1,78.0,78.0
ORD-104996,Continental,Starter,Chicken Wings,1,34.0,34.0
ORD-104997,Chinese,Main,Szechuan Beef,1,52.0,52.0
ORD-104997,Chinese,Main,Veg Hakka Noodles,1,32.0,32.0
ORD-104997,Chinese,Main,Chicken Fried Rice,1,34.0,34.0
ORD-104997,Chinese,Side,Steamed Rice,3,10.0,30.0
ORD-104998,Arabic,Main,Falafel Wrap,1,22.0,22.0
ORD-104998,Arabic,Starter,Hummus,1,22.0,22.0
ORD-104999,Arabic,Main,Chicken Shawarma Plate,1,38.0,38.0
ORD-104999,Arabic,Starter,Hummus,1,22.0,22.0
ORD-104999,Arabic,Side,Arabic Rice,1,12.0,12.0
ORD-104999,Arabic,Beverage,Mint Lemonade,1,18.0,18.0
ORD-105000,Arabic,Main,Falafel Wrap,1,22.0,22.0
ORD-105001,Arabic,Main,Mixed Grill,1,75.0,75.0
ORD-105001,Arabic,Dessert,Kunafa,1,28.0,28.0
ORD-105002,Italian,Main,Pepperoni Pizza,1,52.0,52.0
ORD-105002,Italian,Main,Fettuccine Alfredo,1,48.0,48.0
ORD-105002,Italian,Main,Penne Arrabbiata,1,42.0,42.0
ORD-105002,Italian,Starter,Bruschetta,1,26.0,26.0
ORD-105002,Italian,Side,Garlic Bread,1,18.0,18.0
ORD-105003,Chinese,Main,Veg Hakka Noodles,1,32.0,32.0
ORD-105003,Chinese,Starter,Hot and Sour Soup,1,24.0,24.0
ORD-105003,Chinese,Side,Steamed Rice,1,10.0,10.0
ORD-105004,Continental,Main,Fish and Chips,1,50.0,50.0
ORD-105004,Continental,Main,Grilled Salmon,1,78.0,78.0
ORD-105004,Continental,Starter,Soup of the Day,1,22.0,22.0
ORD-105004,Continental,Beverage,Chocolate Milkshake,1,22.0,22.0
ORD-105005,Chinese,Main,Veg Hakka Noodles,1,32.0,32.0
ORD-105005,Chinese,Main,Kung Pao Chicken,1,44.0,44.0
ORD-105005,Chinese,Main,Chicken Manchurian,1,38.0,38.0
ORD-105005,Chinese,Starter,Chicken Dim Sum,1,34.0,34.0
ORD-105005,Chinese,Side,Steamed Rice,2,10.0,20.0
ORD-105006,Continental,Main,Grilled Chicken with Mash,1,52.0,52.0
ORD-105006,Continental,Main,Classic Beef Burger,1,48.0,48.0
ORD-105006,Continental,Main,Grilled Chicken Burger,1,42.0,42.0
ORD-105007,Arabic,Main,Mixed Grill,1,75.0,75.0
ORD-105007,Arabic,Side,Arabic Rice,1,12.0,12.0
ORD-105008,Continental,Main,Grilled Chicken Burger,1,42.0,42.0
ORD-105008,Continental,Main,Fish and Chips,1,50.0,50.0
ORD-105008,Continental,Beverage,Chocolate Milkshake,1,22.0,22.0
ORD-105009,Continental,Main,Fish and Chips,1,50.0,50.0
ORD-105009,Continental,Main,Grilled Chicken Burger,1,42.0,42.0
ORD-105009,Indian,Main,Butter Chicken,1,45.0,45.0
ORD-105009,Continental,Starter,Chicken Wings,1,34.0,34.0
ORD-105009,Continental,Dessert,Chocolate Brownie,1,24.0,24.0
ORD-105010,Indian,Main,Dal Makhani,1,32.0,32.0
ORD-105010,Italian,Main,Beef Lasagna,1,55.0,55.0
ORD-105010,Indian,Main,Chicken Biryani,1,42.0,42.0
ORD-105011,Italian,Main,Pepperoni Pizza,1,52.0,52.0
ORD-105011,Italian,Main,Margherita Pizza,1,45.0,45.0
ORD-105011,Italian,Side,Garlic Bread,2,18.0,36.0
ORD-105011,Italian,Beverage,Italian Lemon Soda,2,18.0,36.0
ORD-105012,Chinese,Main,Chicken Manchurian,1,38.0,38.0
ORD-105012,Chinese,Main,Chicken Fried Rice,1,34.0,34.0
ORD-105012,Chinese,Side,Steamed Rice,1,10.0,10.0
ORD-105012,Chinese,Dessert,Mango Pudding,1,20.0,20.0
ORD-105013,Italian,Main,Pepperoni Pizza,1,52.0,52.0
ORD-105013,Italian,Main,Fettuccine Alfredo,1,48.0,48.0
ORD-105013,Indian,Main,Butter Chicken,1,45.0,45.0
ORD-105013,Italian,Beverage,Italian Lemon Soda,2,18.0,36.0
ORD-105014,Italian,Main,Penne Arrabbiata,1,42.0,42.0
ORD-105014,Italian,Main,Beef Lasagna,1,55.0,55.0
ORD-105014,Italian,Starter,Bruschetta,1,26.0,26.0
ORD-105015,Italian,Main,Fettuccine Alfredo,1,48.0,48.0
ORD-105015,Italian,Starter,Caesar Salad,1,32.0,32.0
ORD-105016,Italian,Main,Margherita Pizza,1,45.0,45.0
ORD-105016,Chinese,Main,Chicken Manchurian,1,38.0,38.0
ORD-105016,Italian,Starter,Caesar Salad,1,32.0,32.0
ORD-105017,Indian,Main,Chicken Biryani,1,42.0,42.0
ORD-105017,Indian,Starter,Chicken Tikka,1,36.0,36.0
ORD-105017,Indian,Side,Garlic Naan,1,8.0,8.0
ORD-105018,Italian,Main,Margherita Pizza,1,45.0,45.0
ORD-105018,Italian,Starter,Bruschetta,1,26.0,26.0
ORD-105019,Arabic,Main,Mixed Grill,1,75.0,75.0
ORD-105019,Arabic,Starter,Mutabbal,1,22.0,22.0
ORD-105019,Arabic,Side,Arabic Rice,1,12.0,12.0
ORD-105019,Arabic,Beverage,Mint Lemonade,1,18.0,18.0
ORD-105020,Italian,Main,Penne Arrabbiata,1,42.0,42.0
ORD-105020,Italian,Starter,Caesar Salad,1,32.0,32.0
ORD-105021,Chinese,Main,Szechuan Beef,1,52.0,52.0
ORD-105021,Chinese,Starter,Hot and Sour Soup,1,24.0,24.0
ORD-105021,Chinese,Side,Steamed Rice,1,10.0,10.0
ORD-105021,Chinese,Dessert,Mango Pudding,1,20.0,20.0
ORD-105021,Chinese,Beverage,Jasmine Tea,1,12.0,12.0
ORD-105022,Continental,Main,Grilled Chicken with Mash,1,52.0,52.0
ORD-105022,Continental,Main,Classic Beef Burger,1,48.0,48.0
ORD-105022,Continental,Beverage,Chocolate Milkshake,2,22.0,44.0
ORD-105023,Continental,Main,Grilled Chicken Burger,1,42.0,42.0
ORD-105023,Continental,Main,Fish and Chips,1,50.0,50.0
ORD-105023,Continental,Starter,Soup of the Day,1,22.0,22.0
ORD-105023,Continental,Dessert,Chocolate Brownie,1,24.0,24.0
ORD-105023,Continental,Beverage,Chocolate Milkshake,1,22.0,22.0
ORD-105024,Continental,Main,Grilled Salmon,1,78.0,78.0
ORD-105024,Continental,Starter,Chicken Wings,1,34.0,34.0
ORD-105024,Continental,Dessert,Chocolate Brownie,1,24.0,24.0
ORD-105025,Indian,Main,Mutton Biryani,2,52.0,104.0
ORD-105025,Indian,Main,Butter Chicken,1,45.0,45.0
ORD-105025,Indian,Starter,Chicken Tikka,1,36.0,36.0
ORD-105025,Indian,Beverage,Mango Lassi,2,16.0,32.0
ORD-105026,Indian,Main,Butter Chicken,1,45.0,45.0
ORD-105026,Indian,Main,Palak Paneer,1,34.0,34.0
ORD-105026,Indian,Beverage,Mango Lassi,2,16.0,32.0
ORD-105027,Chinese,Main,Chicken Fried Rice,1,34.0,34.0
ORD-105028,Arabic,Main,Chicken Shawarma Plate,1,38.0,38.0
ORD-105029,Arabic,Main,Mixed Grill,2,75.0,150.0
ORD-105029,Arabic,Starter,Hummus,1,22.0,22.0
ORD-105030,Indian,Main,Chicken Biryani,1,42.0,42.0
ORD-105030,Indian,Main,Butter Chicken,1,45.0,45.0
ORD-105030,Indian,Side,Jeera Rice,2,14.0,28.0
ORD-105031,Indian,Main,Butter Chicken,1,45.0,45.0
ORD-105031,Indian,Side,Jeera Rice,1,14.0,14.0
ORD-105031,Indian,Beverage,Mango Lassi,1,16.0,16.0
ORD-105032,Chinese,Main,Veg Hakka Noodles,1,32.0,32.0
ORD-105032,Chinese,Starter,Hot and Sour Soup,1,24.0,24.0
ORD-105032,Chinese,Side,Steamed Rice,1,10.0,10.0
ORD-105033,Indian,Main,Butter Chicken,1,45.0,45.0
ORD-105033,Indian,Starter,Paneer Tikka,1,32.0,32.0
ORD-105034,Arabic,Main,Lamb Mandi,1,62.0,62.0
ORD-105034,Arabic,Main,Falafel Wrap,1,22.0,22.0
ORD-105034,Arabic,Starter,Fattoush,1,24.0,24.0
ORD-105034,Arabic,Beverage,Mint Lemonade,1,18.0,18.0
ORD-105035,Indian,Main,Butter Chicken,2,45.0,90.0
ORD-105035,Indian,Main,Palak Paneer,1,34.0,34.0
ORD-105035,Indian,Side,Garlic Naan,2,8.0,16.0
ORD-105035,Continental,Beverage,Chocolate Milkshake,1,22.0,22.0
ORD-105036,Chinese,Main,Kung Pao Chicken,1,44.0,44.0
ORD-105037,Indian,Main,Chicken Biryani,1,42.0,42.0
ORD-105037,Indian,Side,Garlic Naan,1,8.0,8.0
ORD-105037,Indian,Dessert,Gulab Jamun,1,18.0,18.0
ORD-105038,Italian,Main,Fettuccine Alfredo,1,48.0,48.0
ORD-105038,Italian,Main,Margherita Pizza,1,45.0,45.0
ORD-105038,Italian,Starter,Caesar Salad,1,32.0,32.0
ORD-105038,Italian,Side,Garlic Bread,2,18.0,36.0
ORD-105039,Italian,Main,Pepperoni Pizza,1,52.0,52.0
ORD-105039,Italian,Starter,Caesar Salad,1,32.0,32.0
ORD-105039,Italian,Side,Garlic Bread,1,18.0,18.0
ORD-105039,Italian,Dessert,Tiramisu,1,30.0,30.0
ORD-105039,Italian,Beverage,Italian Lemon Soda,1,18.0,18.0
ORD-105040,Arabic,Main,Chicken Shawarma Plate,1,38.0,38.0
ORD-105040,Arabic,Side,Arabic Rice,1,12.0,12.0
ORD-105040,Arabic,Beverage,Mint Lemonade,1,18.0,18.0
ORD-105041,Arabic,Main,Lamb Mandi,1,62.0,62.0
ORD-105041,Arabic,Main,Chicken Shawarma Plate,1,38.0,38.0
ORD-105041,Arabic,Starter,Fattoush,1,24.0,24.0
ORD-105041,Arabic,Side,Arabic Rice,2,12.0,24.0
ORD-105041,Arabic,Dessert,Kunafa,1,28.0,28.0
ORD-105042,Chinese,Main,Kung Pao Chicken,1,44.0,44.0
ORD-105042,Chinese,Starter,Spring Rolls,1,22.0,22.0
ORD-105042,Chinese,Dessert,Mango Pudding,1,20.0,20.0
ORD-105043,Indian,Main,Mutton Biryani,1,52.0,52.0
ORD-105043,Continental,Main,Classic Beef Burger,1,48.0,48.0
ORD-105043,Indian,Starter,Paneer Tikka,1,32.0,32.0
ORD-105043,Indian,Side,Jeera Rice,1,14.0,14.0
ORD-105044,Arabic,Main,Mixed Grill,2,75.0,150.0
ORD-105044,Arabic,Starter,Hummus,1,22.0,22.0
ORD-105044,Arabic,Beverage,Mint Lemonade,2,18.0,36.0
ORD-105045,Continental,Main,Grilled Chicken Burger,1,42.0,42.0
ORD-105045,Continental,Side,French Fries,1,16.0,16.0
ORD-105045,Continental,Beverage,Chocolate Milkshake,1,22.0,22.0
ORD-105046,Arabic,Main,Mixed Grill,1,75.0,75.0
ORD-105047,Arabic,Main,Mixed Grill,3,75.0,225.0
ORD-105047,Arabic,Side,Arabic Rice,1,12.0,12.0
ORD-105047,Arabic,Beverage,Mint Lemonade,1,18.0,18.0
ORD-105048,Italian,Main,Fettuccine Alfredo,1,48.0,48.0
ORD-105049,Indian,Main,Butter Chicken,1,45.0,45.0
ORD-105049,Indian,Beverage,Mango Lassi,1,16.0,16.0
ORD-105050,Arabic,Main,Lamb Mandi,1,62.0,62.0
ORD-105050,Arabic,Beverage,Mint Lemonade,1,18.0,18.0
ORD-105051,Italian,Main,Pepperoni Pizza,1,52.0,52.0
ORD-105051,Italian,Main,Fettuccine Alfredo,1,48.0,48.0
ORD-105051,Italian,Main,Penne Arrabbiata,1,42.0,42.0
ORD-105051,Italian,Side,Garlic Bread,1,18.0,18.0
ORD-105051,Italian,Dessert,Tiramisu,1,30.0,30.0
ORD-105051,Italian,Beverage,Italian Lemon Soda,3,18.0,54.0
ORD-105052,Indian,Main,Palak Paneer,1,34.0,34.0
ORD-105052,Indian,Main,Butter Chicken,1,45.0,45.0
ORD-105052,Indian,Main,Dal Makhani,1,32.0,32.0
ORD-105052,Indian,Starter,Chicken Tikka,1,36.0,36.0
ORD-105052,Indian,Dessert,Gulab Jamun,1,18.0,18.0
ORD-105053,Indian,Main,Mutton Biryani,1,52.0,52.0
ORD-105053,Indian,Side,Garlic Naan,1,8.0,8.0
ORD-105053,Indian,Dessert,Gulab Jamun,1,18.0,18.0
ORD-105054,Indian,Main,Palak Paneer,1,34.0,34.0
ORD-105054,Indian,Main,Chicken Biryani,1,42.0,42.0
ORD-105054,Indian,Starter,Paneer Tikka,1,32.0,32.0
ORD-105054,Indian,Side,Garlic Naan,2,8.0,16.0
ORD-105055,Arabic,Main,Falafel Wrap,1,22.0,22.0
ORD-105055,Arabic,Main,Chicken Shawarma Plate,1,38.0,38.0
ORD-105055,Arabic,Starter,Mutabbal,1,22.0,22.0
ORD-105055,Arabic,Beverage,Mint Lemonade,2,18.0,36.0
ORD-105056,Arabic,Main,Chicken Shawarma Plate,2,38.0,76.0
ORD-105056,Continental,Main,Fish and Chips,1,50.0,50.0
ORD-105057,Indian,Main,Chicken Biryani,1,42.0,42.0
ORD-105057,Indian,Main,Dal Makhani,1,32.0,32.0
ORD-105057,Indian,Side,Garlic Naan,2,8.0,16.0
ORD-105057,Indian,Beverage,Mango Lassi,1,16.0,16.0
ORD-105058,Arabic,Main,Chicken Machboos,1,48.0,48.0
ORD-105058,Arabic,Main,Chicken Shawarma Plate,1,38.0,38.0
ORD-105059,Indian,Main,Palak Paneer,1,34.0,34.0
ORD-105059,Indian,Side,Garlic Naan,1,8.0,8.0
ORD-105060,Italian,Main,Pepperoni Pizza,1,52.0,52.0
ORD-105060,Italian,Main,Penne Arrabbiata,1,42.0,42.0
ORD-105060,Italian,Main,Beef Lasagna,1,55.0,55.0
ORD-105060,Italian,Starter,Bruschetta,1,26.0,26.0
ORD-105061,Italian,Main,Pepperoni Pizza,1,52.0,52.0
ORD-105061,Italian,Main,Margherita Pizza,1,45.0,45.0
ORD-105061,Italian,Beverage,Italian Lemon Soda,2,18.0,36.0
ORD-105062,Indian,Main,Chicken Biryani,1,42.0,42.0
ORD-105062,Indian,Main,Palak Paneer,1,34.0,34.0
ORD-105062,Indian,Starter,Vegetable Samosa,1,16.0,16.0
ORD-105062,Indian,Dessert,Gulab Jamun,1,18.0,18.0
ORD-105062,Indian,Beverage,Mango Lassi,2,16.0,32.0
ORD-105063,Arabic,Main,Chicken Machboos,1,48.0,48.0
ORD-105063,Arabic,Main,Mixed Grill,1,75.0,75.0
ORD-105063,Arabic,Starter,Mutabbal,1,22.0,22.0
ORD-105063,Arabic,Dessert,Kunafa,1,28.0,28.0
ORD-105063,Arabic,Beverage,Mint Lemonade,1,18.0,18.0
ORD-105064,Continental,Main,Classic Beef Burger,1,48.0,48.0
ORD-105064,Continental,Starter,Soup of the Day,1,22.0,22.0
ORD-105065,Arabic,Main,Mixed Grill,1,75.0,75.0
ORD-105065,Arabic,Starter,Fattoush,1,24.0,24.0
ORD-105065,Arabic,Dessert,Umm Ali,1,26.0,26.0
ORD-105066,Italian,Main,Fettuccine Alfredo,1,48.0,48.0
ORD-105067,Italian,Main,Fettuccine Alfredo,1,48.0,48.0
ORD-105067,Italian,Main,Penne Arrabbiata,1,42.0,42.0
ORD-105067,Italian,Dessert,Tiramisu,1,30.0,30.0
ORD-105068,Indian,Main,Butter Chicken,1,45.0,45.0
ORD-105068,Indian,Side,Garlic Naan,1,8.0,8.0
ORD-105069,Continental,Main,Grilled Chicken with Mash,2,52.0,104.0
ORD-105069,Continental,Main,Grilled Chicken Burger,1,42.0,42.0
ORD-105069,Continental,Beverage,Chocolate Milkshake,1,22.0,22.0
ORD-105070,Italian,Main,Fettuccine Alfredo,1,48.0,48.0
ORD-105070,Italian,Side,Garlic Bread,1,18.0,18.0
ORD-105071,Arabic,Main,Chicken Shawarma Plate,1,38.0,38.0
ORD-105072,Arabic,Main,Mixed Grill,1,75.0,75.0
ORD-105072,Arabic,Beverage,Mint Lemonade,1,18.0,18.0
ORD-105073,Continental,Main,Classic Beef Burger,3,48.0,144.0
ORD-105073,Chinese,Starter,Chicken Dim Sum,1,34.0,34.0
ORD-105074,Indian,Main,Butter Chicken,1,45.0,45.0
ORD-105074,Indian,Side,Jeera Rice,1,14.0,14.0
ORD-105075,Arabic,Main,Lamb Mandi,1,62.0,62.0
ORD-105075,Arabic,Main,Chicken Machboos,1,48.0,48.0
ORD-105075,Arabic,Side,Arabic Rice,1,12.0,12.0
ORD-105075,Arabic,Beverage,Mint Lemonade,1,18.0,18.0
ORD-105076,Indian,Main,Dal Makhani,2,32.0,64.0
ORD-105076,Indian,Starter,Chicken Tikka,1,36.0,36.0
ORD-105076,Indian,Side,Jeera Rice,2,14.0,28.0
ORD-105077,Continental,Main,Classic Beef Burger,2,48.0,96.0
ORD-105078,Italian,Main,Pepperoni Pizza,1,52.0,52.0
ORD-105078,Italian,Beverage,Italian Lemon Soda,1,18.0,18.0
ORD-105079,Arabic,Main,Mixed Grill,1,75.0,75.0
ORD-105079,Arabic,Main,Falafel Wrap,1,22.0,22.0
ORD-105079,Arabic,Side,Arabic Rice,1,12.0,12.0
ORD-105080,Italian,Main,Pepperoni Pizza,1,52.0,52.0
ORD-105080,Italian,Starter,Caesar Salad,1,32.0,32.0
ORD-105080,Italian,Side,Garlic Bread,1,18.0,18.0
ORD-105080,Italian,Dessert,Tiramisu,1,30.0,30.0
ORD-105081,Arabic,Main,Falafel Wrap,1,22.0,22.0
ORD-105081,Arabic,Starter,Hummus,1,22.0,22.0
ORD-105082,Italian,Main,Fettuccine Alfredo,1,48.0,48.0
ORD-105082,Italian,Main,Penne Arrabbiata,1,42.0,42.0
ORD-105083,Arabic,Main,Mixed Grill,1,75.0,75.0
ORD-105083,Arabic,Main,Chicken Shawarma Plate,1,38.0,38.0
ORD-105083,Arabic,Dessert,Kunafa,1,28.0,28.0
ORD-105083,Arabic,Beverage,Mint Lemonade,2,18.0,36.0
ORD-105084,Indian,Main,Dal Makhani,1,32.0,32.0
ORD-105084,Indian,Main,Palak Paneer,1,34.0,34.0
ORD-105084,Indian,Side,Jeera Rice,2,14.0,28.0
ORD-105085,Indian,Main,Chicken Biryani,1,42.0,42.0
ORD-105085,Chinese,Main,Szechuan Beef,1,52.0,52.0
ORD-105085,Indian,Starter,Vegetable Samosa,1,16.0,16.0
ORD-105085,Indian,Side,Jeera Rice,2,14.0,28.0
ORD-105086,Arabic,Main,Falafel Wrap,1,22.0,22.0
ORD-105086,Arabic,Main,Lamb Mandi,1,62.0,62.0
ORD-105087,Chinese,Main,Szechuan Beef,1,52.0,52.0
ORD-105087,Chinese,Starter,Spring Rolls,1,22.0,22.0
ORD-105087,Chinese,Side,Steamed Rice,1,10.0,10.0
ORD-105088,Arabic,Main,Lamb Mandi,1,62.0,62.0
ORD-105088,Arabic,Starter,Fattoush,1,24.0,24.0
ORD-105088,Arabic,Beverage,Mint Lemonade,1,18.0,18.0
ORD-105089,Indian,Main,Palak Paneer,1,34.0,34.0
ORD-105089,Indian,Main,Mutton Biryani,1,52.0,52.0
ORD-105089,Indian,Main,Chicken Biryani,1,42.0,42.0
ORD-105090,Arabic,Main,Chicken Shawarma Plate,1,38.0,38.0
ORD-105090,Arabic,Dessert,Kunafa,1,28.0,28.0
ORD-105091,Indian,Main,Mutton Biryani,1,52.0,52.0
ORD-105091,Indian,Main,Palak Paneer,1,34.0,34.0
ORD-105091,Indian,Main,Chicken Biryani,1,42.0,42.0
ORD-105091,Indian,Side,Jeera Rice,2,14.0,28.0
ORD-105091,Indian,Beverage,Mango Lassi,2,16.0,32.0
ORD-105092,Italian,Main,Beef Lasagna,1,55.0,55.0
ORD-105092,Italian,Starter,Bruschetta,1,26.0,26.0
ORD-105092,Italian,Beverage,Italian Lemon Soda,1,18.0,18.0
ORD-105093,Italian,Main,Fettuccine Alfredo,1,48.0,48.0
ORD-105093,Italian,Main,Beef Lasagna,1,55.0,55.0
ORD-105093,Italian,Beverage,Italian Lemon Soda,1,18.0,18.0
ORD-105094,Continental,Main,Classic Beef Burger,1,48.0,48.0
ORD-105094,Continental,Dessert,Chocolate Brownie,1,24.0,24.0
ORD-105094,Continental,Beverage,Chocolate Milkshake,1,22.0,22.0
ORD-105095,Chinese,Main,Chicken Manchurian,1,38.0,38.0
ORD-105095,Chinese,Main,Szechuan Beef,1,52.0,52.0
ORD-105095,Chinese,Main,Chicken Fried Rice,1,34.0,34.0
ORD-105095,Chinese,Side,Steamed Rice,3,10.0,30.0
ORD-105096,Chinese,Main,Chicken Fried Rice,1,34.0,34.0
ORD-105096,Chinese,Starter,Hot and Sour Soup,1,24.0,24.0
ORD-105096,Chinese,Side,Steamed Rice,1,10.0,10.0
ORD-105096,Chinese,Dessert,Mango Pudding,1,20.0,20.0
ORD-105097,Indian,Main,Butter Chicken,1,45.0,45.0
ORD-105097,Indian,Main,Palak Paneer,1,34.0,34.0
ORD-105097,Indian,Side,Garlic Naan,1,8.0,8.0
ORD-105097,Italian,Beverage,Italian Lemon Soda,1,18.0,18.0
ORD-105098,Indian,Main,Mutton Biryani,1,52.0,52.0
ORD-105098,Indian,Main,Butter Chicken,1,45.0,45.0
ORD-105098,Indian,Starter,Vegetable Samosa,1,16.0,16.0
ORD-105098,Indian,Side,Jeera Rice,1,14.0,14.0
ORD-105099,Continental,Main,Fish and Chips,1,50.0,50.0
ORD-105099,Continental,Beverage,Chocolate Milkshake,1,22.0,22.0
ORD-105100,Arabic,Main,Mixed Grill,1,75.0,75.0
ORD-105100,Arabic,Starter,Fattoush,1,24.0,24.0
ORD-105100,Arabic,Beverage,Mint Lemonade,1,18.0,18.0
ORD-105101,Chinese,Main,Chicken Manchurian,1,38.0,38.0
ORD-105102,Chinese,Main,Chicken Fried Rice,1,34.0,34.0
ORD-105102,Chinese,Starter,Chicken Dim Sum,1,34.0,34.0
ORD-105102,Chinese,Side,Steamed Rice,1,10.0,10.0
ORD-105102,Chinese,Beverage,Jasmine Tea,1,12.0,12.0
ORD-105103,Arabic,Main,Chicken Shawarma Plate,1,38.0,38.0
ORD-105103,Arabic,Beverage,Mint Lemonade,1,18.0,18.0
ORD-105104,Italian,Main,Pepperoni Pizza,1,52.0,52.0
ORD-105104,Italian,Starter,Caesar Salad,1,32.0,32.0
ORD-105104,Italian,Beverage,Italian Lemon Soda,1,18.0,18.0
ORD-105105,Indian,Main,Mutton Biryani,1,52.0,52.0
ORD-105105,Indian,Side,Jeera Rice,1,14.0,14.0
ORD-105106,Arabic,Main,Lamb Mandi,1,62.0,62.0
ORD-105106,Arabic,Dessert,Kunafa,1,28.0,28.0
ORD-105107,Chinese,Main,Veg Hakka Noodles,1,32.0,32.0
ORD-105107,Chinese,Side,Steamed Rice,1,10.0,10.0
ORD-105107,Chinese,Dessert,Mango Pudding,1,20.0,20.0
ORD-105108,Chinese,Main,Veg Hakka Noodles,1,32.0,32.0
ORD-105109,Indian,Main,Chicken Biryani,1,42.0,42.0
ORD-105109,Indian,Main,Palak Paneer,1,34.0,34.0
ORD-105109,Indian,Starter,Chicken Tikka,1,36.0,36.0
ORD-105110,Continental,Main,Fish and Chips,1,50.0,50.0
ORD-105110,Continental,Starter,Soup of the Day,1,22.0,22.0
ORD-105111,Italian,Main,Margherita Pizza,1,45.0,45.0
ORD-105111,Italian,Beverage,Italian Lemon Soda,1,18.0,18.0
ORD-105112,Indian,Main,Butter Chicken,1,45.0,45.0
ORD-105112,Indian,Starter,Vegetable Samosa,1,16.0,16.0
ORD-105112,Indian,Side,Jeera Rice,1,14.0,14.0
ORD-105113,Italian,Main,Beef Lasagna,2,55.0,110.0
ORD-105114,Arabic,Main,Lamb Mandi,1,62.0,62.0
ORD-105114,Arabic,Dessert,Kunafa,1,28.0,28.0
ORD-105115,Chinese,Main,Chicken Manchurian,1,38.0,38.0
ORD-105115,Chinese,Beverage,Jasmine Tea,1,12.0,12.0
ORD-105116,Italian,Main,Fettuccine Alfredo,1,48.0,48.0
ORD-105117,Indian,Main,Mutton Biryani,1,52.0,52.0
ORD-105117,Indian,Main,Dal Makhani,1,32.0,32.0
ORD-105117,Indian,Starter,Vegetable Samosa,1,16.0,16.0
ORD-105117,Indian,Side,Garlic Naan,1,8.0,8.0
ORD-105118,Italian,Main,Fettuccine Alfredo,1,48.0,48.0
ORD-105118,Continental,Main,Fish and Chips,1,50.0,50.0
ORD-105119,Indian,Main,Mutton Biryani,1,52.0,52.0
ORD-105119,Indian,Starter,Paneer Tikka,1,32.0,32.0
ORD-105119,Indian,Side,Jeera Rice,1,14.0,14.0
ORD-105119,Indian,Beverage,Mango Lassi,1,16.0,16.0
ORD-105120,Chinese,Main,Chicken Manchurian,1,38.0,38.0
ORD-105120,Chinese,Main,Chicken Fried Rice,1,34.0,34.0
ORD-105120,Chinese,Starter,Hot and Sour Soup,1,24.0,24.0
ORD-105120,Chinese,Dessert,Mango Pudding,1,20.0,20.0
ORD-105121,Continental,Main,Grilled Salmon,1,78.0,78.0
ORD-105121,Continental,Beverage,Chocolate Milkshake,1,22.0,22.0
ORD-105122,Indian,Main,Chicken Biryani,1,42.0,42.0
ORD-105122,Indian,Starter,Vegetable Samosa,1,16.0,16.0
ORD-105122,Indian,Side,Garlic Naan,1,8.0,8.0
ORD-105123,Indian,Main,Butter Chicken,1,45.0,45.0
ORD-105123,Indian,Starter,Chicken Tikka,1,36.0,36.0
ORD-105123,Indian,Side,Jeera Rice,1,14.0,14.0
ORD-105123,Indian,Beverage,Mango Lassi,1,16.0,16.0
ORD-105124,Italian,Main,Pepperoni Pizza,1,52.0,52.0
ORD-105124,Italian,Main,Beef Lasagna,1,55.0,55.0
ORD-105124,Italian,Dessert,Tiramisu,1,30.0,30.0
ORD-105124,Italian,Beverage,Italian Lemon Soda,1,18.0,18.0
ORD-105125,Italian,Main,Beef Lasagna,1,55.0,55.0
ORD-105126,Italian,Main,Beef Lasagna,1,55.0,55.0
ORD-105126,Italian,Side,Garlic Bread,1,18.0,18.0
ORD-105126,Italian,Dessert,Tiramisu,1,30.0,30.0
ORD-105126,Italian,Beverage,Italian Lemon Soda,1,18.0,18.0
ORD-105127,Indian,Main,Butter Chicken,2,45.0,90.0
ORD-105127,Indian,Starter,Chicken Tikka,1,36.0,36.0
ORD-105127,Indian,Side,Garlic Naan,1,8.0,8.0
ORD-105127,Indian,Dessert,Gulab Jamun,1,18.0,18.0
ORD-105128,Chinese,Main,Veg Hakka Noodles,1,32.0,32.0
ORD-105128,Chinese,Main,Kung Pao Chicken,1,44.0,44.0
ORD-105128,Chinese,Starter,Hot and Sour Soup,1,24.0,24.0
ORD-105128,Chinese,Beverage,Jasmine Tea,2,12.0,24.0
ORD-105129,Italian,Main,Fettuccine Alfredo,1,48.0,48.0
ORD-105129,Italian,Side,Garlic Bread,1,18.0,18.0
ORD-105130,Indian,Main,Chicken Biryani,1,42.0,42.0
ORD-105130,Indian,Side,Garlic Naan,1,8.0,8.0
ORD-105131,Chinese,Main,Chicken Manchurian,1,38.0,38.0
ORD-105131,Chinese,Main,Chicken Fried Rice,1,34.0,34.0
ORD-105131,Chinese,Dessert,Mango Pudding,1,20.0,20.0
ORD-105132,Indian,Main,Mutton Biryani,1,52.0,52.0
ORD-105132,Indian,Main,Chicken Biryani,1,42.0,42.0
ORD-105132,Indian,Side,Jeera Rice,2,14.0,28.0
ORD-105132,Indian,Beverage,Mango Lassi,1,16.0,16.0
ORD-105133,Arabic,Main,Mixed Grill,2,75.0,150.0
ORD-105134,Continental,Main,Fish and Chips,1,50.0,50.0
ORD-105134,Continental,Starter,Chicken Wings,1,34.0,34.0
ORD-105134,Continental,Beverage,Chocolate Milkshake,1,22.0,22.0
ORD-105135,Chinese,Main,Veg Hakka Noodles,1,32.0,32.0
ORD-105135,Chinese,Starter,Spring Rolls,1,22.0,22.0
ORD-105135,Chinese,Beverage,Jasmine Tea,1,12.0,12.0
ORD-105136,Italian,Main,Pepperoni Pizza,1,52.0,52.0
ORD-105136,Italian,Starter,Bruschetta,1,26.0,26.0
ORD-105137,Arabic,Main,Falafel Wrap,1,22.0,22.0
ORD-105137,Italian,Main,Margherita Pizza,1,45.0,45.0
ORD-105137,Italian,Starter,Bruschetta,1,26.0,26.0
ORD-105137,Arabic,Side,Arabic Rice,1,12.0,12.0
ORD-105138,Chinese,Main,Veg Hakka Noodles,1,32.0,32.0
ORD-105138,Chinese,Beverage,Jasmine Tea,1,12.0,12.0
ORD-105139,Continental,Main,Fish and Chips,1,50.0,50.0
ORD-105139,Continental,Starter,Chicken Wings,1,34.0,34.0
ORD-105139,Continental,Dessert,Chocolate Brownie,1,24.0,24.0
ORD-105140,Chinese,Main,Veg Hakka Noodles,1,32.0,32.0
ORD-105140,Chinese,Main,Kung Pao Chicken,1,44.0,44.0
ORD-105140,Chinese,Starter,Chicken Dim Sum,1,34.0,34.0
ORD-105141,Indian,Main,Chicken Biryani,1,42.0,42.0
ORD-105141,Indian,Main,Palak Paneer,1,34.0,34.0
ORD-105141,Indian,Starter,Chicken Tikka,1,36.0,36.0
ORD-105142,Italian,Main,Penne Arrabbiata,1,42.0,42.0
ORD-105142,Italian,Starter,Bruschetta,1,26.0,26.0
ORD-105142,Italian,Beverage,Italian Lemon Soda,1,18.0,18.0
ORD-105143,Chinese,Main,Chicken Manchurian,1,38.0,38.0
ORD-105143,Italian,Beverage,Italian Lemon Soda,1,18.0,18.0
ORD-105144,Continental,Main,Fish and Chips,1,50.0,50.0
ORD-105144,Continental,Main,Grilled Salmon,1,78.0,78.0
ORD-105144,Continental,Main,Classic Beef Burger,1,48.0,48.0
ORD-105144,Chinese,Starter,Spring Rolls,1,22.0,22.0
ORD-105144,Continental,Beverage,Chocolate Milkshake,3,22.0,66.0
ORD-105145,Italian,Main,Penne Arrabbiata,1,42.0,42.0
ORD-105145,Italian,Main,Beef Lasagna,1,55.0,55.0
ORD-105145,Italian,Starter,Caesar Salad,1,32.0,32.0
ORD-105146,Chinese,Main,Szechuan Beef,1,52.0,52.0
ORD-105146,Chinese,Side,Steamed Rice,1,10.0,10.0
ORD-105146,Chinese,Dessert,Mango Pudding,1,20.0,20.0
ORD-105147,Continental,Main,Grilled Chicken with Mash,1,52.0,52.0
ORD-105147,Continental,Starter,Chicken Wings,1,34.0,34.0
ORD-105148,Indian,Main,Chicken Biryani,1,42.0,42.0
ORD-105148,Indian,Starter,Paneer Tikka,1,32.0,32.0
ORD-105148,Indian,Side,Garlic Naan,1,8.0,8.0
ORD-105148,Italian,Dessert,Tiramisu,1,30.0,30.0
ORD-105149,Arabic,Main,Mixed Grill,1,75.0,75.0
ORD-105149,Arabic,Main,Chicken Machboos,1,48.0,48.0
ORD-105150,Continental,Main,Classic Beef Burger,2,48.0,96.0
ORD-105150,Continental,Starter,Chicken Wings,1,34.0,34.0
ORD-105150,Continental,Side,French Fries,2,16.0,32.0
ORD-105151,Continental,Main,Grilled Salmon,1,78.0,78.0
ORD-105151,Continental,Starter,Chicken Wings,1,34.0,34.0
ORD-105151,Continental,Dessert,Chocolate Brownie,1,24.0,24.0
ORD-105152,Chinese,Main,Chicken Manchurian,1,38.0,38.0
ORD-105152,Chinese,Main,Veg Hakka Noodles,1,32.0,32.0
ORD-105152,Chinese,Starter,Chicken Dim Sum,1,34.0,34.0
ORD-105153,Indian,Main,Butter Chicken,1,45.0,45.0
ORD-105153,Indian,Side,Garlic Naan,1,8.0,8.0
ORD-105153,Indian,Dessert,Gulab Jamun,1,18.0,18.0
ORD-105154,Indian,Main,Palak Paneer,1,34.0,34.0
ORD-105154,Indian,Starter,Vegetable Samosa,1,16.0,16.0
ORD-105154,Indian,Side,Garlic Naan,1,8.0,8.0
ORD-105154,Indian,Dessert,Gulab Jamun,1,18.0,18.0
ORD-105154,Chinese,Beverage,Jasmine Tea,1,12.0,12.0
ORD-105155,Italian,Main,Fettuccine Alfredo,1,48.0,48.0
ORD-105155,Italian,Main,Pepperoni Pizza,1,52.0,52.0
ORD-105155,Italian,Side,Garlic Bread,1,18.0,18.0
ORD-105155,Italian,Dessert,Tiramisu,1,30.0,30.0
ORD-105155,Italian,Beverage,Italian Lemon Soda,2,18.0,36.0
ORD-105156,Italian,Main,Pepperoni Pizza,1,52.0,52.0
ORD-105156,Italian,Main,Margherita Pizza,1,45.0,45.0
ORD-105156,Italian,Side,Garlic Bread,2,18.0,36.0
ORD-105156,Italian,Dessert,Tiramisu,1,30.0,30.0
ORD-105157,Chinese,Main,Chicken Manchurian,1,38.0,38.0
ORD-105157,Chinese,Starter,Hot and Sour Soup,1,24.0,24.0
ORD-105157,Chinese,Side,Steamed Rice,1,10.0,10.0
ORD-105158,Continental,Main,Grilled Chicken Burger,1,42.0,42.0
ORD-105158,Continental,Starter,Chicken Wings,1,34.0,34.0
ORD-105159,Italian,Main,Pepperoni Pizza,1,52.0,52.0
ORD-105159,Italian,Main,Beef Lasagna,1,55.0,55.0
ORD-105159,Italian,Main,Margherita Pizza,1,45.0,45.0
ORD-105159,Indian,Starter,Vegetable Samosa,1,16.0,16.0
ORD-105160,Indian,Main,Palak Paneer,1,34.0,34.0
ORD-105160,Indian,Main,Chicken Biryani,1,42.0,42.0
ORD-105160,Indian,Side,Garlic Naan,2,8.0,16.0
ORD-105161,Indian,Main,Butter Chicken,1,45.0,45.0
ORD-105161,Indian,Main,Dal Makhani,1,32.0,32.0
ORD-105162,Arabic,Main,Chicken Shawarma Plate,1,38.0,38.0
ORD-105162,Arabic,Dessert,Umm Ali,1,26.0,26.0
ORD-105163,Chinese,Main,Szechuan Beef,1,52.0,52.0
ORD-105163,Chinese,Main,Chicken Manchurian,1,38.0,38.0
ORD-105164,Indian,Main,Butter Chicken,1,45.0,45.0
ORD-105164,Indian,Starter,Chicken Tikka,1,36.0,36.0
ORD-105164,Indian,Side,Jeera Rice,1,14.0,14.0
ORD-105165,Arabic,Main,Chicken Shawarma Plate,1,38.0,38.0
ORD-105165,Arabic,Side,Arabic Rice,1,12.0,12.0
ORD-105166,Italian,Main,Fettuccine Alfredo,2,48.0,96.0
ORD-105166,Italian,Main,Margherita Pizza,1,45.0,45.0
ORD-105166,Italian,Starter,Caesar Salad,1,32.0,32.0
ORD-105167,Indian,Main,Palak Paneer,1,34.0,34.0
ORD-105167,Indian,Main,Butter Chicken,2,45.0,90.0
ORD-105167,Indian,Side,Jeera Rice,1,14.0,14.0
ORD-105167,Indian,Dessert,Gulab Jamun,1,18.0,18.0
ORD-105167,Indian,Beverage,Mango Lassi,2,16.0,32.0
ORD-105168,Chinese,Main,Kung Pao Chicken,1,44.0,44.0
ORD-105168,Chinese,Beverage,Jasmine Tea,1,12.0,12.0
ORD-105169,Indian,Main,Palak Paneer,1,34.0,34.0
ORD-105169,Chinese,Main,Szechuan Beef,1,52.0,52.0
ORD-105169,Indian,Starter,Paneer Tikka,1,32.0,32.0
ORD-105169,Indian,Side,Garlic Naan,1,8.0,8.0
ORD-105170,Italian,Main,Penne Arrabbiata,1,42.0,42.0
ORD-105170,Italian,Starter,Bruschetta,1,26.0,26.0
ORD-105170,Italian,Beverage,Italian Lemon Soda,1,18.0,18.0
ORD-105171,Arabic,Main,Mixed Grill,1,75.0,75.0
ORD-105171,Arabic,Main,Chicken Machboos,1,48.0,48.0
ORD-105171,Arabic,Starter,Hummus,1,22.0,22.0
ORD-105171,Arabic,Side,Arabic Rice,1,12.0,12.0
ORD-105171,Arabic,Beverage,Mint Lemonade,2,18.0,36.0
ORD-105172,Indian,Main,Butter Chicken,1,45.0,45.0
ORD-105172,Indian,Main,Palak Paneer,1,34.0,34.0
ORD-105172,Indian,Side,Garlic Naan,2,8.0,16.0
ORD-105173,Italian,Main,Margherita Pizza,1,45.0,45.0
ORD-105173,Chinese,Starter,Spring Rolls,1,22.0,22.0
ORD-105173,Italian,Side,Garlic Bread,1,18.0,18.0
ORD-105174,Continental,Main,Fish and Chips,1,50.0,50.0
ORD-105175,Arabic,Main,Falafel Wrap,1,22.0,22.0
ORD-105175,Arabic,Starter,Hummus,1,22.0,22.0
ORD-105175,Arabic,Side,Arabic Rice,1,12.0,12.0
ORD-105175,Arabic,Beverage,Mint Lemonade,1,18.0,18.0
ORD-105176,Arabic,Main,Falafel Wrap,1,22.0,22.0
ORD-105176,Arabic,Main,Chicken Shawarma Plate,1,38.0,38.0
ORD-105177,Continental,Main,Fish and Chips,1,50.0,50.0
ORD-105178,Italian,Main,Fettuccine Alfredo,1,48.0,48.0
ORD-105178,Italian,Main,Penne Arrabbiata,1,42.0,42.0
ORD-105178,Italian,Starter,Bruschetta,1,26.0,26.0
ORD-105178,Italian,Side,Garlic Bread,1,18.0,18.0
ORD-105178,Italian,Beverage,Italian Lemon Soda,1,18.0,18.0
ORD-105179,Chinese,Main,Veg Hakka Noodles,1,32.0,32.0
ORD-105179,Chinese,Dessert,Mango Pudding,1,20.0,20.0
ORD-105179,Chinese,Beverage,Jasmine Tea,1,12.0,12.0
ORD-105180,Italian,Main,Pepperoni Pizza,1,52.0,52.0
ORD-105180,Italian,Starter,Bruschetta,1,26.0,26.0
ORD-105180,Italian,Dessert,Tiramisu,1,30.0,30.0
ORD-105181,Indian,Main,Mutton Biryani,1,52.0,52.0
ORD-105181,Arabic,Starter,Hummus,1,22.0,22.0
ORD-105182,Continental,Main,Grilled Chicken with Mash,1,52.0,52.0
ORD-105182,Continental,Starter,Chicken Wings,1,34.0,34.0
ORD-105182,Continental,Beverage,Chocolate Milkshake,1,22.0,22.0
ORD-105183,Italian,Main,Penne Arrabbiata,1,42.0,42.0
ORD-105183,Arabic,Main,Chicken Shawarma Plate,1,38.0,38.0
ORD-105184,Continental,Main,Grilled Chicken Burger,1,42.0,42.0
ORD-105184,Continental,Starter,Soup of the Day,1,22.0,22.0
ORD-105185,Arabic,Main,Falafel Wrap,1,22.0,22.0
ORD-105185,Arabic,Main,Chicken Shawarma Plate,1,38.0,38.0
ORD-105185,Arabic,Dessert,Umm Ali,1,26.0,26.0
ORD-105185,Arabic,Beverage,Mint Lemonade,2,18.0,36.0
ORD-105186,Indian,Main,Butter Chicken,1,45.0,45.0
ORD-105186,Indian,Side,Jeera Rice,1,14.0,14.0
ORD-105187,Arabic,Main,Chicken Shawarma Plate,1,38.0,38.0
ORD-105187,Arabic,Main,Mixed Grill,1,75.0,75.0
ORD-105187,Arabic,Side,Arabic Rice,1,12.0,12.0
ORD-105188,Arabic,Main,Lamb Mandi,1,62.0,62.0
ORD-105188,Arabic,Starter,Hummus,1,22.0,22.0
ORD-105189,Arabic,Main,Lamb Mandi,1,62.0,62.0
ORD-105189,Arabic,Starter,Mutabbal,1,22.0,22.0
ORD-105189,Arabic,Dessert,Umm Ali,1,26.0,26.0
ORD-105190,Continental,Main,Classic Beef Burger,1,48.0,48.0
ORD-105190,Continental,Starter,Soup of the Day,1,22.0,22.0
ORD-105191,Indian,Main,Chicken Biryani,1,42.0,42.0
ORD-105191,Indian,Main,Butter Chicken,1,45.0,45.0
ORD-105191,Indian,Side,Jeera Rice,2,14.0,28.0
ORD-105191,Indian,Dessert,Gulab Jamun,1,18.0,18.0
ORD-105192,Chinese,Main,Chicken Manchurian,1,38.0,38.0
ORD-105192,Chinese,Starter,Spring Rolls,1,22.0,22.0
ORD-105193,Continental,Main,Grilled Chicken with Mash,1,52.0,52.0
ORD-105193,Italian,Main,Penne Arrabbiata,1,42.0,42.0
ORD-105193,Continental,Starter,Chicken Wings,1,34.0,34.0
ORD-105194,Indian,Main,Butter Chicken,1,45.0,45.0
ORD-105194,Indian,Main,Chicken Biryani,2,42.0,84.0
ORD-105194,Indian,Side,Garlic Naan,1,8.0,8.0
ORD-105194,Indian,Beverage,Mango Lassi,2,16.0,32.0
ORD-105195,Arabic,Main,Chicken Shawarma Plate,1,38.0,38.0
ORD-105195,Arabic,Main,Lamb Mandi,1,62.0,62.0
ORD-105195,Arabic,Main,Chicken Machboos,2,48.0,96.0
ORD-105195,Arabic,Starter,Hummus,1,22.0,22.0
ORD-105195,Arabic,Side,Arabic Rice,1,12.0,12.0
ORD-105195,Arabic,Dessert,Umm Ali,1,26.0,26.0
ORD-105196,Arabic,Main,Mixed Grill,1,75.0,75.0
ORD-105196,Arabic,Main,Lamb Mandi,1,62.0,62.0
ORD-105197,Indian,Main,Mutton Biryani,1,52.0,52.0
ORD-105197,Indian,Side,Garlic Naan,1,8.0,8.0
ORD-105197,Indian,Dessert,Gulab Jamun,1,18.0,18.0
ORD-105198,Italian,Main,Margherita Pizza,1,45.0,45.0
ORD-105198,Italian,Starter,Bruschetta,1,26.0,26.0
ORD-105198,Italian,Side,Garlic Bread,1,18.0,18.0
ORD-105199,Arabic,Main,Chicken Machboos,1,48.0,48.0
ORD-105199,Arabic,Starter,Hummus,1,22.0,22.0
ORD-105199,Arabic,Dessert,Umm Ali,1,26.0,26.0
ORD-105199,Arabic,Beverage,Mint Lemonade,1,18.0,18.0
ORD-105200,Italian,Main,Penne Arrabbiata,1,42.0,42.0
ORD-105200,Italian,Starter,Caesar Salad,1,32.0,32.0
ORD-105200,Italian,Side,Garlic Bread,1,18.0,18.0
ORD-105201,Italian,Main,Fettuccine Alfredo,2,48.0,96.0
ORD-105201,Italian,Starter,Caesar Salad,1,32.0,32.0
ORD-105201,Italian,Beverage,Italian Lemon Soda,1,18.0,18.0
ORD-105202,Continental,Main,Grilled Salmon,1,78.0,78.0
ORD-105202,Continental,Starter,Soup of the Day,1,22.0,22.0
ORD-105202,Continental,Side,French Fries,1,16.0,16.0
ORD-105202,Chinese,Beverage,Jasmine Tea,1,12.0,12.0
ORD-105203,Arabic,Main,Chicken Machboos,1,48.0,48.0
ORD-105203,Arabic,Main,Falafel Wrap,1,22.0,22.0
ORD-105203,Arabic,Main,Chicken Shawarma Plate,1,38.0,38.0
ORD-105203,Arabic,Side,Arabic Rice,2,12.0,24.0
ORD-105203,Arabic,Dessert,Umm Ali,1,26.0,26.0
ORD-105204,Continental,Main,Grilled Chicken with Mash,1,52.0,52.0
ORD-105204,Continental,Main,Grilled Salmon,1,78.0,78.0
ORD-105205,Italian,Main,Fettuccine Alfredo,1,48.0,48.0
ORD-105205,Italian,Starter,Bruschetta,1,26.0,26.0
ORD-105206,Arabic,Main,Chicken Machboos,1,48.0,48.0
ORD-105206,Arabic,Main,Chicken Shawarma Plate,1,38.0,38.0
ORD-105206,Arabic,Side,Arabic Rice,1,12.0,12.0
ORD-105206,Arabic,Dessert,Kunafa,1,28.0,28.0
ORD-105207,Indian,Main,Chicken Biryani,1,42.0,42.0
ORD-105207,Indian,Side,Garlic Naan,1,8.0,8.0
ORD-105207,Arabic,Beverage,Mint Lemonade,1,18.0,18.0
ORD-105208,Italian,Main,Pepperoni Pizza,1,52.0,52.0
ORD-105208,Continental,Dessert,New York Cheesecake,1,28.0,28.0
ORD-105208,Italian,Beverage,Italian Lemon Soda,1,18.0,18.0
ORD-105209,Italian,Main,Pepperoni Pizza,1,52.0,52.0
ORD-105210,Indian,Main,Chicken Biryani,2,42.0,84.0
ORD-105210,Indian,Side,Garlic Naan,1,8.0,8.0
ORD-105211,Continental,Main,Grilled Chicken Burger,1,42.0,42.0
ORD-105211,Continental,Starter,Soup of the Day,1,22.0,22.0
ORD-105212,Continental,Main,Fish and Chips,1,50.0,50.0
ORD-105212,Continental,Main,Grilled Chicken Burger,1,42.0,42.0
ORD-105212,Continental,Side,French Fries,1,16.0,16.0
ORD-105212,Continental,Beverage,Chocolate Milkshake,2,22.0,44.0
ORD-105213,Arabic,Main,Mixed Grill,1,75.0,75.0
ORD-105213,Arabic,Side,Arabic Rice,1,12.0,12.0
ORD-105214,Arabic,Main,Chicken Shawarma Plate,2,38.0,76.0
ORD-105214,Arabic,Side,Arabic Rice,1,12.0,12.0
ORD-105214,Arabic,Beverage,Mint Lemonade,2,18.0,36.0
ORD-105215,Italian,Main,Penne Arrabbiata,1,42.0,42.0
ORD-105215,Italian,Main,Fettuccine Alfredo,1,48.0,48.0
ORD-105215,Italian,Starter,Caesar Salad,1,32.0,32.0
ORD-105215,Italian,Beverage,Italian Lemon Soda,1,18.0,18.0
ORD-105216,Arabic,Main,Chicken Machboos,1,48.0,48.0
ORD-105216,Arabic,Main,Mixed Grill,1,75.0,75.0
ORD-105216,Italian,Dessert,Tiramisu,1,30.0,30.0
ORD-105216,Italian,Beverage,Italian Lemon Soda,1,18.0,18.0
ORD-105217,Indian,Main,Dal Makhani,1,32.0,32.0
ORD-105217,Indian,Main,Butter Chicken,1,45.0,45.0
ORD-105217,Indian,Beverage,Mango Lassi,2,16.0,32.0
ORD-105218,Italian,Main,Beef Lasagna,1,55.0,55.0
ORD-105219,Indian,Main,Dal Makhani,1,32.0,32.0
ORD-105219,Indian,Beverage,Mango Lassi,1,16.0,16.0
ORD-105220,Indian,Main,Mutton Biryani,1,52.0,52.0
ORD-105220,Indian,Side,Jeera Rice,1,14.0,14.0
ORD-105220,Indian,Dessert,Gulab Jamun,1,18.0,18.0
ORD-105221,Arabic,Main,Chicken Shawarma Plate,1,38.0,38.0
ORD-105221,Arabic,Starter,Hummus,1,22.0,22.0
ORD-105222,Chinese,Main,Chicken Fried Rice,1,34.0,34.0
ORD-105222,Chinese,Main,Kung Pao Chicken,1,44.0,44.0
ORD-105223,Arabic,Main,Chicken Machboos,1,48.0,48.0
ORD-105223,Continental,Beverage,Chocolate Milkshake,1,22.0,22.0
ORD-105224,Italian,Main,Penne Arrabbiata,1,42.0,42.0
ORD-105224,Italian,Starter,Caesar Salad,1,32.0,32.0
ORD-105224,Italian,Side,Garlic Bread,1,18.0,18.0
ORD-105224,Italian,Beverage,Italian Lemon Soda,1,18.0,18.0
ORD-105225,Indian,Main,Chicken Biryani,3,42.0,126.0
ORD-105225,Indian,Side,Garlic Naan,3,8.0,24.0
ORD-105226,Indian,Main,Chicken Biryani,2,42.0,84.0
ORD-105226,Indian,Side,Garlic Naan,1,8.0,8.0
ORD-105226,Indian,Dessert,Gulab Jamun,1,18.0,18.0
ORD-105227,Italian,Main,Beef Lasagna,1,55.0,55.0
ORD-105227,Italian,Side,Garlic Bread,1,18.0,18.0
ORD-105227,Italian,Dessert,Tiramisu,1,30.0,30.0
ORD-105228,Arabic,Main,Chicken Shawarma Plate,1,38.0,38.0
ORD-105228,Arabic,Starter,Fattoush,1,24.0,24.0
ORD-105229,Italian,Main,Margherita Pizza,1,45.0,45.0
ORD-105229,Italian,Starter,Bruschetta,1,26.0,26.0
ORD-105229,Italian,Side,Garlic Bread,1,18.0,18.0
ORD-105230,Continental,Main,Classic Beef Burger,1,48.0,48.0
ORD-105230,Continental,Starter,Chicken Wings,1,34.0,34.0
ORD-105230,Continental,Dessert,New York Cheesecake,1,28.0,28.0
ORD-105230,Continental,Beverage,Chocolate Milkshake,1,22.0,22.0
ORD-105231,Arabic,Main,Chicken Shawarma Plate,2,38.0,76.0
ORD-105231,Arabic,Side,Arabic Rice,2,12.0,24.0
ORD-105231,Arabic,Beverage,Mint Lemonade,1,18.0,18.0
ORD-105232,Arabic,Main,Chicken Shawarma Plate,1,38.0,38.0
ORD-105232,Arabic,Main,Mixed Grill,1,75.0,75.0
ORD-105233,Italian,Main,Fettuccine Alfredo,1,48.0,48.0
ORD-105233,Italian,Side,Garlic Bread,1,18.0,18.0
ORD-105233,Italian,Dessert,Tiramisu,1,30.0,30.0
ORD-105234,Arabic,Main,Falafel Wrap,1,22.0,22.0
ORD-105234,Arabic,Main,Chicken Shawarma Plate,1,38.0,38.0
ORD-105234,Arabic,Starter,Hummus,1,22.0,22.0
ORD-105234,Arabic,Beverage,Mint Lemonade,2,18.0,36.0
ORD-105235,Arabic,Main,Lamb Mandi,1,62.0,62.0
ORD-105235,Arabic,Main,Chicken Shawarma Plate,1,38.0,38.0
ORD-105235,Arabic,Dessert,Kunafa,1,28.0,28.0
ORD-105236,Arabic,Main,Chicken Machboos,1,48.0,48.0
ORD-105236,Arabic,Beverage,Mint Lemonade,1,18.0,18.0
ORD-105237,Chinese,Main,Veg Hakka Noodles,1,32.0,32.0
ORD-105237,Chinese,Beverage,Jasmine Tea,1,12.0,12.0
ORD-105238,Chinese,Main,Veg Hakka Noodles,1,32.0,32.0
ORD-105238,Arabic,Main,Chicken Machboos,1,48.0,48.0
ORD-105239,Indian,Main,Butter Chicken,1,45.0,45.0
ORD-105239,Indian,Beverage,Mango Lassi,1,16.0,16.0
ORD-105240,Indian,Main,Chicken Biryani,1,42.0,42.0
ORD-105240,Indian,Side,Jeera Rice,1,14.0,14.0
ORD-105240,Indian,Dessert,Gulab Jamun,1,18.0,18.0
ORD-105241,Continental,Main,Classic Beef Burger,1,48.0,48.0
ORD-105241,Continental,Starter,Chicken Wings,1,34.0,34.0
ORD-105241,Continental,Beverage,Chocolate Milkshake,1,22.0,22.0
ORD-105242,Indian,Main,Dal Makhani,1,32.0,32.0
ORD-105242,Indian,Starter,Paneer Tikka,1,32.0,32.0
ORD-105242,Indian,Dessert,Gulab Jamun,1,18.0,18.0
ORD-105242,Indian,Beverage,Mango Lassi,1,16.0,16.0
ORD-105243,Arabic,Main,Mixed Grill,1,75.0,75.0
ORD-105243,Arabic,Main,Chicken Shawarma Plate,1,38.0,38.0
ORD-105243,Arabic,Starter,Fattoush,1,24.0,24.0
ORD-105243,Arabic,Side,Arabic Rice,1,12.0,12.0
ORD-105244,Arabic,Main,Falafel Wrap,1,22.0,22.0
ORD-105244,Arabic,Starter,Mutabbal,1,22.0,22.0
ORD-105244,Arabic,Dessert,Umm Ali,1,26.0,26.0
ORD-105245,Continental,Main,Grilled Chicken Burger,1,42.0,42.0
ORD-105245,Continental,Main,Classic Beef Burger,1,48.0,48.0
ORD-105245,Continental,Starter,Chicken Wings,1,34.0,34.0
ORD-105245,Continental,Side,French Fries,2,16.0,32.0
ORD-105246,Continental,Main,Grilled Chicken with Mash,1,52.0,52.0
ORD-105246,Continental,Main,Grilled Chicken Burger,1,42.0,42.0
ORD-105246,Continental,Side,French Fries,1,16.0,16.0
ORD-105247,Chinese,Main,Szechuan Beef,1,52.0,52.0
ORD-105247,Chinese,Main,Kung Pao Chicken,1,44.0,44.0
ORD-105247,Chinese,Side,Steamed Rice,1,10.0,10.0
ORD-105248,Arabic,Main,Chicken Shawarma Plate,1,38.0,38.0
ORD-105248,Arabic,Main,Chicken Machboos,1,48.0,48.0
ORD-105248,Arabic,Main,Mixed Grill,1,75.0,75.0
ORD-105248,Arabic,Dessert,Umm Ali,1,26.0,26.0
ORD-105249,Indian,Main,Mutton Biryani,1,52.0,52.0
ORD-105249,Indian,Side,Garlic Naan,1,8.0,8.0
ORD-105249,Indian,Beverage,Mango Lassi,1,16.0,16.0
ORD-105250,Indian,Main,Chicken Biryani,1,42.0,42.0
ORD-105250,Indian,Side,Garlic Naan,1,8.0,8.0
ORD-105250,Indian,Dessert,Gulab Jamun,1,18.0,18.0
ORD-105251,Continental,Main,Fish and Chips,1,50.0,50.0
ORD-105251,Continental,Starter,Soup of the Day,1,22.0,22.0
ORD-105251,Continental,Side,French Fries,1,16.0,16.0
ORD-105251,Continental,Beverage,Chocolate Milkshake,1,22.0,22.0
ORD-105252,Arabic,Main,Mixed Grill,1,75.0,75.0
ORD-105252,Arabic,Main,Falafel Wrap,1,22.0,22.0
ORD-105252,Arabic,Side,Arabic Rice,2,12.0,24.0
ORD-105252,Arabic,Beverage,Mint Lemonade,1,18.0,18.0
ORD-105253,Indian,Main,Mutton Biryani,1,52.0,52.0
ORD-105253,Indian,Side,Jeera Rice,1,14.0,14.0
ORD-105254,Italian,Main,Pepperoni Pizza,1,52.0,52.0
ORD-105254,Italian,Starter,Caesar Salad,1,32.0,32.0
ORD-105254,Italian,Beverage,Italian Lemon Soda,1,18.0,18.0
ORD-105255,Arabic,Main,Chicken Machboos,1,48.0,48.0
ORD-105255,Arabic,Starter,Hummus,1,22.0,22.0
ORD-105255,Arabic,Beverage,Mint Lemonade,1,18.0,18.0
ORD-105256,Indian,Main,Chicken Biryani,1,42.0,42.0
ORD-105256,Indian,Side,Garlic Naan,1,8.0,8.0
ORD-105256,Indian,Beverage,Mango Lassi,1,16.0,16.0
ORD-105257,Arabic,Main,Chicken Machboos,1,48.0,48.0
ORD-105257,Arabic,Main,Lamb Mandi,1,62.0,62.0
ORD-105257,Arabic,Starter,Hummus,1,22.0,22.0
ORD-105258,Indian,Main,Dal Makhani,1,32.0,32.0
ORD-105258,Indian,Starter,Vegetable Samosa,1,16.0,16.0
ORD-105258,Indian,Side,Garlic Naan,1,8.0,8.0
ORD-105259,Indian,Main,Butter Chicken,1,45.0,45.0
ORD-105260,Arabic,Main,Falafel Wrap,1,22.0,22.0
ORD-105260,Arabic,Main,Chicken Machboos,1,48.0,48.0
ORD-105260,Arabic,Main,Chicken Shawarma Plate,1,38.0,38.0
ORD-105260,Arabic,Starter,Mutabbal,1,22.0,22.0
ORD-105261,Arabic,Main,Mixed Grill,1,75.0,75.0
ORD-105262,Indian,Main,Chicken Biryani,1,42.0,42.0
ORD-105262,Indian,Starter,Paneer Tikka,1,32.0,32.0
ORD-105262,Indian,Side,Jeera Rice,1,14.0,14.0
ORD-105262,Indian,Beverage,Mango Lassi,1,16.0,16.0
ORD-105263,Italian,Main,Penne Arrabbiata,1,42.0,42.0
ORD-105263,Italian,Starter,Caesar Salad,1,32.0,32.0
ORD-105263,Italian,Beverage,Italian Lemon Soda,1,18.0,18.0
ORD-105264,Arabic,Main,Chicken Machboos,1,48.0,48.0
ORD-105264,Arabic,Starter,Hummus,1,22.0,22.0
ORD-105264,Arabic,Dessert,Kunafa,1,28.0,28.0
ORD-105264,Arabic,Beverage,Mint Lemonade,1,18.0,18.0
ORD-105265,Italian,Main,Margherita Pizza,2,45.0,90.0
ORD-105265,Italian,Main,Penne Arrabbiata,1,42.0,42.0
ORD-105266,Italian,Main,Margherita Pizza,1,45.0,45.0
ORD-105266,Italian,Main,Beef Lasagna,1,55.0,55.0
ORD-105266,Italian,Side,Garlic Bread,2,18.0,36.0
ORD-105266,Italian,Beverage,Italian Lemon Soda,2,18.0,36.0
ORD-105267,Indian,Main,Palak Paneer,1,34.0,34.0
ORD-105267,Indian,Main,Chicken Biryani,1,42.0,42.0
ORD-105267,Indian,Side,Garlic Naan,1,8.0,8.0
ORD-105268,Arabic,Main,Lamb Mandi,1,62.0,62.0
ORD-105269,Arabic,Main,Falafel Wrap,1,22.0,22.0
ORD-105269,Arabic,Side,Arabic Rice,1,12.0,12.0
ORD-105270,Italian,Main,Beef Lasagna,1,55.0,55.0
ORD-105270,Italian,Starter,Bruschetta,1,26.0,26.0
ORD-105270,Italian,Side,Garlic Bread,1,18.0,18.0
ORD-105271,Continental,Main,Fish and Chips,1,50.0,50.0
ORD-105271,Continental,Starter,Chicken Wings,1,34.0,34.0
ORD-105272,Arabic,Main,Chicken Shawarma Plate,1,38.0,38.0
ORD-105272,Arabic,Main,Lamb Mandi,1,62.0,62.0
ORD-105272,Arabic,Starter,Hummus,1,22.0,22.0
ORD-105272,Arabic,Side,Arabic Rice,1,12.0,12.0
ORD-105273,Chinese,Main,Chicken Fried Rice,1,34.0,34.0
ORD-105273,Chinese,Starter,Hot and Sour Soup,1,24.0,24.0
ORD-105273,Chinese,Beverage,Jasmine Tea,1,12.0,12.0
ORD-105274,Arabic,Main,Chicken Shawarma Plate,1,38.0,38.0
ORD-105275,Arabic,Main,Chicken Shawarma Plate,1,38.0,38.0
ORD-105275,Arabic,Dessert,Kunafa,1,28.0,28.0
ORD-105275,Arabic,Beverage,Mint Lemonade,1,18.0,18.0
ORD-105276,Arabic,Main,Chicken Shawarma Plate,1,38.0,38.0
ORD-105276,Arabic,Starter,Mutabbal,1,22.0,22.0
ORD-105277,Arabic,Main,Lamb Mandi,1,62.0,62.0
ORD-105277,Arabic,Dessert,Kunafa,1,28.0,28.0
ORD-105278,Arabic,Main,Chicken Machboos,1,48.0,48.0
ORD-105278,Arabic,Side,Arabic Rice,1,12.0,12.0
ORD-105278,Arabic,Beverage,Mint Lemonade,1,18.0,18.0
ORD-105279,Arabic,Main,Lamb Mandi,1,62.0,62.0
ORD-105279,Arabic,Starter,Hummus,1,22.0,22.0
ORD-105279,Arabic,Side,Arabic Rice,1,12.0,12.0
ORD-105280,Continental,Main,Grilled Chicken with Mash,1,52.0,52.0
ORD-105280,Continental,Starter,Soup of the Day,1,22.0,22.0
ORD-105281,Italian,Main,Margherita Pizza,1,45.0,45.0
ORD-105281,Indian,Starter,Vegetable Samosa,1,16.0,16.0
ORD-105281,Indian,Beverage,Mango Lassi,1,16.0,16.0
ORD-105282,Chinese,Main,Chicken Manchurian,1,38.0,38.0
ORD-105282,Arabic,Main,Chicken Machboos,1,48.0,48.0
ORD-105282,Arabic,Dessert,Kunafa,1,28.0,28.0
ORD-105282,Chinese,Beverage,Jasmine Tea,1,12.0,12.0
ORD-105283,Continental,Main,Classic Beef Burger,1,48.0,48.0
ORD-105284,Chinese,Main,Kung Pao Chicken,1,44.0,44.0
ORD-105284,Chinese,Main,Chicken Manchurian,1,38.0,38.0
ORD-105284,Chinese,Starter,Hot and Sour Soup,1,24.0,24.0
ORD-105284,Chinese,Dessert,Mango Pudding,1,20.0,20.0
ORD-105285,Continental,Main,Grilled Chicken Burger,1,42.0,42.0
ORD-105285,Continental,Starter,Soup of the Day,1,22.0,22.0
ORD-105286,Arabic,Main,Chicken Shawarma Plate,1,38.0,38.0
ORD-105286,Arabic,Main,Lamb Mandi,2,62.0,124.0
ORD-105286,Arabic,Main,Chicken Machboos,1,48.0,48.0
ORD-105286,Arabic,Starter,Fattoush,1,24.0,24.0
ORD-105286,Arabic,Side,Arabic Rice,1,12.0,12.0
ORD-105286,Arabic,Beverage,Mint Lemonade,1,18.0,18.0
ORD-105287,Indian,Main,Chicken Biryani,1,42.0,42.0
ORD-105287,Indian,Side,Jeera Rice,1,14.0,14.0
ORD-105288,Continental,Main,Grilled Salmon,1,78.0,78.0
ORD-105288,Continental,Beverage,Chocolate Milkshake,1,22.0,22.0
ORD-105289,Chinese,Main,Chicken Manchurian,1,38.0,38.0
ORD-105289,Chinese,Starter,Spring Rolls,1,22.0,22.0
ORD-105290,Continental,Main,Grilled Salmon,1,78.0,78.0
ORD-105290,Continental,Starter,Soup of the Day,1,22.0,22.0
ORD-105291,Italian,Main,Penne Arrabbiata,1,42.0,42.0
ORD-105291,Italian,Side,Garlic Bread,1,18.0,18.0
ORD-105292,Chinese,Main,Veg Hakka Noodles,1,32.0,32.0
ORD-105292,Chinese,Beverage,Jasmine Tea,1,12.0,12.0
ORD-105293,Continental,Main,Fish and Chips,1,50.0,50.0
ORD-105294,Arabic,Main,Chicken Shawarma Plate,1,38.0,38.0
ORD-105295,Continental,Main,Classic Beef Burger,2,48.0,96.0
ORD-105295,Continental,Starter,Chicken Wings,1,34.0,34.0
ORD-105296,Italian,Main,Fettuccine Alfredo,1,48.0,48.0
ORD-105296,Italian,Starter,Bruschetta,1,26.0,26.0
ORD-105297,Italian,Main,Pepperoni Pizza,1,52.0,52.0
ORD-105297,Italian,Main,Penne Arrabbiata,1,42.0,42.0
ORD-105297,Italian,Starter,Bruschetta,1,26.0,26.0
ORD-105297,Italian,Side,Garlic Bread,2,18.0,36.0
ORD-105297,Italian,Dessert,Tiramisu,1,30.0,30.0
ORD-105297,Italian,Beverage,Italian Lemon Soda,2,18.0,36.0
ORD-105298,Arabic,Main,Chicken Shawarma Plate,1,38.0,38.0
ORD-105298,Arabic,Main,Mixed Grill,1,75.0,75.0
ORD-105298,Arabic,Dessert,Kunafa,1,28.0,28.0
ORD-105299,Indian,Main,Palak Paneer,1,34.0,34.0
ORD-105300,Arabic,Main,Lamb Mandi,1,62.0,62.0
ORD-105300,Arabic,Starter,Fattoush,1,24.0,24.0
ORD-105300,Arabic,Side,Arabic Rice,1,12.0,12.0
ORD-105300,Arabic,Dessert,Umm Ali,1,26.0,26.0
ORD-105300,Arabic,Beverage,Mint Lemonade,1,18.0,18.0
ORD-105301,Italian,Main,Fettuccine Alfredo,1,48.0,48.0
ORD-105301,Italian,Side,Garlic Bread,1,18.0,18.0
ORD-105301,Continental,Dessert,New York Cheesecake,1,28.0,28.0
ORD-105302,Chinese,Main,Chicken Manchurian,1,38.0,38.0
ORD-105302,Arabic,Starter,Fattoush,1,24.0,24.0
ORD-105302,Chinese,Side,Steamed Rice,1,10.0,10.0
ORD-105303,Continental,Main,Classic Beef Burger,1,48.0,48.0
ORD-105303,Continental,Starter,Soup of the Day,1,22.0,22.0
ORD-105304,Continental,Main,Grilled Salmon,1,78.0,78.0
ORD-105304,Continental,Main,Grilled Chicken Burger,1,42.0,42.0
ORD-105304,Continental,Side,French Fries,2,16.0,32.0
ORD-105304,Continental,Beverage,Chocolate Milkshake,1,22.0,22.0
ORD-105305,Indian,Main,Chicken Biryani,1,42.0,42.0
ORD-105305,Indian,Side,Garlic Naan,1,8.0,8.0
ORD-105305,Indian,Beverage,Mango Lassi,1,16.0,16.0
ORD-105306,Arabic,Main,Chicken Shawarma Plate,1,38.0,38.0
ORD-105306,Arabic,Main,Chicken Machboos,1,48.0,48.0
ORD-105306,Arabic,Beverage,Mint Lemonade,1,18.0,18.0
ORD-105307,Continental,Main,Grilled Chicken Burger,1,42.0,42.0
ORD-105307,Continental,Starter,Chicken Wings,1,34.0,34.0
ORD-105307,Continental,Side,French Fries,1,16.0,16.0
ORD-105308,Chinese,Main,Kung Pao Chicken,1,44.0,44.0
ORD-105308,Chinese,Main,Chicken Fried Rice,1,34.0,34.0
ORD-105308,Chinese,Main,Veg Hakka Noodles,1,32.0,32.0
ORD-105308,Indian,Dessert,Gulab Jamun,1,18.0,18.0
ORD-105308,Chinese,Beverage,Jasmine Tea,3,12.0,36.0
ORD-105309,Indian,Main,Chicken Biryani,2,42.0,84.0
ORD-105309,Indian,Side,Garlic Naan,2,8.0,16.0
ORD-105309,Indian,Beverage,Mango Lassi,1,16.0,16.0
ORD-105310,Italian,Main,Fettuccine Alfredo,1,48.0,48.0
ORD-105311,Italian,Main,Beef Lasagna,1,55.0,55.0
ORD-105311,Italian,Main,Pepperoni Pizza,1,52.0,52.0
ORD-105311,Italian,Starter,Caesar Salad,1,32.0,32.0
ORD-105311,Italian,Side,Garlic Bread,2,18.0,36.0
ORD-105311,Italian,Beverage,Italian Lemon Soda,2,18.0,36.0
ORD-105312,Chinese,Main,Szechuan Beef,1,52.0,52.0
ORD-105312,Chinese,Main,Kung Pao Chicken,1,44.0,44.0
ORD-105313,Italian,Main,Margherita Pizza,1,45.0,45.0
ORD-105313,Italian,Side,Garlic Bread,1,18.0,18.0
ORD-105313,Italian,Dessert,Tiramisu,1,30.0,30.0
ORD-105314,Arabic,Main,Mixed Grill,2,75.0,150.0
ORD-105314,Arabic,Starter,Fattoush,1,24.0,24.0
ORD-105315,Indian,Main,Palak Paneer,1,34.0,34.0
ORD-105315,Indian,Side,Jeera Rice,1,14.0,14.0
ORD-105315,Indian,Beverage,Mango Lassi,1,16.0,16.0
ORD-105316,Continental,Main,Fish and Chips,1,50.0,50.0
ORD-105316,Continental,Starter,Chicken Wings,1,34.0,34.0
ORD-105316,Continental,Beverage,Chocolate Milkshake,1,22.0,22.0
ORD-105317,Continental,Main,Classic Beef Burger,1,48.0,48.0
ORD-105317,Continental,Main,Grilled Chicken with Mash,1,52.0,52.0
ORD-105317,Continental,Main,Fish and Chips,1,50.0,50.0
ORD-105317,Continental,Dessert,New York Cheesecake,1,28.0,28.0
ORD-105317,Continental,Beverage,Chocolate Milkshake,3,22.0,66.0
ORD-105318,Arabic,Main,Mixed Grill,1,75.0,75.0
ORD-105318,Arabic,Starter,Mutabbal,1,22.0,22.0
ORD-105319,Italian,Main,Margherita Pizza,1,45.0,45.0
ORD-105320,Arabic,Main,Mixed Grill,1,75.0,75.0
ORD-105320,Arabic,Starter,Hummus,1,22.0,22.0
ORD-105320,Arabic,Beverage,Mint Lemonade,1,18.0,18.0
ORD-105321,Continental,Main,Grilled Salmon,1,78.0,78.0
ORD-105321,Italian,Starter,Caesar Salad,1,32.0,32.0
ORD-105321,Continental,Side,French Fries,1,16.0,16.0
ORD-105322,Continental,Main,Grilled Chicken Burger,1,42.0,42.0
ORD-105322,Arabic,Starter,Hummus,1,22.0,22.0
ORD-105322,Continental,Side,French Fries,1,16.0,16.0
ORD-105323,Continental,Main,Grilled Salmon,1,78.0,78.0
ORD-105323,Continental,Main,Classic Beef Burger,1,48.0,48.0
ORD-105323,Continental,Starter,Chicken Wings,1,34.0,34.0
ORD-105323,Continental,Side,French Fries,1,16.0,16.0
ORD-105324,Indian,Main,Dal Makhani,1,32.0,32.0
ORD-105324,Indian,Dessert,Gulab Jamun,1,18.0,18.0
ORD-105325,Indian,Main,Chicken Biryani,1,42.0,42.0
ORD-105325,Indian,Side,Garlic Naan,1,8.0,8.0
ORD-105325,Indian,Dessert,Gulab Jamun,1,18.0,18.0
ORD-105326,Continental,Main,Fish and Chips,2,50.0,100.0
ORD-105326,Continental,Starter,Soup of the Day,1,22.0,22.0
ORD-105326,Continental,Side,French Fries,2,16.0,32.0
ORD-105327,Chinese,Main,Chicken Manchurian,2,38.0,76.0
ORD-105328,Indian,Main,Mutton Biryani,1,52.0,52.0
ORD-105328,Indian,Starter,Paneer Tikka,1,32.0,32.0
ORD-105328,Indian,Side,Garlic Naan,1,8.0,8.0
ORD-105329,Continental,Main,Grilled Salmon,1,78.0,78.0
ORD-105330,Arabic,Main,Chicken Shawarma Plate,1,38.0,38.0
ORD-105330,Arabic,Side,Arabic Rice,1,12.0,12.0
ORD-105330,Arabic,Beverage,Mint Lemonade,1,18.0,18.0
ORD-105331,Chinese,Main,Szechuan Beef,1,52.0,52.0
ORD-105331,Chinese,Main,Chicken Fried Rice,1,34.0,34.0
ORD-105332,Indian,Main,Chicken Biryani,1,42.0,42.0
ORD-105332,Indian,Dessert,Gulab Jamun,1,18.0,18.0
ORD-105333,Indian,Main,Mutton Biryani,1,52.0,52.0
ORD-105333,Indian,Main,Chicken Biryani,1,42.0,42.0
ORD-105334,Arabic,Main,Falafel Wrap,1,22.0,22.0
ORD-105334,Arabic,Beverage,Mint Lemonade,1,18.0,18.0
ORD-105335,Arabic,Main,Chicken Shawarma Plate,1,38.0,38.0
ORD-105335,Arabic,Main,Lamb Mandi,1,62.0,62.0
ORD-105335,Arabic,Starter,Fattoush,1,24.0,24.0
ORD-105335,Italian,Dessert,Tiramisu,1,30.0,30.0
ORD-105335,Arabic,Beverage,Mint Lemonade,2,18.0,36.0
ORD-105336,Indian,Main,Chicken Biryani,2,42.0,84.0
ORD-105336,Indian,Side,Jeera Rice,2,14.0,28.0
ORD-105337,Continental,Main,Classic Beef Burger,2,48.0,96.0
ORD-105337,Continental,Starter,Soup of the Day,1,22.0,22.0
ORD-105337,Continental,Dessert,New York Cheesecake,1,28.0,28.0
ORD-105337,Continental,Beverage,Chocolate Milkshake,2,22.0,44.0
ORD-105338,Indian,Main,Dal Makhani,1,32.0,32.0
ORD-105338,Indian,Side,Garlic Naan,1,8.0,8.0
ORD-105338,Indian,Dessert,Gulab Jamun,1,18.0,18.0
ORD-105339,Chinese,Main,Chicken Fried Rice,1,34.0,34.0
ORD-105339,Chinese,Dessert,Mango Pudding,1,20.0,20.0
ORD-105340,Indian,Main,Butter Chicken,1,45.0,45.0
ORD-105340,Indian,Main,Mutton Biryani,1,52.0,52.0
ORD-105340,Indian,Dessert,Gulab Jamun,1,18.0,18.0
ORD-105340,Indian,Beverage,Mango Lassi,1,16.0,16.0
ORD-105341,Continental,Main,Grilled Chicken Burger,1,42.0,42.0
ORD-105341,Continental,Main,Classic Beef Burger,1,48.0,48.0
ORD-105341,Continental,Dessert,Chocolate Brownie,1,24.0,24.0
ORD-105342,Indian,Main,Butter Chicken,1,45.0,45.0
ORD-105342,Indian,Side,Jeera Rice,1,14.0,14.0
ORD-105342,Indian,Dessert,Gulab Jamun,1,18.0,18.0
ORD-105343,Chinese,Main,Veg Hakka Noodles,2,32.0,64.0
ORD-105343,Chinese,Side,Steamed Rice,2,10.0,20.0
ORD-105343,Chinese,Dessert,Mango Pudding,1,20.0,20.0
ORD-105343,Chinese,Beverage,Jasmine Tea,1,12.0,12.0
ORD-105344,Chinese,Main,Chicken Fried Rice,1,34.0,34.0
ORD-105344,Chinese,Main,Chicken Manchurian,2,38.0,76.0
ORD-105344,Chinese,Main,Kung Pao Chicken,1,44.0,44.0
ORD-105344,Chinese,Side,Steamed Rice,4,10.0,40.0
ORD-105345,Italian,Main,Margherita Pizza,1,45.0,45.0
ORD-105345,Italian,Starter,Caesar Salad,1,32.0,32.0
ORD-105345,Italian,Dessert,Tiramisu,1,30.0,30.0
ORD-105346,Italian,Main,Pepperoni Pizza,1,52.0,52.0
ORD-105346,Italian,Main,Penne Arrabbiata,1,42.0,42.0
ORD-105346,Italian,Starter,Bruschetta,1,26.0,26.0
ORD-105346,Italian,Beverage,Italian Lemon Soda,1,18.0,18.0
ORD-105347,Indian,Main,Palak Paneer,1,34.0,34.0
ORD-105347,Indian,Starter,Chicken Tikka,1,36.0,36.0
ORD-105347,Indian,Beverage,Mango Lassi,1,16.0,16.0
ORD-105348,Indian,Main,Palak Paneer,1,34.0,34.0
ORD-105348,Indian,Side,Garlic Naan,1,8.0,8.0
ORD-105348,Indian,Beverage,Mango Lassi,1,16.0,16.0
ORD-105349,Continental,Main,Grilled Chicken Burger,1,42.0,42.0
ORD-105349,Continental,Main,Classic Beef Burger,1,48.0,48.0
ORD-105350,Indian,Main,Butter Chicken,1,45.0,45.0
ORD-105350,Indian,Side,Garlic Naan,1,8.0,8.0
ORD-105351,Continental,Main,Classic Beef Burger,2,48.0,96.0
ORD-105351,Continental,Starter,Soup of the Day,1,22.0,22.0
ORD-105351,Continental,Beverage,Chocolate Milkshake,2,22.0,44.0
ORD-105352,Italian,Main,Pepperoni Pizza,2,52.0,104.0
ORD-105353,Italian,Main,Fettuccine Alfredo,1,48.0,48.0
ORD-105353,Italian,Main,Pepperoni Pizza,1,52.0,52.0
ORD-105354,Italian,Main,Fettuccine Alfredo,1,48.0,48.0
ORD-105354,Italian,Main,Margherita Pizza,1,45.0,45.0
ORD-105354,Italian,Starter,Bruschetta,1,26.0,26.0
ORD-105354,Italian,Side,Garlic Bread,1,18.0,18.0
ORD-105355,Arabic,Main,Chicken Machboos,1,48.0,48.0
ORD-105355,Chinese,Starter,Chicken Dim Sum,1,34.0,34.0
ORD-105355,Arabic,Side,Arabic Rice,1,12.0,12.0
ORD-105356,Continental,Main,Grilled Salmon,3,78.0,234.0
ORD-105356,Continental,Starter,Chicken Wings,1,34.0,34.0
ORD-105356,Continental,Dessert,Chocolate Brownie,1,24.0,24.0
ORD-105357,Indian,Main,Dal Makhani,1,32.0,32.0
ORD-105357,Indian,Side,Garlic Naan,1,8.0,8.0
ORD-105357,Indian,Beverage,Mango Lassi,1,16.0,16.0
ORD-105358,Chinese,Main,Chicken Manchurian,1,38.0,38.0
ORD-105358,Chinese,Side,Steamed Rice,1,10.0,10.0
ORD-105359,Indian,Main,Mutton Biryani,2,52.0,104.0
ORD-105359,Indian,Starter,Vegetable Samosa,1,16.0,16.0
ORD-105359,Indian,Side,Garlic Naan,2,8.0,16.0
ORD-105360,Chinese,Main,Veg Hakka Noodles,2,32.0,64.0
ORD-105360,Chinese,Main,Kung Pao Chicken,1,44.0,44.0
ORD-105360,Arabic,Starter,Hummus,1,22.0,22.0
ORD-105361,Chinese,Main,Chicken Fried Rice,1,34.0,34.0
ORD-105362,Indian,Main,Palak Paneer,1,34.0,34.0
ORD-105362,Indian,Starter,Chicken Tikka,1,36.0,36.0
ORD-105362,Indian,Side,Garlic Naan,1,8.0,8.0
ORD-105362,Indian,Beverage,Mango Lassi,1,16.0,16.0
ORD-105363,Continental,Main,Grilled Salmon,1,78.0,78.0
ORD-105363,Continental,Main,Grilled Chicken Burger,1,42.0,42.0
ORD-105363,Continental,Starter,Chicken Wings,1,34.0,34.0
ORD-105364,Indian,Main,Dal Makhani,1,32.0,32.0
ORD-105364,Indian,Main,Chicken Biryani,1,42.0,42.0
ORD-105364,Arabic,Main,Chicken Shawarma Plate,1,38.0,38.0
ORD-105364,Indian,Side,Jeera Rice,1,14.0,14.0
ORD-105364,Indian,Beverage,Mango Lassi,3,16.0,48.0
ORD-105365,Arabic,Main,Lamb Mandi,1,62.0,62.0
ORD-105366,Indian,Main,Dal Makhani,1,32.0,32.0
ORD-105366,Indian,Side,Garlic Naan,1,8.0,8.0
ORD-105366,Indian,Beverage,Mango Lassi,1,16.0,16.0
ORD-105367,Indian,Main,Palak Paneer,1,34.0,34.0
ORD-105367,Indian,Side,Jeera Rice,1,14.0,14.0
ORD-105367,Arabic,Beverage,Mint Lemonade,1,18.0,18.0
ORD-105368,Chinese,Main,Szechuan Beef,1,52.0,52.0
ORD-105368,Chinese,Main,Chicken Manchurian,1,38.0,38.0
ORD-105368,Chinese,Starter,Chicken Dim Sum,1,34.0,34.0
ORD-105368,Chinese,Beverage,Jasmine Tea,1,12.0,12.0
ORD-105369,Italian,Main,Margherita Pizza,1,45.0,45.0
ORD-105369,Italian,Starter,Bruschetta,1,26.0,26.0
ORD-105369,Italian,Side,Garlic Bread,1,18.0,18.0
ORD-105369,Italian,Beverage,Italian Lemon Soda,1,18.0,18.0
ORD-105370,Indian,Main,Butter Chicken,1,45.0,45.0
ORD-105370,Indian,Main,Mutton Biryani,1,52.0,52.0
ORD-105370,Indian,Side,Jeera Rice,2,14.0,28.0
ORD-105370,Indian,Beverage,Mango Lassi,2,16.0,32.0
ORD-105371,Italian,Main,Penne Arrabbiata,2,42.0,84.0
ORD-105371,Italian,Main,Beef Lasagna,2,55.0,110.0
ORD-105371,Italian,Starter,Caesar Salad,1,32.0,32.0
ORD-105371,Italian,Beverage,Italian Lemon Soda,3,18.0,54.0
ORD-105372,Arabic,Main,Falafel Wrap,1,22.0,22.0
ORD-105372,Arabic,Main,Lamb Mandi,1,62.0,62.0
ORD-105373,Chinese,Main,Kung Pao Chicken,1,44.0,44.0
ORD-105373,Chinese,Starter,Hot and Sour Soup,1,24.0,24.0
ORD-105373,Chinese,Beverage,Jasmine Tea,1,12.0,12.0
ORD-105374,Italian,Main,Beef Lasagna,1,55.0,55.0
ORD-105374,Italian,Starter,Caesar Salad,1,32.0,32.0
ORD-105374,Italian,Side,Garlic Bread,1,18.0,18.0
ORD-105374,Italian,Dessert,Tiramisu,1,30.0,30.0
ORD-105375,Arabic,Main,Mixed Grill,1,75.0,75.0
ORD-105375,Arabic,Side,Arabic Rice,1,12.0,12.0
ORD-105375,Arabic,Dessert,Kunafa,1,28.0,28.0
ORD-105376,Indian,Main,Butter Chicken,1,45.0,45.0
ORD-105376,Indian,Starter,Vegetable Samosa,1,16.0,16.0
ORD-105376,Indian,Dessert,Gulab Jamun,1,18.0,18.0
ORD-105376,Indian,Beverage,Mango Lassi,1,16.0,16.0
ORD-105377,Chinese,Main,Chicken Fried Rice,1,34.0,34.0
ORD-105377,Chinese,Main,Chicken Manchurian,1,38.0,38.0
ORD-105377,Chinese,Starter,Spring Rolls,1,22.0,22.0
ORD-105377,Chinese,Dessert,Mango Pudding,1,20.0,20.0
ORD-105377,Chinese,Beverage,Jasmine Tea,1,12.0,12.0
ORD-105378,Chinese,Main,Chicken Fried Rice,1,34.0,34.0
ORD-105378,Indian,Main,Chicken Biryani,1,42.0,42.0
ORD-105378,Chinese,Side,Steamed Rice,2,10.0,20.0
ORD-105378,Chinese,Dessert,Mango Pudding,1,20.0,20.0
ORD-105379,Italian,Main,Margherita Pizza,1,45.0,45.0
ORD-105379,Italian,Starter,Bruschetta,1,26.0,26.0
ORD-105379,Italian,Side,Garlic Bread,1,18.0,18.0
ORD-105379,Italian,Beverage,Italian Lemon Soda,1,18.0,18.0
ORD-105380,Continental,Main,Classic Beef Burger,2,48.0,96.0
ORD-105381,Italian,Main,Penne Arrabbiata,1,42.0,42.0
ORD-105381,Italian,Starter,Bruschetta,1,26.0,26.0
ORD-105381,Italian,Dessert,Tiramisu,1,30.0,30.0
ORD-105381,Italian,Beverage,Italian Lemon Soda,1,18.0,18.0
ORD-105382,Continental,Main,Grilled Chicken Burger,1,42.0,42.0
ORD-105382,Continental,Main,Grilled Chicken with Mash,1,52.0,52.0
ORD-105382,Continental,Starter,Soup of the Day,1,22.0,22.0
ORD-105382,Continental,Beverage,Chocolate Milkshake,2,22.0,44.0
ORD-105383,Continental,Main,Grilled Chicken with Mash,1,52.0,52.0
ORD-105383,Continental,Starter,Chicken Wings,1,34.0,34.0
ORD-105383,Continental,Side,French Fries,1,16.0,16.0
ORD-105383,Continental,Beverage,Chocolate Milkshake,1,22.0,22.0
ORD-105384,Arabic,Main,Mixed Grill,1,75.0,75.0
ORD-105384,Arabic,Main,Chicken Machboos,1,48.0,48.0
ORD-105384,Arabic,Main,Lamb Mandi,1,62.0,62.0
ORD-105384,Arabic,Starter,Hummus,1,22.0,22.0
ORD-105384,Arabic,Side,Arabic Rice,2,12.0,24.0
ORD-105385,Arabic,Main,Chicken Machboos,1,48.0,48.0
ORD-105386,Continental,Main,Fish and Chips,1,50.0,50.0
ORD-105386,Continental,Starter,Chicken Wings,1,34.0,34.0
ORD-105386,Continental,Side,French Fries,1,16.0,16.0
ORD-105387,Continental,Main,Grilled Salmon,1,78.0,78.0
ORD-105387,Continental,Starter,Soup of the Day,1,22.0,22.0
ORD-105388,Arabic,Main,Falafel Wrap,1,22.0,22.0
ORD-105388,Arabic,Main,Mixed Grill,1,75.0,75.0
ORD-105388,Arabic,Side,Arabic Rice,1,12.0,12.0
ORD-105388,Arabic,Dessert,Umm Ali,1,26.0,26.0
ORD-105388,Arabic,Beverage,Mint Lemonade,1,18.0,18.0
ORD-105389,Continental,Main,Fish and Chips,1,50.0,50.0
ORD-105390,Indian,Main,Mutton Biryani,1,52.0,52.0
ORD-105391,Chinese,Main,Veg Hakka Noodles,1,32.0,32.0
ORD-105391,Chinese,Main,Szechuan Beef,1,52.0,52.0
ORD-105391,Chinese,Side,Steamed Rice,2,10.0,20.0
ORD-105391,Chinese,Beverage,Jasmine Tea,1,12.0,12.0
ORD-105392,Italian,Main,Penne Arrabbiata,1,42.0,42.0
ORD-105393,Italian,Main,Pepperoni Pizza,1,52.0,52.0
ORD-105393,Italian,Side,Garlic Bread,1,18.0,18.0
ORD-105394,Arabic,Main,Lamb Mandi,1,62.0,62.0
ORD-105394,Arabic,Starter,Hummus,1,22.0,22.0
ORD-105394,Arabic,Dessert,Kunafa,1,28.0,28.0
ORD-105395,Indian,Main,Chicken Biryani,1,42.0,42.0
ORD-105395,Indian,Starter,Paneer Tikka,1,32.0,32.0
ORD-105396,Indian,Main,Chicken Biryani,1,42.0,42.0
ORD-105396,Indian,Starter,Chicken Tikka,1,36.0,36.0
ORD-105396,Indian,Side,Garlic Naan,1,8.0,8.0
ORD-105396,Indian,Dessert,Gulab Jamun,1,18.0,18.0
ORD-105397,Arabic,Main,Chicken Shawarma Plate,1,38.0,38.0
ORD-105398,Continental,Main,Classic Beef Burger,1,48.0,48.0
ORD-105398,Continental,Dessert,New York Cheesecake,1,28.0,28.0
ORD-105399,Arabic,Main,Mixed Grill,1,75.0,75.0
ORD-105399,Arabic,Dessert,Kunafa,1,28.0,28.0
ORD-105400,Italian,Main,Penne Arrabbiata,1,42.0,42.0
ORD-105400,Italian,Starter,Caesar Salad,1,32.0,32.0
ORD-105400,Italian,Side,Garlic Bread,1,18.0,18.0
ORD-105400,Italian,Beverage,Italian Lemon Soda,1,18.0,18.0
ORD-105401,Indian,Main,Chicken Biryani,2,42.0,84.0
ORD-105401,Indian,Starter,Paneer Tikka,1,32.0,32.0
ORD-105401,Indian,Side,Garlic Naan,1,8.0,8.0
ORD-105401,Indian,Dessert,Gulab Jamun,1,18.0,18.0
ORD-105402,Indian,Main,Chicken Biryani,1,42.0,42.0
ORD-105402,Indian,Main,Dal Makhani,1,32.0,32.0
ORD-105402,Indian,Starter,Paneer Tikka,1,32.0,32.0
ORD-105402,Indian,Side,Jeera Rice,1,14.0,14.0
ORD-105403,Chinese,Main,Kung Pao Chicken,1,44.0,44.0
ORD-105403,Chinese,Main,Veg Hakka Noodles,1,32.0,32.0
ORD-105404,Continental,Main,Grilled Chicken Burger,1,42.0,42.0
ORD-105404,Continental,Side,French Fries,1,16.0,16.0
ORD-105404,Continental,Beverage,Chocolate Milkshake,1,22.0,22.0
ORD-105405,Arabic,Main,Lamb Mandi,2,62.0,124.0
ORD-105405,Indian,Main,Mutton Biryani,1,52.0,52.0
ORD-105405,Arabic,Starter,Hummus,1,22.0,22.0
ORD-105405,Arabic,Beverage,Mint Lemonade,2,18.0,36.0
ORD-105406,Arabic,Main,Chicken Shawarma Plate,1,38.0,38.0
ORD-105406,Arabic,Starter,Fattoush,1,24.0,24.0
ORD-105406,Arabic,Beverage,Mint Lemonade,1,18.0,18.0
ORD-105407,Arabic,Main,Chicken Machboos,1,48.0,48.0
ORD-105407,Arabic,Main,Lamb Mandi,2,62.0,124.0
ORD-105407,Arabic,Starter,Fattoush,1,24.0,24.0
ORD-105407,Arabic,Beverage,Mint Lemonade,3,18.0,54.0
ORD-105408,Continental,Main,Grilled Chicken Burger,1,42.0,42.0
ORD-105409,Arabic,Main,Lamb Mandi,2,62.0,124.0
ORD-105409,Arabic,Side,Arabic Rice,2,12.0,24.0
ORD-105409,Arabic,Beverage,Mint Lemonade,1,18.0,18.0
ORD-105410,Italian,Main,Beef Lasagna,1,55.0,55.0
ORD-105410,Italian,Side,Garlic Bread,1,18.0,18.0
ORD-105411,Continental,Main,Classic Beef Burger,1,48.0,48.0
ORD-105411,Continental,Main,Grilled Chicken with Mash,1,52.0,52.0
ORD-105411,Continental,Starter,Chicken Wings,1,34.0,34.0
ORD-105411,Continental,Beverage,Chocolate Milkshake,2,22.0,44.0
ORD-105412,Continental,Main,Classic Beef Burger,1,48.0,48.0
ORD-105412,Continental,Beverage,Chocolate Milkshake,1,22.0,22.0
ORD-105413,Arabic,Main,Chicken Shawarma Plate,1,38.0,38.0
ORD-105413,Arabic,Starter,Mutabbal,1,22.0,22.0
ORD-105413,Arabic,Side,Arabic Rice,1,12.0,12.0
ORD-105413,Arabic,Dessert,Kunafa,1,28.0,28.0
ORD-105414,Continental,Main,Classic Beef Burger,1,48.0,48.0
ORD-105414,Continental,Side,French Fries,1,16.0,16.0
ORD-105414,Italian,Beverage,Italian Lemon Soda,1,18.0,18.0
ORD-105415,Continental,Main,Grilled Chicken with Mash,1,52.0,52.0
ORD-105415,Continental,Main,Grilled Salmon,1,78.0,78.0
ORD-105415,Continental,Starter,Chicken Wings,1,34.0,34.0
ORD-105415,Continental,Beverage,Chocolate Milkshake,2,22.0,44.0
ORD-105416,Italian,Main,Fettuccine Alfredo,1,48.0,48.0
ORD-105416,Italian,Main,Margherita Pizza,1,45.0,45.0
ORD-105416,Italian,Beverage,Italian Lemon Soda,1,18.0,18.0
ORD-105417,Arabic,Main,Mixed Grill,1,75.0,75.0
ORD-105417,Arabic,Starter,Hummus,1,22.0,22.0
ORD-105417,Arabic,Dessert,Kunafa,1,28.0,28.0
ORD-105418,Indian,Main,Mutton Biryani,1,52.0,52.0
ORD-105418,Indian,Side,Garlic Naan,1,8.0,8.0
ORD-105419,Arabic,Main,Mixed Grill,1,75.0,75.0
ORD-105419,Arabic,Main,Lamb Mandi,1,62.0,62.0
ORD-105420,Continental,Main,Fish and Chips,1,50.0,50.0
ORD-105420,Continental,Side,French Fries,1,16.0,16.0
ORD-105420,Continental,Dessert,Chocolate Brownie,1,24.0,24.0
ORD-105421,Indian,Main,Butter Chicken,1,45.0,45.0
ORD-105421,Indian,Main,Chicken Biryani,1,42.0,42.0
ORD-105421,Indian,Starter,Paneer Tikka,1,32.0,32.0
ORD-105421,Indian,Dessert,Gulab Jamun,1,18.0,18.0
ORD-105422,Chinese,Main,Chicken Fried Rice,1,34.0,34.0
ORD-105422,Chinese,Starter,Hot and Sour Soup,1,24.0,24.0
ORD-105422,Chinese,Side,Steamed Rice,1,10.0,10.0
ORD-105423,Arabic,Main,Falafel Wrap,1,22.0,22.0
ORD-105423,Arabic,Starter,Hummus,1,22.0,22.0
ORD-105424,Arabic,Main,Chicken Shawarma Plate,1,38.0,38.0
ORD-105424,Arabic,Main,Chicken Machboos,1,48.0,48.0
ORD-105424,Arabic,Starter,Mutabbal,1,22.0,22.0
ORD-105424,Arabic,Beverage,Mint Lemonade,2,18.0,36.0
ORD-105425,Chinese,Main,Chicken Fried Rice,1,34.0,34.0
ORD-105425,Chinese,Beverage,Jasmine Tea,1,12.0,12.0
ORD-105426,Italian,Main,Pepperoni Pizza,1,52.0,52.0
ORD-105427,Chinese,Main,Chicken Fried Rice,1,34.0,34.0
ORD-105427,Chinese,Starter,Spring Rolls,1,22.0,22.0
ORD-105427,Chinese,Side,Steamed Rice,1,10.0,10.0
ORD-105428,Indian,Main,Butter Chicken,1,45.0,45.0
ORD-105428,Indian,Starter,Paneer Tikka,1,32.0,32.0
ORD-105428,Indian,Beverage,Mango Lassi,1,16.0,16.0
ORD-105429,Arabic,Main,Lamb Mandi,1,62.0,62.0
ORD-105429,Arabic,Main,Mixed Grill,1,75.0,75.0
ORD-105429,Arabic,Dessert,Kunafa,1,28.0,28.0
ORD-105430,Chinese,Main,Chicken Manchurian,2,38.0,76.0
ORD-105430,Chinese,Main,Szechuan Beef,1,52.0,52.0
ORD-105430,Chinese,Side,Steamed Rice,1,10.0,10.0
ORD-105430,Chinese,Beverage,Jasmine Tea,2,12.0,24.0
ORD-105431,Arabic,Main,Falafel Wrap,1,22.0,22.0
ORD-105432,Arabic,Main,Falafel Wrap,1,22.0,22.0
ORD-105432,Italian,Main,Margherita Pizza,1,45.0,45.0
ORD-105432,Arabic,Main,Lamb Mandi,1,62.0,62.0
ORD-105432,Italian,Starter,Bruschetta,1,26.0,26.0
ORD-105432,Italian,Beverage,Italian Lemon Soda,2,18.0,36.0
ORD-105433,Arabic,Main,Mixed Grill,1,75.0,75.0
ORD-105433,Arabic,Beverage,Mint Lemonade,1,18.0,18.0
ORD-105434,Indian,Main,Palak Paneer,1,34.0,34.0
ORD-105434,Indian,Starter,Chicken Tikka,1,36.0,36.0
ORD-105434,Indian,Side,Jeera Rice,1,14.0,14.0
ORD-105435,Continental,Main,Grilled Chicken Burger,2,42.0,84.0
ORD-105436,Indian,Main,Mutton Biryani,1,52.0,52.0
ORD-105436,Indian,Side,Jeera Rice,1,14.0,14.0
ORD-105437,Indian,Main,Butter Chicken,1,45.0,45.0
ORD-105437,Indian,Side,Garlic Naan,1,8.0,8.0
ORD-105437,Indian,Dessert,Gulab Jamun,1,18.0,18.0
ORD-105438,Italian,Main,Margherita Pizza,1,45.0,45.0
ORD-105439,Indian,Main,Butter Chicken,1,45.0,45.0
ORD-105439,Indian,Side,Jeera Rice,1,14.0,14.0
ORD-105439,Indian,Beverage,Mango Lassi,1,16.0,16.0
ORD-105440,Indian,Main,Butter Chicken,2,45.0,90.0
ORD-105440,Indian,Main,Chicken Biryani,1,42.0,42.0
ORD-105440,Indian,Starter,Chicken Tikka,1,36.0,36.0
ORD-105441,Indian,Main,Chicken Biryani,1,42.0,42.0
ORD-105441,Indian,Main,Mutton Biryani,1,52.0,52.0
ORD-105441,Indian,Side,Jeera Rice,2,14.0,28.0
ORD-105442,Indian,Main,Dal Makhani,1,32.0,32.0
ORD-105442,Indian,Main,Mutton Biryani,1,52.0,52.0
ORD-105442,Indian,Side,Jeera Rice,2,14.0,28.0
ORD-105443,Chinese,Main,Chicken Fried Rice,1,34.0,34.0
ORD-105443,Chinese,Side,Steamed Rice,1,10.0,10.0
ORD-105444,Continental,Main,Classic Beef Burger,1,48.0,48.0
ORD-105444,Continental,Main,Fish and Chips,1,50.0,50.0
ORD-105444,Continental,Beverage,Chocolate Milkshake,2,22.0,44.0
ORD-105445,Arabic,Main,Lamb Mandi,1,62.0,62.0
ORD-105445,Arabic,Main,Chicken Machboos,1,48.0,48.0
ORD-105445,Arabic,Starter,Mutabbal,1,22.0,22.0
ORD-105445,Arabic,Beverage,Mint Lemonade,2,18.0,36.0
ORD-105446,Continental,Main,Classic Beef Burger,1,48.0,48.0
ORD-105446,Continental,Main,Grilled Chicken Burger,1,42.0,42.0
ORD-105446,Continental,Main,Grilled Salmon,1,78.0,78.0
ORD-105446,Continental,Side,French Fries,1,16.0,16.0
ORD-105447,Arabic,Main,Chicken Machboos,1,48.0,48.0
ORD-105447,Arabic,Starter,Hummus,1,22.0,22.0
ORD-105447,Arabic,Side,Arabic Rice,1,12.0,12.0
ORD-105447,Arabic,Dessert,Kunafa,1,28.0,28.0
ORD-105447,Arabic,Beverage,Mint Lemonade,1,18.0,18.0
ORD-105448,Italian,Main,Pepperoni Pizza,1,52.0,52.0
ORD-105448,Arabic,Main,Falafel Wrap,2,22.0,44.0
ORD-105448,Italian,Side,Garlic Bread,3,18.0,54.0
ORD-105449,Chinese,Main,Chicken Fried Rice,1,34.0,34.0
ORD-105450,Chinese,Main,Veg Hakka Noodles,1,32.0,32.0
ORD-105450,Chinese,Starter,Hot and Sour Soup,1,24.0,24.0
ORD-105450,Chinese,Side,Steamed Rice,1,10.0,10.0
ORD-105450,Chinese,Dessert,Mango Pudding,1,20.0,20.0
ORD-105451,Indian,Main,Butter Chicken,1,45.0,45.0
ORD-105451,Indian,Starter,Chicken Tikka,1,36.0,36.0
ORD-105451,Indian,Side,Garlic Naan,1,8.0,8.0
ORD-105451,Indian,Beverage,Mango Lassi,1,16.0,16.0
ORD-105452,Indian,Main,Mutton Biryani,1,52.0,52.0
ORD-105452,Indian,Main,Palak Paneer,1,34.0,34.0
ORD-105452,Indian,Starter,Paneer Tikka,1,32.0,32.0
ORD-105452,Indian,Side,Garlic Naan,2,8.0,16.0
ORD-105453,Indian,Main,Palak Paneer,1,34.0,34.0
ORD-105453,Indian,Main,Butter Chicken,1,45.0,45.0
ORD-105453,Indian,Starter,Vegetable Samosa,1,16.0,16.0
ORD-105454,Italian,Main,Pepperoni Pizza,1,52.0,52.0
ORD-105454,Italian,Beverage,Italian Lemon Soda,1,18.0,18.0
ORD-105455,Chinese,Main,Chicken Manchurian,2,38.0,76.0
ORD-105455,Chinese,Beverage,Jasmine Tea,2,12.0,24.0
ORD-105456,Indian,Main,Butter Chicken,1,45.0,45.0
ORD-105456,Indian,Side,Garlic Naan,1,8.0,8.0
ORD-105457,Chinese,Main,Chicken Fried Rice,1,34.0,34.0
ORD-105457,Chinese,Main,Chicken Manchurian,1,38.0,38.0
ORD-105457,Chinese,Starter,Chicken Dim Sum,1,34.0,34.0
ORD-105457,Chinese,Side,Steamed Rice,1,10.0,10.0
ORD-105457,Chinese,Dessert,Mango Pudding,1,20.0,20.0
ORD-105457,Chinese,Beverage,Jasmine Tea,2,12.0,24.0
ORD-105458,Chinese,Main,Szechuan Beef,1,52.0,52.0
ORD-105458,Chinese,Main,Chicken Fried Rice,1,34.0,34.0
ORD-105458,Chinese,Main,Kung Pao Chicken,1,44.0,44.0
ORD-105458,Chinese,Starter,Spring Rolls,1,22.0,22.0
ORD-105458,Chinese,Dessert,Mango Pudding,1,20.0,20.0
ORD-105459,Arabic,Main,Chicken Machboos,1,48.0,48.0
ORD-105459,Arabic,Beverage,Mint Lemonade,1,18.0,18.0
ORD-105460,Italian,Main,Pepperoni Pizza,1,52.0,52.0
ORD-105460,Italian,Starter,Caesar Salad,1,32.0,32.0
ORD-105460,Italian,Side,Garlic Bread,1,18.0,18.0
ORD-105461,Italian,Main,Penne Arrabbiata,1,42.0,42.0
ORD-105461,Italian,Main,Margherita Pizza,2,45.0,90.0
ORD-105461,Italian,Beverage,Italian Lemon Soda,1,18.0,18.0
ORD-105462,Indian,Main,Chicken Biryani,1,42.0,42.0
ORD-105462,Indian,Side,Jeera Rice,1,14.0,14.0
ORD-105462,Indian,Beverage,Mango Lassi,1,16.0,16.0
ORD-105463,Arabic,Main,Chicken Machboos,1,48.0,48.0
ORD-105464,Italian,Main,Beef Lasagna,1,55.0,55.0
ORD-105464,Italian,Starter,Caesar Salad,1,32.0,32.0
ORD-105465,Arabic,Main,Chicken Machboos,1,48.0,48.0
ORD-105465,Arabic,Starter,Hummus,1,22.0,22.0
ORD-105466,Indian,Main,Chicken Biryani,1,42.0,42.0
ORD-105466,Arabic,Main,Chicken Shawarma Plate,1,38.0,38.0
ORD-105466,Indian,Side,Jeera Rice,2,14.0,28.0
ORD-105466,Arabic,Dessert,Umm Ali,1,26.0,26.0
ORD-105467,Chinese,Main,Kung Pao Chicken,1,44.0,44.0
ORD-105468,Arabic,Main,Falafel Wrap,1,22.0,22.0
ORD-105469,Arabic,Main,Mixed Grill,1,75.0,75.0
ORD-105469,Arabic,Starter,Mutabbal,1,22.0,22.0
ORD-105469,Arabic,Side,Arabic Rice,1,12.0,12.0
ORD-105470,Chinese,Main,Kung Pao Chicken,1,44.0,44.0
ORD-105470,Chinese,Starter,Hot and Sour Soup,1,24.0,24.0
ORD-105471,Italian,Main,Pepperoni Pizza,1,52.0,52.0
ORD-105471,Italian,Starter,Caesar Salad,1,32.0,32.0
ORD-105472,Continental,Main,Grilled Chicken with Mash,1,52.0,52.0
ORD-105473,Arabic,Main,Chicken Shawarma Plate,1,38.0,38.0
ORD-105473,Arabic,Side,Arabic Rice,1,12.0,12.0
ORD-105473,Arabic,Beverage,Mint Lemonade,1,18.0,18.0
ORD-105474,Indian,Main,Dal Makhani,1,32.0,32.0
ORD-105474,Indian,Side,Garlic Naan,1,8.0,8.0
ORD-105475,Arabic,Main,Falafel Wrap,1,22.0,22.0
ORD-105475,Arabic,Main,Mixed Grill,1,75.0,75.0
ORD-105475,Arabic,Main,Chicken Machboos,1,48.0,48.0
ORD-105476,Continental,Main,Grilled Chicken Burger,1,42.0,42.0
ORD-105476,Continental,Beverage,Chocolate Milkshake,1,22.0,22.0
ORD-105477,Indian,Main,Butter Chicken,1,45.0,45.0
ORD-105477,Indian,Starter,Paneer Tikka,1,32.0,32.0
ORD-105477,Indian,Side,Garlic Naan,1,8.0,8.0
ORD-105478,Italian,Main,Beef Lasagna,1,55.0,55.0
ORD-105478,Italian,Starter,Bruschetta,1,26.0,26.0
ORD-105479,Chinese,Main,Veg Hakka Noodles,1,32.0,32.0
ORD-105479,Chinese,Beverage,Jasmine Tea,1,12.0,12.0
ORD-105480,Indian,Main,Butter Chicken,1,45.0,45.0
ORD-105480,Indian,Starter,Vegetable Samosa,1,16.0,16.0
ORD-105480,Indian,Side,Jeera Rice,1,14.0,14.0
ORD-105480,Continental,Beverage,Chocolate Milkshake,1,22.0,22.0
ORD-105481,Continental,Main,Classic Beef Burger,1,48.0,48.0
ORD-105481,Continental,Starter,Chicken Wings,1,34.0,34.0
ORD-105482,Indian,Main,Butter Chicken,1,45.0,45.0
ORD-105482,Indian,Starter,Chicken Tikka,1,36.0,36.0
ORD-105482,Indian,Side,Garlic Naan,1,8.0,8.0
ORD-105483,Indian,Main,Butter Chicken,1,45.0,45.0
ORD-105483,Indian,Side,Jeera Rice,1,14.0,14.0
ORD-105483,Indian,Beverage,Mango Lassi,1,16.0,16.0
ORD-105484,Indian,Main,Chicken Biryani,2,42.0,84.0
ORD-105485,Continental,Main,Classic Beef Burger,1,48.0,48.0
ORD-105485,Continental,Main,Grilled Chicken with Mash,2,52.0,104.0
ORD-105486,Indian,Main,Chicken Biryani,1,42.0,42.0
ORD-105486,Indian,Side,Jeera Rice,1,14.0,14.0
ORD-105486,Indian,Beverage,Mango Lassi,1,16.0,16.0
ORD-105487,Continental,Main,Grilled Chicken Burger,1,42.0,42.0
ORD-105487,Continental,Main,Grilled Chicken with Mash,1,52.0,52.0
ORD-105488,Italian,Main,Penne Arrabbiata,1,42.0,42.0
ORD-105488,Italian,Side,Garlic Bread,1,18.0,18.0
ORD-105489,Italian,Main,Penne Arrabbiata,1,42.0,42.0
ORD-105489,Italian,Side,Garlic Bread,1,18.0,18.0
ORD-105489,Italian,Beverage,Italian Lemon Soda,1,18.0,18.0
ORD-105490,Italian,Main,Beef Lasagna,1,55.0,55.0
ORD-105490,Italian,Main,Penne Arrabbiata,1,42.0,42.0
ORD-105490,Italian,Side,Garlic Bread,2,18.0,36.0
ORD-105491,Italian,Main,Beef Lasagna,1,55.0,55.0
ORD-105491,Italian,Starter,Caesar Salad,1,32.0,32.0
ORD-105491,Italian,Side,Garlic Bread,1,18.0,18.0
ORD-105491,Italian,Beverage,Italian Lemon Soda,1,18.0,18.0
ORD-105492,Arabic,Main,Lamb Mandi,1,62.0,62.0
ORD-105492,Arabic,Starter,Fattoush,1,24.0,24.0
ORD-105492,Arabic,Side,Arabic Rice,1,12.0,12.0
ORD-105492,Arabic,Dessert,Kunafa,1,28.0,28.0
ORD-105492,Arabic,Beverage,Mint Lemonade,1,18.0,18.0
ORD-105493,Chinese,Main,Chicken Fried Rice,1,34.0,34.0
ORD-105493,Chinese,Side,Steamed Rice,1,10.0,10.0
ORD-105493,Chinese,Beverage,Jasmine Tea,1,12.0,12.0
ORD-105494,Continental,Main,Grilled Chicken Burger,1,42.0,42.0
ORD-105494,Continental,Starter,Soup of the Day,1,22.0,22.0
ORD-105494,Continental,Dessert,Chocolate Brownie,1,24.0,24.0
ORD-105494,Continental,Beverage,Chocolate Milkshake,1,22.0,22.0
ORD-105495,Continental,Main,Classic Beef Burger,2,48.0,96.0
ORD-105495,Continental,Starter,Chicken Wings,1,34.0,34.0
ORD-105496,Arabic,Main,Chicken Machboos,1,48.0,48.0
ORD-105496,Arabic,Main,Chicken Shawarma Plate,1,38.0,38.0
ORD-105496,Continental,Main,Classic Beef Burger,1,48.0,48.0
ORD-105496,Continental,Starter,Soup of the Day,1,22.0,22.0
ORD-105496,Arabic,Dessert,Kunafa,1,28.0,28.0
ORD-105497,Arabic,Main,Chicken Shawarma Plate,1,38.0,38.0
ORD-105497,Arabic,Starter,Hummus,1,22.0,22.0
ORD-105497,Arabic,Dessert,Kunafa,1,28.0,28.0
ORD-105498,Arabic,Main,Mixed Grill,1,75.0,75.0
ORD-105498,Arabic,Starter,Mutabbal,1,22.0,22.0
ORD-105498,Arabic,Side,Arabic Rice,1,12.0,12.0
ORD-105498,Arabic,Beverage,Mint Lemonade,1,18.0,18.0
ORD-105499,Continental,Main,Fish and Chips,1,50.0,50.0
ORD-105499,Continental,Main,Grilled Chicken Burger,2,42.0,84.0
ORD-105499,Chinese,Starter,Spring Rolls,1,22.0,22.0
ORD-105499,Continental,Beverage,Chocolate Milkshake,1,22.0,22.0
ORD-105500,Italian,Main,Beef Lasagna,1,55.0,55.0
ORD-105500,Italian,Main,Fettuccine Alfredo,1,48.0,48.0
ORD-105500,Italian,Starter,Caesar Salad,1,32.0,32.0
ORD-105500,Italian,Beverage,Italian Lemon Soda,2,18.0,36.0
ORD-105501,Italian,Main,Beef Lasagna,1,55.0,55.0
ORD-105502,Continental,Main,Classic Beef Burger,1,48.0,48.0
ORD-105502,Continental,Starter,Chicken Wings,1,34.0,34.0
ORD-105502,Continental,Dessert,New York Cheesecake,1,28.0,28.0
ORD-105502,Continental,Beverage,Chocolate Milkshake,1,22.0,22.0
ORD-105503,Indian,Main,Butter Chicken,1,45.0,45.0
ORD-105503,Indian,Starter,Vegetable Samosa,1,16.0,16.0
ORD-105503,Indian,Side,Jeera Rice,1,14.0,14.0
ORD-105503,Indian,Dessert,Gulab Jamun,1,18.0,18.0
ORD-105503,Indian,Beverage,Mango Lassi,1,16.0,16.0
ORD-105504,Continental,Main,Grilled Chicken with Mash,1,52.0,52.0
ORD-105504,Continental,Beverage,Chocolate Milkshake,1,22.0,22.0
ORD-105505,Indian,Main,Chicken Biryani,2,42.0,84.0
ORD-105505,Indian,Starter,Paneer Tikka,1,32.0,32.0
ORD-105505,Indian,Side,Garlic Naan,1,8.0,8.0
ORD-105505,Indian,Beverage,Mango Lassi,2,16.0,32.0
ORD-105506,Arabic,Main,Chicken Shawarma Plate,1,38.0,38.0
ORD-105506,Arabic,Starter,Mutabbal,1,22.0,22.0
ORD-105506,Arabic,Side,Arabic Rice,1,12.0,12.0
ORD-105507,Chinese,Main,Szechuan Beef,1,52.0,52.0
ORD-105507,Chinese,Main,Kung Pao Chicken,1,44.0,44.0
ORD-105507,Chinese,Starter,Spring Rolls,1,22.0,22.0
ORD-105507,Chinese,Dessert,Mango Pudding,1,20.0,20.0
ORD-105508,Italian,Main,Beef Lasagna,2,55.0,110.0
ORD-105509,Continental,Main,Classic Beef Burger,1,48.0,48.0
ORD-105509,Continental,Side,French Fries,1,16.0,16.0
ORD-105509,Continental,Beverage,Chocolate Milkshake,1,22.0,22.0
ORD-105510,Italian,Main,Pepperoni Pizza,1,52.0,52.0
ORD-105510,Italian,Starter,Caesar Salad,1,32.0,32.0
ORD-105511,Continental,Main,Grilled Chicken Burger,2,42.0,84.0
ORD-105511,Continental,Starter,Soup of the Day,1,22.0,22.0
ORD-105511,Continental,Beverage,Chocolate Milkshake,1,22.0,22.0
ORD-105512,Continental,Main,Grilled Chicken with Mash,1,52.0,52.0
ORD-105512,Continental,Starter,Chicken Wings,1,34.0,34.0
ORD-105512,Continental,Beverage,Chocolate Milkshake,1,22.0,22.0
ORD-105513,Arabic,Main,Lamb Mandi,1,62.0,62.0
ORD-105513,Arabic,Side,Arabic Rice,1,12.0,12.0
ORD-105513,Arabic,Beverage,Mint Lemonade,1,18.0,18.0
ORD-105514,Chinese,Main,Veg Hakka Noodles,1,32.0,32.0
ORD-105514,Chinese,Main,Kung Pao Chicken,1,44.0,44.0
ORD-105514,Chinese,Starter,Hot and Sour Soup,1,24.0,24.0
ORD-105515,Italian,Main,Fettuccine Alfredo,1,48.0,48.0
ORD-105515,Italian,Starter,Bruschetta,1,26.0,26.0
ORD-105515,Italian,Dessert,Tiramisu,1,30.0,30.0
ORD-105515,Italian,Beverage,Italian Lemon Soda,1,18.0,18.0
ORD-105516,Chinese,Main,Veg Hakka Noodles,1,32.0,32.0
ORD-105516,Chinese,Side,Steamed Rice,1,10.0,10.0
ORD-105516,Chinese,Beverage,Jasmine Tea,1,12.0,12.0
ORD-105517,Italian,Main,Margherita Pizza,1,45.0,45.0
ORD-105518,Indian,Main,Butter Chicken,1,45.0,45.0
ORD-105518,Indian,Side,Garlic Naan,1,8.0,8.0
ORD-105519,Continental,Main,Grilled Chicken with Mash,1,52.0,52.0
ORD-105519,Continental,Side,French Fries,1,16.0,16.0
ORD-105519,Italian,Dessert,Tiramisu,1,30.0,30.0
ORD-105519,Continental,Beverage,Chocolate Milkshake,1,22.0,22.0
ORD-105520,Indian,Main,Butter Chicken,1,45.0,45.0
ORD-105520,Indian,Main,Mutton Biryani,1,52.0,52.0
ORD-105520,Indian,Dessert,Gulab Jamun,1,18.0,18.0
ORD-105520,Indian,Beverage,Mango Lassi,2,16.0,32.0
ORD-105521,Italian,Main,Beef Lasagna,1,55.0,55.0
ORD-105521,Italian,Main,Margherita Pizza,1,45.0,45.0
ORD-105521,Italian,Main,Fettuccine Alfredo,1,48.0,48.0
ORD-105522,Italian,Main,Beef Lasagna,1,55.0,55.0
ORD-105522,Italian,Starter,Bruschetta,1,26.0,26.0
ORD-105522,Italian,Side,Garlic Bread,1,18.0,18.0
ORD-105523,Continental,Main,Fish and Chips,1,50.0,50.0
ORD-105523,Continental,Beverage,Chocolate Milkshake,1,22.0,22.0
ORD-105524,Indian,Main,Dal Makhani,1,32.0,32.0
ORD-105524,Indian,Starter,Paneer Tikka,1,32.0,32.0
ORD-105525,Indian,Main,Chicken Biryani,1,42.0,42.0
ORD-105525,Indian,Main,Butter Chicken,1,45.0,45.0
ORD-105525,Indian,Side,Garlic Naan,2,8.0,16.0
ORD-105526,Italian,Main,Fettuccine Alfredo,2,48.0,96.0
ORD-105526,Italian,Main,Margherita Pizza,1,45.0,45.0
ORD-105526,Italian,Starter,Bruschetta,1,26.0,26.0
ORD-105526,Italian,Side,Garlic Bread,3,18.0,54.0
ORD-105527,Indian,Main,Chicken Biryani,1,42.0,42.0
ORD-105527,Indian,Starter,Paneer Tikka,1,32.0,32.0
ORD-105527,Indian,Side,Jeera Rice,1,14.0,14.0
ORD-105527,Indian,Beverage,Mango Lassi,1,16.0,16.0
ORD-105528,Italian,Main,Penne Arrabbiata,1,42.0,42.0
ORD-105528,Italian,Starter,Bruschetta,1,26.0,26.0
ORD-105529,Italian,Main,Penne Arrabbiata,1,42.0,42.0
ORD-105529,Italian,Starter,Bruschetta,1,26.0,26.0
ORD-105530,Italian,Main,Margherita Pizza,1,45.0,45.0
ORD-105530,Italian,Starter,Caesar Salad,1,32.0,32.0
ORD-105530,Italian,Side,Garlic Bread,1,18.0,18.0
ORD-105531,Indian,Main,Palak Paneer,1,34.0,34.0
ORD-105531,Indian,Starter,Paneer Tikka,1,32.0,32.0
ORD-105531,Indian,Side,Garlic Naan,1,8.0,8.0
ORD-105532,Arabic,Main,Mixed Grill,1,75.0,75.0
ORD-105532,Arabic,Starter,Fattoush,1,24.0,24.0
ORD-105532,Arabic,Side,Arabic Rice,1,12.0,12.0
ORD-105532,Arabic,Beverage,Mint Lemonade,1,18.0,18.0
ORD-105533,Italian,Main,Margherita Pizza,2,45.0,90.0
ORD-105533,Italian,Dessert,Tiramisu,1,30.0,30.0
ORD-105533,Italian,Beverage,Italian Lemon Soda,1,18.0,18.0
ORD-105534,Chinese,Main,Veg Hakka Noodles,1,32.0,32.0
ORD-105534,Chinese,Main,Kung Pao Chicken,1,44.0,44.0
ORD-105535,Arabic,Main,Chicken Machboos,1,48.0,48.0
ORD-105535,Arabic,Beverage,Mint Lemonade,1,18.0,18.0
ORD-105536,Italian,Main,Margherita Pizza,1,45.0,45.0
ORD-105536,Italian,Main,Beef Lasagna,1,55.0,55.0
ORD-105536,Italian,Starter,Bruschetta,1,26.0,26.0
ORD-105536,Italian,Beverage,Italian Lemon Soda,2,18.0,36.0
ORD-105537,Chinese,Main,Szechuan Beef,1,52.0,52.0
ORD-105537,Italian,Beverage,Italian Lemon Soda,1,18.0,18.0
ORD-105538,Continental,Main,Classic Beef Burger,1,48.0,48.0
ORD-105539,Italian,Main,Margherita Pizza,1,45.0,45.0
ORD-105539,Italian,Starter,Bruschetta,1,26.0,26.0
ORD-105539,Italian,Side,Garlic Bread,1,18.0,18.0
ORD-105540,Indian,Main,Dal Makhani,1,32.0,32.0
ORD-105540,Indian,Starter,Paneer Tikka,1,32.0,32.0
ORD-105540,Indian,Side,Garlic Naan,1,8.0,8.0
ORD-105541,Italian,Main,Fettuccine Alfredo,1,48.0,48.0
ORD-105542,Italian,Main,Fettuccine Alfredo,1,48.0,48.0
ORD-105542,Indian,Starter,Paneer Tikka,1,32.0,32.0
ORD-105542,Italian,Beverage,Italian Lemon Soda,1,18.0,18.0
ORD-105543,Italian,Main,Margherita Pizza,2,45.0,90.0
ORD-105543,Italian,Starter,Caesar Salad,1,32.0,32.0
ORD-105543,Italian,Dessert,Tiramisu,1,30.0,30.0
ORD-105544,Continental,Main,Grilled Chicken with Mash,1,52.0,52.0
ORD-105544,Continental,Starter,Soup of the Day,1,22.0,22.0
ORD-105544,Continental,Dessert,Chocolate Brownie,1,24.0,24.0
ORD-105545,Indian,Main,Chicken Biryani,2,42.0,84.0
ORD-105545,Indian,Side,Garlic Naan,2,8.0,16.0
ORD-105546,Arabic,Main,Falafel Wrap,1,22.0,22.0
ORD-105546,Arabic,Main,Chicken Shawarma Plate,1,38.0,38.0
ORD-105547,Italian,Main,Fettuccine Alfredo,1,48.0,48.0
ORD-105547,Italian,Side,Garlic Bread,1,18.0,18.0
ORD-105547,Italian,Dessert,Tiramisu,1,30.0,30.0
ORD-105547,Italian,Beverage,Italian Lemon Soda,1,18.0,18.0
ORD-105548,Chinese,Main,Kung Pao Chicken,1,44.0,44.0
ORD-105548,Chinese,Beverage,Jasmine Tea,1,12.0,12.0
ORD-105549,Continental,Main,Classic Beef Burger,1,48.0,48.0
ORD-105549,Continental,Starter,Chicken Wings,1,34.0,34.0
ORD-105549,Continental,Side,French Fries,1,16.0,16.0
ORD-105550,Chinese,Main,Chicken Manchurian,1,38.0,38.0
ORD-105551,Indian,Main,Dal Makhani,1,32.0,32.0
ORD-105551,Indian,Side,Jeera Rice,1,14.0,14.0
ORD-105552,Arabic,Main,Chicken Machboos,1,48.0,48.0
ORD-105552,Arabic,Starter,Hummus,1,22.0,22.0
ORD-105552,Arabic,Dessert,Kunafa,1,28.0,28.0
ORD-105553,Italian,Main,Penne Arrabbiata,1,42.0,42.0
ORD-105553,Italian,Beverage,Italian Lemon Soda,1,18.0,18.0
ORD-105554,Indian,Main,Mutton Biryani,1,52.0,52.0
ORD-105554,Indian,Starter,Paneer Tikka,1,32.0,32.0
ORD-105555,Italian,Main,Pepperoni Pizza,1,52.0,52.0
ORD-105555,Italian,Side,Garlic Bread,1,18.0,18.0
ORD-105555,Indian,Beverage,Mango Lassi,1,16.0,16.0
ORD-105556,Chinese,Main,Chicken Fried Rice,1,34.0,34.0
ORD-105556,Chinese,Main,Chicken Manchurian,1,38.0,38.0
ORD-105557,Indian,Main,Chicken Biryani,1,42.0,42.0
ORD-105557,Indian,Starter,Chicken Tikka,1,36.0,36.0
ORD-105557,Indian,Side,Garlic Naan,1,8.0,8.0
ORD-105557,Indian,Beverage,Mango Lassi,1,16.0,16.0
ORD-105558,Italian,Main,Pepperoni Pizza,1,52.0,52.0
ORD-105558,Italian,Starter,Caesar Salad,1,32.0,32.0
ORD-105559,Arabic,Main,Mixed Grill,1,75.0,75.0
ORD-105559,Arabic,Starter,Hummus,1,22.0,22.0
ORD-105559,Arabic,Beverage,Mint Lemonade,1,18.0,18.0
ORD-105560,Arabic,Main,Lamb Mandi,1,62.0,62.0
ORD-105560,Arabic,Main,Mixed Grill,1,75.0,75.0
ORD-105560,Arabic,Starter,Hummus,1,22.0,22.0
ORD-105560,Arabic,Side,Arabic Rice,1,12.0,12.0
ORD-105560,Arabic,Beverage,Mint Lemonade,1,18.0,18.0
ORD-105561,Italian,Main,Margherita Pizza,1,45.0,45.0
ORD-105561,Italian,Starter,Caesar Salad,1,32.0,32.0
ORD-105561,Italian,Side,Garlic Bread,1,18.0,18.0
ORD-105562,Continental,Main,Grilled Chicken Burger,1,42.0,42.0
ORD-105562,Continental,Main,Grilled Salmon,1,78.0,78.0
ORD-105562,Continental,Starter,Soup of the Day,1,22.0,22.0
ORD-105562,Continental,Dessert,New York Cheesecake,1,28.0,28.0
ORD-105563,Arabic,Main,Falafel Wrap,2,22.0,44.0
ORD-105564,Indian,Main,Palak Paneer,1,34.0,34.0
ORD-105564,Indian,Side,Garlic Naan,1,8.0,8.0
ORD-105565,Indian,Main,Palak Paneer,1,34.0,34.0
ORD-105565,Indian,Side,Jeera Rice,1,14.0,14.0
ORD-105565,Indian,Dessert,Gulab Jamun,1,18.0,18.0
ORD-105565,Chinese,Beverage,Jasmine Tea,1,12.0,12.0
ORD-105566,Arabic,Main,Mixed Grill,1,75.0,75.0
ORD-105566,Arabic,Main,Chicken Shawarma Plate,1,38.0,38.0
ORD-105566,Arabic,Main,Falafel Wrap,1,22.0,22.0
ORD-105566,Arabic,Starter,Hummus,1,22.0,22.0
ORD-105566,Arabic,Beverage,Mint Lemonade,1,18.0,18.0
ORD-105567,Italian,Main,Beef Lasagna,1,55.0,55.0
ORD-105567,Italian,Main,Pepperoni Pizza,1,52.0,52.0
ORD-105567,Italian,Starter,Caesar Salad,1,32.0,32.0
ORD-105568,Italian,Main,Margherita Pizza,1,45.0,45.0
ORD-105568,Italian,Starter,Bruschetta,1,26.0,26.0
ORD-105569,Italian,Main,Beef Lasagna,1,55.0,55.0
ORD-105569,Italian,Beverage,Italian Lemon Soda,1,18.0,18.0
ORD-105570,Italian,Main,Pepperoni Pizza,1,52.0,52.0
ORD-105570,Italian,Starter,Caesar Salad,1,32.0,32.0
ORD-105570,Italian,Beverage,Italian Lemon Soda,1,18.0,18.0
ORD-105571,Chinese,Main,Kung Pao Chicken,1,44.0,44.0
ORD-105571,Chinese,Side,Steamed Rice,1,10.0,10.0
ORD-105571,Arabic,Beverage,Mint Lemonade,1,18.0,18.0
ORD-105572,Italian,Main,Fettuccine Alfredo,1,48.0,48.0
ORD-105572,Italian,Main,Pepperoni Pizza,1,52.0,52.0
ORD-105572,Italian,Beverage,Italian Lemon Soda,2,18.0,36.0
ORD-105573,Italian,Main,Penne Arrabbiata,1,42.0,42.0
ORD-105573,Italian,Main,Margherita Pizza,1,45.0,45.0
ORD-105573,Italian,Dessert,Tiramisu,1,30.0,30.0
ORD-105573,Italian,Beverage,Italian Lemon Soda,1,18.0,18.0
ORD-105574,Italian,Main,Penne Arrabbiata,1,42.0,42.0
ORD-105575,Indian,Main,Butter Chicken,1,45.0,45.0
ORD-105575,Indian,Side,Garlic Naan,1,8.0,8.0
ORD-105576,Italian,Main,Margherita Pizza,1,45.0,45.0
ORD-105576,Italian,Starter,Bruschetta,1,26.0,26.0
ORD-105577,Italian,Main,Margherita Pizza,1,45.0,45.0
ORD-105577,Italian,Starter,Caesar Salad,1,32.0,32.0
ORD-105578,Indian,Main,Mutton Biryani,1,52.0,52.0
ORD-105578,Indian,Side,Garlic Naan,1,8.0,8.0
ORD-105579,Continental,Main,Grilled Chicken Burger,1,42.0,42.0
ORD-105579,Chinese,Main,Veg Hakka Noodles,1,32.0,32.0
ORD-105579,Continental,Starter,Chicken Wings,1,34.0,34.0
ORD-105580,Arabic,Main,Chicken Shawarma Plate,1,38.0,38.0
ORD-105581,Arabic,Main,Chicken Machboos,1,48.0,48.0
ORD-105581,Arabic,Main,Mixed Grill,2,75.0,150.0
ORD-105582,Continental,Main,Classic Beef Burger,1,48.0,48.0
ORD-105582,Continental,Starter,Chicken Wings,1,34.0,34.0
ORD-105582,Continental,Beverage,Chocolate Milkshake,1,22.0,22.0
ORD-105583,Arabic,Main,Falafel Wrap,1,22.0,22.0
ORD-105583,Chinese,Main,Chicken Fried Rice,1,34.0,34.0
ORD-105583,Arabic,Starter,Hummus,1,22.0,22.0
ORD-105583,Arabic,Dessert,Umm Ali,1,26.0,26.0
ORD-105583,Arabic,Beverage,Mint Lemonade,2,18.0,36.0
ORD-105584,Indian,Main,Chicken Biryani,2,42.0,84.0
ORD-105584,Indian,Starter,Chicken Tikka,1,36.0,36.0
ORD-105584,Indian,Side,Garlic Naan,2,8.0,16.0
ORD-105584,Indian,Dessert,Gulab Jamun,1,18.0,18.0
ORD-105585,Arabic,Main,Chicken Machboos,1,48.0,48.0
ORD-105585,Arabic,Starter,Mutabbal,1,22.0,22.0
ORD-105585,Arabic,Side,Arabic Rice,1,12.0,12.0
ORD-105586,Chinese,Main,Kung Pao Chicken,1,44.0,44.0
ORD-105586,Chinese,Side,Steamed Rice,1,10.0,10.0
ORD-105587,Arabic,Main,Chicken Shawarma Plate,1,38.0,38.0
ORD-105587,Arabic,Starter,Hummus,1,22.0,22.0
ORD-105587,Arabic,Side,Arabic Rice,1,12.0,12.0
ORD-105588,Indian,Main,Butter Chicken,1,45.0,45.0
ORD-105588,Indian,Starter,Chicken Tikka,1,36.0,36.0
ORD-105588,Indian,Dessert,Gulab Jamun,1,18.0,18.0
ORD-105588,Indian,Beverage,Mango Lassi,1,16.0,16.0
ORD-105589,Arabic,Main,Lamb Mandi,1,62.0,62.0
ORD-105589,Arabic,Main,Falafel Wrap,1,22.0,22.0
ORD-105589,Italian,Main,Margherita Pizza,1,45.0,45.0
ORD-105590,Indian,Main,Butter Chicken,1,45.0,45.0
ORD-105590,Indian,Side,Garlic Naan,1,8.0,8.0
ORD-105591,Indian,Main,Butter Chicken,2,45.0,90.0
ORD-105591,Indian,Starter,Vegetable Samosa,1,16.0,16.0
ORD-105591,Indian,Side,Garlic Naan,2,8.0,16.0
ORD-105592,Continental,Main,Grilled Salmon,1,78.0,78.0
ORD-105592,Continental,Dessert,Chocolate Brownie,1,24.0,24.0
ORD-105593,Arabic,Main,Chicken Machboos,1,48.0,48.0
ORD-105593,Indian,Starter,Paneer Tikka,1,32.0,32.0
ORD-105593,Arabic,Dessert,Kunafa,1,28.0,28.0
ORD-105594,Indian,Main,Butter Chicken,1,45.0,45.0
ORD-105594,Indian,Dessert,Gulab Jamun,1,18.0,18.0
ORD-105595,Arabic,Main,Chicken Shawarma Plate,1,38.0,38.0
ORD-105595,Arabic,Starter,Fattoush,1,24.0,24.0
ORD-105595,Arabic,Side,Arabic Rice,1,12.0,12.0
ORD-105596,Italian,Main,Fettuccine Alfredo,1,48.0,48.0
ORD-105596,Italian,Main,Margherita Pizza,1,45.0,45.0
ORD-105596,Italian,Starter,Caesar Salad,1,32.0,32.0
ORD-105597,Italian,Main,Pepperoni Pizza,1,52.0,52.0
ORD-105597,Italian,Main,Margherita Pizza,1,45.0,45.0
ORD-105597,Italian,Dessert,Tiramisu,1,30.0,30.0
ORD-105597,Italian,Beverage,Italian Lemon Soda,1,18.0,18.0
ORD-105598,Indian,Main,Butter Chicken,1,45.0,45.0
ORD-105598,Indian,Starter,Chicken Tikka,1,36.0,36.0
ORD-105598,Indian,Side,Jeera Rice,1,14.0,14.0
ORD-105599,Italian,Main,Margherita Pizza,1,45.0,45.0
ORD-105599,Italian,Main,Fettuccine Alfredo,1,48.0,48.0
ORD-105599,Indian,Starter,Paneer Tikka,1,32.0,32.0
ORD-105600,Indian,Main,Chicken Biryani,1,42.0,42.0
ORD-105600,Indian,Starter,Vegetable Samosa,1,16.0,16.0
ORD-105600,Indian,Side,Garlic Naan,1,8.0,8.0
ORD-105600,Indian,Dessert,Gulab Jamun,1,18.0,18.0
ORD-105601,Chinese,Main,Chicken Fried Rice,2,34.0,68.0
ORD-105601,Chinese,Main,Kung Pao Chicken,1,44.0,44.0
ORD-105601,Continental,Starter,Chicken Wings,1,34.0,34.0
ORD-105601,Chinese,Side,Steamed Rice,2,10.0,20.0
ORD-105602,Chinese,Main,Chicken Fried Rice,1,34.0,34.0
ORD-105602,Chinese,Starter,Hot and Sour Soup,1,24.0,24.0
ORD-105602,Chinese,Beverage,Jasmine Tea,1,12.0,12.0
ORD-105603,Indian,Main,Butter Chicken,2,45.0,90.0
ORD-105603,Indian,Main,Chicken Biryani,1,42.0,42.0
ORD-105603,Indian,Side,Jeera Rice,2,14.0,28.0
ORD-105603,Indian,Beverage,Mango Lassi,1,16.0,16.0
ORD-105604,Chinese,Main,Kung Pao Chicken,1,44.0,44.0
ORD-105604,Chinese,Main,Chicken Fried Rice,1,34.0,34.0
ORD-105604,Chinese,Dessert,Mango Pudding,1,20.0,20.0
ORD-105604,Chinese,Beverage,Jasmine Tea,2,12.0,24.0
ORD-105605,Indian,Main,Chicken Biryani,1,42.0,42.0
ORD-105605,Indian,Side,Garlic Naan,1,8.0,8.0
ORD-105606,Indian,Main,Dal Makhani,2,32.0,64.0
ORD-105606,Indian,Main,Butter Chicken,1,45.0,45.0
ORD-105606,Indian,Side,Garlic Naan,2,8.0,16.0
ORD-105607,Italian,Main,Penne Arrabbiata,1,42.0,42.0
ORD-105607,Italian,Beverage,Italian Lemon Soda,1,18.0,18.0
ORD-105608,Chinese,Main,Chicken Manchurian,1,38.0,38.0
ORD-105608,Chinese,Beverage,Jasmine Tea,1,12.0,12.0
ORD-105609,Italian,Main,Fettuccine Alfredo,1,48.0,48.0
ORD-105609,Continental,Starter,Soup of the Day,1,22.0,22.0
ORD-105610,Indian,Main,Chicken Biryani,1,42.0,42.0
ORD-105610,Indian,Main,Butter Chicken,1,45.0,45.0
ORD-105610,Indian,Side,Garlic Naan,1,8.0,8.0
ORD-105611,Continental,Main,Classic Beef Burger,1,48.0,48.0
ORD-105611,Italian,Beverage,Italian Lemon Soda,1,18.0,18.0
ORD-105612,Italian,Main,Margherita Pizza,1,45.0,45.0
ORD-105613,Chinese,Main,Chicken Fried Rice,1,34.0,34.0
ORD-105613,Chinese,Dessert,Mango Pudding,1,20.0,20.0
ORD-105614,Indian,Main,Butter Chicken,1,45.0,45.0
ORD-105614,Indian,Starter,Vegetable Samosa,1,16.0,16.0
ORD-105614,Indian,Side,Garlic Naan,1,8.0,8.0
ORD-105615,Indian,Main,Dal Makhani,1,32.0,32.0
ORD-105615,Indian,Side,Jeera Rice,1,14.0,14.0
ORD-105615,Indian,Beverage,Mango Lassi,1,16.0,16.0
ORD-105616,Arabic,Main,Chicken Shawarma Plate,1,38.0,38.0
ORD-105617,Italian,Main,Fettuccine Alfredo,1,48.0,48.0
ORD-105617,Italian,Starter,Bruschetta,1,26.0,26.0
ORD-105618,Indian,Main,Palak Paneer,1,34.0,34.0
ORD-105618,Indian,Side,Jeera Rice,1,14.0,14.0
ORD-105619,Chinese,Main,Chicken Fried Rice,2,34.0,68.0
ORD-105619,Chinese,Main,Veg Hakka Noodles,1,32.0,32.0
ORD-105619,Chinese,Starter,Chicken Dim Sum,1,34.0,34.0
ORD-105619,Chinese,Side,Steamed Rice,1,10.0,10.0
ORD-105620,Indian,Main,Butter Chicken,1,45.0,45.0
ORD-105620,Indian,Side,Garlic Naan,1,8.0,8.0
ORD-105621,Indian,Main,Mutton Biryani,1,52.0,52.0
ORD-105621,Indian,Starter,Paneer Tikka,1,32.0,32.0
ORD-105621,Indian,Side,Jeera Rice,1,14.0,14.0
ORD-105621,Indian,Beverage,Mango Lassi,1,16.0,16.0
ORD-105622,Indian,Main,Chicken Biryani,1,42.0,42.0
ORD-105622,Indian,Starter,Chicken Tikka,1,36.0,36.0
ORD-105622,Indian,Side,Jeera Rice,1,14.0,14.0
ORD-105622,Indian,Beverage,Mango Lassi,1,16.0,16.0
ORD-105623,Continental,Main,Fish and Chips,1,50.0,50.0
ORD-105623,Continental,Main,Grilled Chicken with Mash,1,52.0,52.0
ORD-105624,Continental,Main,Grilled Chicken with Mash,1,52.0,52.0
ORD-105624,Continental,Starter,Chicken Wings,1,34.0,34.0
ORD-105624,Continental,Dessert,New York Cheesecake,1,28.0,28.0
ORD-105625,Arabic,Main,Falafel Wrap,1,22.0,22.0
ORD-105625,Arabic,Starter,Mutabbal,1,22.0,22.0
ORD-105625,Arabic,Dessert,Kunafa,1,28.0,28.0
ORD-105625,Arabic,Beverage,Mint Lemonade,1,18.0,18.0
ORD-105626,Arabic,Main,Chicken Machboos,1,48.0,48.0
ORD-105626,Arabic,Starter,Fattoush,1,24.0,24.0
ORD-105626,Arabic,Dessert,Umm Ali,1,26.0,26.0
ORD-105627,Chinese,Main,Chicken Fried Rice,1,34.0,34.0
ORD-105627,Chinese,Starter,Hot and Sour Soup,1,24.0,24.0
ORD-105628,Chinese,Main,Chicken Manchurian,1,38.0,38.0
ORD-105628,Chinese,Side,Steamed Rice,1,10.0,10.0
ORD-105629,Arabic,Main,Chicken Machboos,2,48.0,96.0
ORD-105629,Arabic,Beverage,Mint Lemonade,2,18.0,36.0
ORD-105630,Arabic,Main,Chicken Shawarma Plate,2,38.0,76.0
ORD-105631,Arabic,Main,Chicken Shawarma Plate,2,38.0,76.0
ORD-105631,Arabic,Main,Chicken Machboos,1,48.0,48.0
ORD-105632,Italian,Main,Penne Arrabbiata,1,42.0,42.0
ORD-105632,Italian,Main,Beef Lasagna,1,55.0,55.0
ORD-105632,Italian,Starter,Bruschetta,1,26.0,26.0
ORD-105632,Italian,Beverage,Italian Lemon Soda,2,18.0,36.0
ORD-105633,Continental,Main,Classic Beef Burger,1,48.0,48.0
ORD-105633,Continental,Starter,Chicken Wings,1,34.0,34.0
ORD-105634,Continental,Main,Grilled Chicken Burger,1,42.0,42.0
ORD-105634,Continental,Starter,Soup of the Day,1,22.0,22.0
ORD-105635,Italian,Main,Penne Arrabbiata,1,42.0,42.0
ORD-105635,Italian,Dessert,Tiramisu,1,30.0,30.0
ORD-105636,Italian,Main,Penne Arrabbiata,1,42.0,42.0
ORD-105636,Italian,Main,Beef Lasagna,1,55.0,55.0
ORD-105636,Italian,Starter,Bruschetta,1,26.0,26.0
ORD-105636,Italian,Side,Garlic Bread,1,18.0,18.0
ORD-105636,Italian,Beverage,Italian Lemon Soda,2,18.0,36.0
ORD-105637,Continental,Main,Grilled Chicken with Mash,1,52.0,52.0
ORD-105638,Italian,Main,Margherita Pizza,2,45.0,90.0
ORD-105638,Italian,Starter,Caesar Salad,1,32.0,32.0
ORD-105639,Continental,Main,Classic Beef Burger,2,48.0,96.0
ORD-105639,Continental,Starter,Chicken Wings,1,34.0,34.0
ORD-105639,Continental,Side,French Fries,1,16.0,16.0
ORD-105640,Continental,Main,Grilled Salmon,1,78.0,78.0
ORD-105640,Continental,Main,Fish and Chips,1,50.0,50.0
ORD-105640,Continental,Starter,Chicken Wings,1,34.0,34.0
ORD-105640,Continental,Side,French Fries,1,16.0,16.0
ORD-105640,Continental,Beverage,Chocolate Milkshake,2,22.0,44.0
ORD-105641,Italian,Main,Pepperoni Pizza,1,52.0,52.0
ORD-105641,Italian,Dessert,Tiramisu,1,30.0,30.0
ORD-105642,Chinese,Main,Kung Pao Chicken,1,44.0,44.0
ORD-105642,Arabic,Starter,Mutabbal,1,22.0,22.0
ORD-105643,Indian,Main,Butter Chicken,1,45.0,45.0
ORD-105644,Italian,Main,Pepperoni Pizza,1,52.0,52.0
ORD-105645,Chinese,Main,Veg Hakka Noodles,1,32.0,32.0
ORD-105645,Chinese,Beverage,Jasmine Tea,1,12.0,12.0
ORD-105646,Chinese,Main,Chicken Manchurian,2,38.0,76.0
ORD-105646,Chinese,Side,Steamed Rice,2,10.0,20.0
ORD-105647,Continental,Main,Grilled Chicken Burger,1,42.0,42.0
ORD-105647,Continental,Main,Fish and Chips,1,50.0,50.0
ORD-105647,Continental,Side,French Fries,2,16.0,32.0
ORD-105647,Continental,Beverage,Chocolate Milkshake,1,22.0,22.0
ORD-105648,Chinese,Main,Veg Hakka Noodles,1,32.0,32.0
ORD-105648,Chinese,Starter,Spring Rolls,1,22.0,22.0
ORD-105648,Chinese,Dessert,Mango Pudding,1,20.0,20.0
ORD-105649,Arabic,Main,Lamb Mandi,1,62.0,62.0
ORD-105649,Arabic,Starter,Hummus,1,22.0,22.0
ORD-105649,Arabic,Side,Arabic Rice,1,12.0,12.0
ORD-105650,Indian,Main,Mutton Biryani,1,52.0,52.0
ORD-105650,Indian,Starter,Vegetable Samosa,1,16.0,16.0
ORD-105650,Indian,Side,Jeera Rice,1,14.0,14.0
ORD-105650,Indian,Beverage,Mango Lassi,1,16.0,16.0
ORD-105651,Continental,Main,Fish and Chips,2,50.0,100.0
ORD-105652,Italian,Main,Penne Arrabbiata,1,42.0,42.0
ORD-105652,Italian,Main,Margherita Pizza,1,45.0,45.0
ORD-105652,Italian,Side,Garlic Bread,2,18.0,36.0
ORD-105653,Arabic,Main,Chicken Machboos,1,48.0,48.0
ORD-105653,Arabic,Starter,Fattoush,1,24.0,24.0
ORD-105653,Arabic,Beverage,Mint Lemonade,1,18.0,18.0
ORD-105654,Arabic,Main,Chicken Shawarma Plate,1,38.0,38.0
ORD-105654,Arabic,Starter,Mutabbal,1,22.0,22.0
ORD-105654,Arabic,Dessert,Umm Ali,1,26.0,26.0
ORD-105655,Indian,Main,Butter Chicken,1,45.0,45.0
ORD-105655,Indian,Starter,Chicken Tikka,1,36.0,36.0
ORD-105656,Indian,Main,Butter Chicken,2,45.0,90.0
ORD-105656,Indian,Main,Chicken Biryani,2,42.0,84.0
ORD-105656,Indian,Starter,Chicken Tikka,1,36.0,36.0
ORD-105656,Indian,Side,Garlic Naan,3,8.0,24.0
ORD-105656,Indian,Dessert,Gulab Jamun,1,18.0,18.0
ORD-105656,Indian,Beverage,Mango Lassi,2,16.0,32.0
ORD-105657,Chinese,Main,Szechuan Beef,1,52.0,52.0
ORD-105657,Chinese,Side,Steamed Rice,1,10.0,10.0
ORD-105658,Continental,Main,Grilled Chicken Burger,1,42.0,42.0
ORD-105658,Continental,Main,Grilled Chicken with Mash,1,52.0,52.0
ORD-105658,Continental,Dessert,Chocolate Brownie,1,24.0,24.0
ORD-105659,Arabic,Main,Mixed Grill,1,75.0,75.0
ORD-105659,Continental,Main,Fish and Chips,1,50.0,50.0
ORD-105659,Arabic,Main,Falafel Wrap,1,22.0,22.0
ORD-105659,Arabic,Beverage,Mint Lemonade,1,18.0,18.0
ORD-105660,Continental,Main,Grilled Chicken with Mash,1,52.0,52.0
ORD-105660,Continental,Main,Fish and Chips,1,50.0,50.0
ORD-105660,Continental,Starter,Chicken Wings,1,34.0,34.0
ORD-105660,Continental,Dessert,Chocolate Brownie,1,24.0,24.0
ORD-105661,Arabic,Main,Falafel Wrap,1,22.0,22.0
ORD-105661,Arabic,Side,Arabic Rice,1,12.0,12.0
ORD-105662,Continental,Main,Grilled Chicken with Mash,1,52.0,52.0
ORD-105662,Continental,Main,Classic Beef Burger,2,48.0,96.0
ORD-105662,Continental,Starter,Soup of the Day,1,22.0,22.0
ORD-105662,Continental,Side,French Fries,1,16.0,16.0
ORD-105662,Continental,Beverage,Chocolate Milkshake,2,22.0,44.0
ORD-105663,Italian,Main,Fettuccine Alfredo,1,48.0,48.0
ORD-105663,Italian,Side,Garlic Bread,1,18.0,18.0
ORD-105663,Italian,Dessert,Tiramisu,1,30.0,30.0
ORD-105663,Italian,Beverage,Italian Lemon Soda,1,18.0,18.0
ORD-105664,Continental,Main,Grilled Salmon,1,78.0,78.0
ORD-105664,Continental,Main,Grilled Chicken Burger,1,42.0,42.0
ORD-105665,Indian,Main,Chicken Biryani,1,42.0,42.0
ORD-105665,Indian,Side,Garlic Naan,1,8.0,8.0
ORD-105665,Indian,Beverage,Mango Lassi,1,16.0,16.0
ORD-105666,Arabic,Main,Lamb Mandi,1,62.0,62.0
ORD-105666,Arabic,Main,Chicken Machboos,1,48.0,48.0
ORD-105666,Arabic,Starter,Fattoush,1,24.0,24.0
ORD-105667,Indian,Main,Dal Makhani,1,32.0,32.0
ORD-105667,Indian,Starter,Chicken Tikka,1,36.0,36.0
ORD-105667,Indian,Side,Garlic Naan,1,8.0,8.0
ORD-105667,Indian,Beverage,Mango Lassi,1,16.0,16.0
ORD-105668,Continental,Main,Fish and Chips,1,50.0,50.0
ORD-105668,Continental,Main,Grilled Chicken with Mash,1,52.0,52.0
ORD-105668,Continental,Starter,Soup of the Day,1,22.0,22.0
ORD-105669,Indian,Main,Chicken Biryani,1,42.0,42.0
ORD-105669,Indian,Main,Butter Chicken,1,45.0,45.0
ORD-105669,Indian,Side,Garlic Naan,1,8.0,8.0
ORD-105669,Indian,Dessert,Gulab Jamun,1,18.0,18.0
ORD-105669,Indian,Beverage,Mango Lassi,2,16.0,32.0
ORD-105670,Continental,Main,Grilled Salmon,1,78.0,78.0
ORD-105670,Continental,Starter,Soup of the Day,1,22.0,22.0
ORD-105671,Arabic,Main,Chicken Shawarma Plate,1,38.0,38.0
ORD-105672,Italian,Main,Beef Lasagna,1,55.0,55.0
ORD-105672,Italian,Dessert,Tiramisu,1,30.0,30.0
ORD-105673,Indian,Main,Palak Paneer,1,34.0,34.0
ORD-105673,Chinese,Main,Chicken Fried Rice,1,34.0,34.0
ORD-105673,Indian,Side,Garlic Naan,1,8.0,8.0
ORD-105674,Arabic,Main,Falafel Wrap,1,22.0,22.0
ORD-105674,Arabic,Side,Arabic Rice,1,12.0,12.0
ORD-105674,Arabic,Beverage,Mint Lemonade,1,18.0,18.0
ORD-105675,Indian,Main,Dal Makhani,1,32.0,32.0
ORD-105676,Arabic,Main,Mixed Grill,1,75.0,75.0
ORD-105676,Italian,Dessert,Tiramisu,1,30.0,30.0
ORD-105677,Arabic,Main,Mixed Grill,1,75.0,75.0
ORD-105677,Arabic,Beverage,Mint Lemonade,1,18.0,18.0
ORD-105678,Arabic,Main,Chicken Shawarma Plate,2,38.0,76.0
ORD-105678,Arabic,Beverage,Mint Lemonade,1,18.0,18.0
ORD-105679,Indian,Main,Palak Paneer,1,34.0,34.0
ORD-105679,Indian,Starter,Vegetable Samosa,1,16.0,16.0
ORD-105679,Indian,Side,Garlic Naan,1,8.0,8.0
ORD-105680,Italian,Main,Penne Arrabbiata,1,42.0,42.0
ORD-105681,Arabic,Main,Chicken Shawarma Plate,1,38.0,38.0
ORD-105681,Arabic,Main,Lamb Mandi,1,62.0,62.0
ORD-105681,Continental,Starter,Chicken Wings,1,34.0,34.0
ORD-105681,Arabic,Side,Arabic Rice,2,12.0,24.0
ORD-105682,Continental,Main,Grilled Salmon,1,78.0,78.0
ORD-105682,Continental,Main,Fish and Chips,1,50.0,50.0
ORD-105682,Continental,Starter,Soup of the Day,1,22.0,22.0
ORD-105682,Continental,Side,French Fries,2,16.0,32.0
ORD-105682,Continental,Dessert,Chocolate Brownie,1,24.0,24.0
ORD-105683,Arabic,Main,Mixed Grill,1,75.0,75.0
ORD-105684,Arabic,Main,Chicken Machboos,1,48.0,48.0
ORD-105684,Arabic,Starter,Hummus,1,22.0,22.0
ORD-105684,Arabic,Side,Arabic Rice,1,12.0,12.0
ORD-105685,Indian,Main,Dal Makhani,1,32.0,32.0
ORD-105685,Indian,Side,Garlic Naan,1,8.0,8.0
ORD-105685,Indian,Beverage,Mango Lassi,1,16.0,16.0
ORD-105686,Italian,Main,Margherita Pizza,2,45.0,90.0
ORD-105686,Italian,Beverage,Italian Lemon Soda,1,18.0,18.0
ORD-105687,Italian,Main,Pepperoni Pizza,1,52.0,52.0
ORD-105688,Chinese,Main,Chicken Fried Rice,1,34.0,34.0
ORD-105688,Chinese,Beverage,Jasmine Tea,1,12.0,12.0
ORD-105689,Indian,Main,Dal Makhani,1,32.0,32.0
ORD-105689,Indian,Side,Jeera Rice,1,14.0,14.0
ORD-105690,Indian,Main,Butter Chicken,2,45.0,90.0
ORD-105690,Arabic,Main,Chicken Shawarma Plate,1,38.0,38.0
ORD-105690,Arabic,Starter,Fattoush,1,24.0,24.0
ORD-105690,Indian,Side,Garlic Naan,1,8.0,8.0
ORD-105691,Chinese,Main,Veg Hakka Noodles,1,32.0,32.0
ORD-105691,Indian,Main,Butter Chicken,1,45.0,45.0
ORD-105691,Chinese,Starter,Spring Rolls,1,22.0,22.0
ORD-105691,Indian,Beverage,Mango Lassi,1,16.0,16.0
ORD-105692,Italian,Main,Beef Lasagna,1,55.0,55.0
ORD-105692,Italian,Main,Margherita Pizza,1,45.0,45.0
ORD-105692,Italian,Side,Garlic Bread,2,18.0,36.0
ORD-105693,Arabic,Main,Mixed Grill,1,75.0,75.0
ORD-105693,Arabic,Starter,Mutabbal,1,22.0,22.0
ORD-105694,Arabic,Main,Falafel Wrap,1,22.0,22.0
ORD-105694,Italian,Main,Pepperoni Pizza,1,52.0,52.0
ORD-105694,Arabic,Starter,Mutabbal,1,22.0,22.0
ORD-105695,Indian,Main,Mutton Biryani,1,52.0,52.0
ORD-105695,Indian,Side,Jeera Rice,1,14.0,14.0
ORD-105696,Italian,Main,Beef Lasagna,2,55.0,110.0
ORD-105696,Italian,Starter,Caesar Salad,1,32.0,32.0
ORD-105697,Arabic,Main,Falafel Wrap,1,22.0,22.0
ORD-105697,Arabic,Starter,Fattoush,1,24.0,24.0
ORD-105697,Arabic,Side,Arabic Rice,1,12.0,12.0
ORD-105697,Arabic,Dessert,Kunafa,1,28.0,28.0
ORD-105698,Italian,Main,Pepperoni Pizza,1,52.0,52.0
ORD-105698,Italian,Beverage,Italian Lemon Soda,1,18.0,18.0
ORD-105699,Italian,Main,Pepperoni Pizza,1,52.0,52.0
ORD-105700,Italian,Main,Fettuccine Alfredo,1,48.0,48.0
ORD-105700,Italian,Side,Garlic Bread,1,18.0,18.0
ORD-105700,Italian,Beverage,Italian Lemon Soda,1,18.0,18.0
ORD-105701,Continental,Main,Grilled Chicken with Mash,1,52.0,52.0
ORD-105701,Continental,Main,Grilled Chicken Burger,1,42.0,42.0
ORD-105701,Continental,Starter,Chicken Wings,1,34.0,34.0
ORD-105702,Arabic,Main,Mixed Grill,1,75.0,75.0
ORD-105703,Italian,Main,Margherita Pizza,2,45.0,90.0
ORD-105703,Italian,Main,Pepperoni Pizza,1,52.0,52.0
ORD-105703,Italian,Starter,Caesar Salad,1,32.0,32.0
ORD-105703,Italian,Side,Garlic Bread,1,18.0,18.0
ORD-105703,Italian,Dessert,Tiramisu,1,30.0,30.0
ORD-105704,Chinese,Main,Chicken Fried Rice,1,34.0,34.0
ORD-105704,Chinese,Starter,Chicken Dim Sum,1,34.0,34.0
ORD-105704,Chinese,Beverage,Jasmine Tea,1,12.0,12.0
ORD-105705,Arabic,Main,Mixed Grill,1,75.0,75.0
ORD-105705,Italian,Main,Margherita Pizza,1,45.0,45.0
ORD-105706,Arabic,Main,Lamb Mandi,1,62.0,62.0
ORD-105706,Arabic,Starter,Fattoush,1,24.0,24.0
ORD-105706,Arabic,Beverage,Mint Lemonade,1,18.0,18.0
ORD-105707,Arabic,Main,Chicken Shawarma Plate,1,38.0,38.0
ORD-105707,Italian,Beverage,Italian Lemon Soda,1,18.0,18.0
ORD-105708,Indian,Main,Palak Paneer,1,34.0,34.0
ORD-105708,Indian,Side,Garlic Naan,1,8.0,8.0
ORD-105709,Arabic,Main,Chicken Machboos,2,48.0,96.0
ORD-105709,Arabic,Starter,Hummus,1,22.0,22.0
ORD-105709,Arabic,Dessert,Kunafa,1,28.0,28.0
ORD-105710,Arabic,Main,Chicken Shawarma Plate,1,38.0,38.0
ORD-105710,Arabic,Main,Chicken Machboos,2,48.0,96.0
ORD-105710,Arabic,Dessert,Kunafa,1,28.0,28.0
ORD-105710,Arabic,Beverage,Mint Lemonade,1,18.0,18.0
ORD-105711,Italian,Main,Pepperoni Pizza,1,52.0,52.0
ORD-105711,Italian,Main,Margherita Pizza,2,45.0,90.0
ORD-105711,Italian,Beverage,Italian Lemon Soda,2,18.0,36.0
ORD-105712,Indian,Main,Mutton Biryani,1,52.0,52.0
ORD-105712,Indian,Main,Palak Paneer,1,34.0,34.0
ORD-105712,Indian,Side,Jeera Rice,2,14.0,28.0
ORD-105712,Indian,Dessert,Gulab Jamun,1,18.0,18.0
ORD-105713,Italian,Main,Fettuccine Alfredo,1,48.0,48.0
ORD-105713,Italian,Starter,Bruschetta,1,26.0,26.0
ORD-105714,Continental,Main,Grilled Chicken Burger,1,42.0,42.0
ORD-105715,Chinese,Main,Veg Hakka Noodles,1,32.0,32.0
ORD-105715,Chinese,Beverage,Jasmine Tea,1,12.0,12.0
ORD-105716,Italian,Main,Fettuccine Alfredo,1,48.0,48.0
ORD-105716,Arabic,Dessert,Umm Ali,1,26.0,26.0
ORD-105717,Chinese,Main,Chicken Manchurian,1,38.0,38.0
ORD-105718,Arabic,Main,Chicken Machboos,1,48.0,48.0
ORD-105718,Arabic,Main,Chicken Shawarma Plate,1,38.0,38.0
ORD-105718,Arabic,Starter,Mutabbal,1,22.0,22.0
ORD-105718,Arabic,Side,Arabic Rice,2,12.0,24.0
ORD-105718,Arabic,Dessert,Umm Ali,1,26.0,26.0
ORD-105718,Arabic,Beverage,Mint Lemonade,1,18.0,18.0
ORD-105719,Indian,Main,Butter Chicken,1,45.0,45.0
ORD-105719,Indian,Side,Garlic Naan,1,8.0,8.0
ORD-105719,Indian,Beverage,Mango Lassi,1,16.0,16.0
ORD-105720,Indian,Main,Chicken Biryani,1,42.0,42.0
ORD-105720,Indian,Side,Jeera Rice,1,14.0,14.0
ORD-105720,Indian,Dessert,Gulab Jamun,1,18.0,18.0
ORD-105721,Italian,Main,Beef Lasagna,1,55.0,55.0
ORD-105721,Italian,Main,Pepperoni Pizza,1,52.0,52.0
ORD-105721,Italian,Dessert,Tiramisu,1,30.0,30.0
ORD-105722,Continental,Main,Grilled Salmon,1,78.0,78.0
ORD-105722,Continental,Dessert,Chocolate Brownie,1,24.0,24.0
ORD-105723,Arabic,Main,Falafel Wrap,1,22.0,22.0
ORD-105724,Italian,Main,Fettuccine Alfredo,1,48.0,48.0
ORD-105724,Italian,Main,Beef Lasagna,1,55.0,55.0
ORD-105724,Italian,Starter,Caesar Salad,1,32.0,32.0
ORD-105724,Italian,Side,Garlic Bread,2,18.0,36.0
ORD-105725,Arabic,Main,Lamb Mandi,1,62.0,62.0
ORD-105725,Arabic,Side,Arabic Rice,1,12.0,12.0
ORD-105726,Indian,Main,Chicken Biryani,2,42.0,84.0
ORD-105726,Indian,Starter,Vegetable Samosa,1,16.0,16.0
ORD-105726,Indian,Side,Garlic Naan,1,8.0,8.0
ORD-105727,Chinese,Main,Szechuan Beef,1,52.0,52.0
ORD-105727,Chinese,Main,Kung Pao Chicken,1,44.0,44.0
ORD-105727,Chinese,Main,Chicken Fried Rice,1,34.0,34.0
ORD-105727,Chinese,Starter,Chicken Dim Sum,1,34.0,34.0
ORD-105727,Chinese,Beverage,Jasmine Tea,2,12.0,24.0
ORD-105728,Arabic,Main,Lamb Mandi,1,62.0,62.0
ORD-105728,Arabic,Main,Chicken Machboos,1,48.0,48.0
ORD-105728,Arabic,Main,Mixed Grill,1,75.0,75.0
ORD-105728,Italian,Starter,Bruschetta,1,26.0,26.0
ORD-105728,Arabic,Side,Arabic Rice,1,12.0,12.0
ORD-105728,Arabic,Dessert,Kunafa,1,28.0,28.0
ORD-105728,Italian,Beverage,Italian Lemon Soda,3,18.0,54.0
ORD-105729,Italian,Main,Fettuccine Alfredo,1,48.0,48.0
ORD-105729,Italian,Side,Garlic Bread,1,18.0,18.0
ORD-105730,Continental,Main,Classic Beef Burger,1,48.0,48.0
ORD-105730,Continental,Side,French Fries,1,16.0,16.0
ORD-105731,Italian,Main,Pepperoni Pizza,1,52.0,52.0
ORD-105731,Italian,Starter,Caesar Salad,1,32.0,32.0
ORD-105731,Italian,Side,Garlic Bread,1,18.0,18.0
ORD-105731,Italian,Beverage,Italian Lemon Soda,1,18.0,18.0
ORD-105732,Continental,Main,Grilled Salmon,1,78.0,78.0
ORD-105732,Continental,Main,Classic Beef Burger,1,48.0,48.0
ORD-105732,Continental,Side,French Fries,1,16.0,16.0
ORD-105732,Continental,Dessert,New York Cheesecake,1,28.0,28.0
ORD-105733,Continental,Main,Fish and Chips,1,50.0,50.0
ORD-105733,Continental,Beverage,Chocolate Milkshake,1,22.0,22.0
ORD-105734,Indian,Main,Mutton Biryani,1,52.0,52.0
ORD-105734,Indian,Main,Dal Makhani,1,32.0,32.0
ORD-105734,Indian,Side,Garlic Naan,1,8.0,8.0
ORD-105734,Italian,Beverage,Italian Lemon Soda,2,18.0,36.0
ORD-105735,Arabic,Main,Chicken Machboos,1,48.0,48.0
ORD-105735,Arabic,Main,Lamb Mandi,1,62.0,62.0
ORD-105735,Arabic,Main,Chicken Shawarma Plate,1,38.0,38.0
ORD-105735,Arabic,Starter,Mutabbal,1,22.0,22.0
ORD-105735,Arabic,Side,Arabic Rice,1,12.0,12.0
ORD-105736,Indian,Main,Palak Paneer,1,34.0,34.0
ORD-105736,Indian,Side,Garlic Naan,1,8.0,8.0
ORD-105736,Indian,Dessert,Gulab Jamun,1,18.0,18.0
ORD-105737,Arabic,Main,Chicken Shawarma Plate,1,38.0,38.0
ORD-105737,Arabic,Starter,Mutabbal,1,22.0,22.0
ORD-105737,Arabic,Dessert,Kunafa,1,28.0,28.0
ORD-105738,Italian,Main,Margherita Pizza,1,45.0,45.0
ORD-105739,Italian,Main,Fettuccine Alfredo,1,48.0,48.0
ORD-105740,Chinese,Main,Chicken Fried Rice,1,34.0,34.0
ORD-105740,Chinese,Dessert,Mango Pudding,1,20.0,20.0
ORD-105740,Chinese,Beverage,Jasmine Tea,1,12.0,12.0
ORD-105741,Chinese,Main,Chicken Manchurian,1,38.0,38.0
ORD-105741,Chinese,Starter,Spring Rolls,1,22.0,22.0
ORD-105742,Arabic,Main,Mixed Grill,2,75.0,150.0
ORD-105742,Arabic,Main,Chicken Shawarma Plate,1,38.0,38.0
ORD-105742,Arabic,Starter,Hummus,1,22.0,22.0
ORD-105742,Arabic,Side,Arabic Rice,2,12.0,24.0
ORD-105743,Continental,Main,Grilled Salmon,1,78.0,78.0
ORD-105743,Continental,Main,Classic Beef Burger,1,48.0,48.0
ORD-105743,Continental,Side,French Fries,2,16.0,32.0
ORD-105744,Arabic,Main,Mixed Grill,1,75.0,75.0
ORD-105744,Arabic,Starter,Fattoush,1,24.0,24.0
ORD-105744,Arabic,Beverage,Mint Lemonade,1,18.0,18.0
ORD-105745,Arabic,Main,Falafel Wrap,1,22.0,22.0
ORD-105745,Arabic,Dessert,Umm Ali,1,26.0,26.0
ORD-105745,Arabic,Beverage,Mint Lemonade,1,18.0,18.0
ORD-105746,Arabic,Main,Chicken Machboos,1,48.0,48.0
ORD-105746,Arabic,Starter,Fattoush,1,24.0,24.0
ORD-105747,Italian,Main,Beef Lasagna,1,55.0,55.0
ORD-105747,Italian,Starter,Bruschetta,1,26.0,26.0
ORD-105748,Continental,Main,Fish and Chips,1,50.0,50.0
ORD-105748,Arabic,Starter,Fattoush,1,24.0,24.0
ORD-105748,Continental,Side,French Fries,1,16.0,16.0
ORD-105748,Arabic,Dessert,Kunafa,1,28.0,28.0
ORD-105749,Italian,Main,Margherita Pizza,1,45.0,45.0
ORD-105750,Italian,Main,Margherita Pizza,1,45.0,45.0
ORD-105751,Arabic,Main,Falafel Wrap,1,22.0,22.0
ORD-105751,Chinese,Dessert,Mango Pudding,1,20.0,20.0
ORD-105751,Arabic,Beverage,Mint Lemonade,1,18.0,18.0
ORD-105752,Italian,Main,Margherita Pizza,1,45.0,45.0
ORD-105752,Italian,Main,Beef Lasagna,1,55.0,55.0
ORD-105752,Italian,Side,Garlic Bread,2,18.0,36.0
ORD-105752,Italian,Dessert,Tiramisu,1,30.0,30.0
ORD-105753,Italian,Main,Fettuccine Alfredo,1,48.0,48.0
ORD-105753,Italian,Main,Beef Lasagna,1,55.0,55.0
ORD-105754,Italian,Main,Fettuccine Alfredo,2,48.0,96.0
ORD-105755,Italian,Main,Beef Lasagna,1,55.0,55.0
ORD-105755,Italian,Main,Pepperoni Pizza,1,52.0,52.0
ORD-105755,Continental,Main,Fish and Chips,1,50.0,50.0
ORD-105755,Italian,Dessert,Tiramisu,1,30.0,30.0
ORD-105756,Italian,Main,Margherita Pizza,1,45.0,45.0
ORD-105756,Arabic,Starter,Hummus,1,22.0,22.0
ORD-105756,Italian,Dessert,Tiramisu,1,30.0,30.0
ORD-105756,Arabic,Beverage,Mint Lemonade,1,18.0,18.0
ORD-105757,Indian,Main,Butter Chicken,1,45.0,45.0
ORD-105758,Chinese,Main,Chicken Fried Rice,1,34.0,34.0
ORD-105758,Italian,Dessert,Tiramisu,1,30.0,30.0
ORD-105758,Chinese,Beverage,Jasmine Tea,1,12.0,12.0
ORD-105759,Arabic,Main,Chicken Machboos,1,48.0,48.0
ORD-105759,Arabic,Starter,Fattoush,1,24.0,24.0
ORD-105759,Arabic,Side,Arabic Rice,1,12.0,12.0
ORD-105760,Arabic,Main,Chicken Shawarma Plate,1,38.0,38.0
ORD-105760,Arabic,Starter,Fattoush,1,24.0,24.0
ORD-105760,Arabic,Side,Arabic Rice,1,12.0,12.0
ORD-105760,Arabic,Beverage,Mint Lemonade,1,18.0,18.0
ORD-105761,Indian,Main,Butter Chicken,1,45.0,45.0
ORD-105761,Indian,Main,Dal Makhani,1,32.0,32.0
ORD-105761,Indian,Side,Garlic Naan,2,8.0,16.0
ORD-105761,Indian,Beverage,Mango Lassi,2,16.0,32.0
ORD-105762,Continental,Main,Classic Beef Burger,1,48.0,48.0
ORD-105762,Arabic,Main,Chicken Shawarma Plate,1,38.0,38.0
ORD-105762,Continental,Side,French Fries,1,16.0,16.0
ORD-105762,Continental,Beverage,Chocolate Milkshake,1,22.0,22.0
ORD-105763,Arabic,Main,Lamb Mandi,1,62.0,62.0
ORD-105764,Continental,Main,Grilled Chicken with Mash,1,52.0,52.0
ORD-105765,Indian,Main,Chicken Biryani,1,42.0,42.0
ORD-105765,Indian,Side,Garlic Naan,1,8.0,8.0
ORD-105765,Indian,Dessert,Gulab Jamun,1,18.0,18.0
ORD-105765,Indian,Beverage,Mango Lassi,1,16.0,16.0
ORD-105766,Arabic,Main,Chicken Machboos,1,48.0,48.0
ORD-105767,Indian,Main,Mutton Biryani,1,52.0,52.0
ORD-105767,Indian,Side,Garlic Naan,1,8.0,8.0
ORD-105767,Indian,Beverage,Mango Lassi,1,16.0,16.0
ORD-105768,Indian,Main,Butter Chicken,1,45.0,45.0
ORD-105769,Continental,Main,Grilled Salmon,1,78.0,78.0
ORD-105769,Continental,Main,Classic Beef Burger,1,48.0,48.0
ORD-105769,Continental,Dessert,New York Cheesecake,1,28.0,28.0
ORD-105769,Continental,Beverage,Chocolate Milkshake,2,22.0,44.0
ORD-105770,Indian,Main,Dal Makhani,1,32.0,32.0
ORD-105770,Indian,Side,Garlic Naan,1,8.0,8.0
ORD-105770,Indian,Beverage,Mango Lassi,1,16.0,16.0
ORD-105771,Continental,Main,Grilled Chicken Burger,1,42.0,42.0
ORD-105771,Continental,Main,Classic Beef Burger,1,48.0,48.0
ORD-105772,Italian,Main,Pepperoni Pizza,1,52.0,52.0
ORD-105772,Italian,Beverage,Italian Lemon Soda,1,18.0,18.0
ORD-105773,Indian,Main,Butter Chicken,1,45.0,45.0
ORD-105773,Indian,Starter,Chicken Tikka,1,36.0,36.0
ORD-105773,Indian,Side,Jeera Rice,1,14.0,14.0
ORD-105774,Indian,Main,Chicken Biryani,1,42.0,42.0
ORD-105774,Indian,Side,Garlic Naan,1,8.0,8.0
ORD-105775,Continental,Main,Fish and Chips,1,50.0,50.0
ORD-105775,Continental,Main,Grilled Chicken with Mash,1,52.0,52.0
ORD-105776,Indian,Main,Butter Chicken,1,45.0,45.0
ORD-105776,Indian,Starter,Paneer Tikka,1,32.0,32.0
ORD-105776,Indian,Side,Jeera Rice,1,14.0,14.0
ORD-105776,Indian,Dessert,Gulab Jamun,1,18.0,18.0
ORD-105777,Continental,Main,Classic Beef Burger,1,48.0,48.0
ORD-105777,Continental,Dessert,Chocolate Brownie,1,24.0,24.0
ORD-105778,Indian,Main,Butter Chicken,1,45.0,45.0
ORD-105778,Indian,Starter,Paneer Tikka,1,32.0,32.0
ORD-105778,Indian,Side,Jeera Rice,1,14.0,14.0
ORD-105778,Indian,Dessert,Gulab Jamun,1,18.0,18.0
ORD-105779,Chinese,Main,Szechuan Beef,2,52.0,104.0
ORD-105779,Chinese,Main,Chicken Manchurian,1,38.0,38.0
ORD-105780,Arabic,Main,Chicken Shawarma Plate,1,38.0,38.0
ORD-105780,Arabic,Beverage,Mint Lemonade,1,18.0,18.0
ORD-105781,Chinese,Main,Chicken Manchurian,1,38.0,38.0
ORD-105781,Chinese,Main,Chicken Fried Rice,1,34.0,34.0
ORD-105782,Arabic,Main,Falafel Wrap,1,22.0,22.0
ORD-105782,Arabic,Starter,Hummus,1,22.0,22.0
ORD-105782,Arabic,Beverage,Mint Lemonade,1,18.0,18.0
ORD-105783,Indian,Main,Butter Chicken,1,45.0,45.0
ORD-105783,Indian,Side,Jeera Rice,1,14.0,14.0
ORD-105783,Indian,Beverage,Mango Lassi,1,16.0,16.0
ORD-105784,Indian,Main,Butter Chicken,1,45.0,45.0
ORD-105784,Indian,Side,Garlic Naan,1,8.0,8.0
ORD-105785,Chinese,Main,Chicken Fried Rice,1,34.0,34.0
ORD-105785,Chinese,Starter,Chicken Dim Sum,1,34.0,34.0
ORD-105785,Chinese,Beverage,Jasmine Tea,1,12.0,12.0
ORD-105786,Indian,Main,Mutton Biryani,1,52.0,52.0
ORD-105786,Indian,Starter,Paneer Tikka,1,32.0,32.0
ORD-105786,Indian,Side,Garlic Naan,1,8.0,8.0
ORD-105786,Indian,Dessert,Gulab Jamun,1,18.0,18.0
ORD-105787,Indian,Main,Butter Chicken,1,45.0,45.0
ORD-105787,Indian,Starter,Vegetable Samosa,1,16.0,16.0
ORD-105787,Indian,Side,Garlic Naan,1,8.0,8.0
ORD-105788,Indian,Main,Mutton Biryani,1,52.0,52.0
ORD-105788,Indian,Main,Butter Chicken,1,45.0,45.0
ORD-105788,Indian,Starter,Vegetable Samosa,1,16.0,16.0
ORD-105788,Indian,Side,Jeera Rice,1,14.0,14.0
ORD-105789,Indian,Main,Dal Makhani,1,32.0,32.0
ORD-105789,Indian,Main,Palak Paneer,1,34.0,34.0
ORD-105789,Indian,Starter,Chicken Tikka,1,36.0,36.0
ORD-105789,Indian,Side,Garlic Naan,2,8.0,16.0
ORD-105790,Italian,Main,Margherita Pizza,1,45.0,45.0
ORD-105791,Italian,Main,Margherita Pizza,1,45.0,45.0
ORD-105791,Italian,Starter,Caesar Salad,1,32.0,32.0
ORD-105792,Arabic,Main,Falafel Wrap,1,22.0,22.0
ORD-105792,Arabic,Starter,Fattoush,1,24.0,24.0
ORD-105792,Arabic,Dessert,Kunafa,1,28.0,28.0
ORD-105793,Chinese,Main,Veg Hakka Noodles,1,32.0,32.0
ORD-105793,Chinese,Dessert,Mango Pudding,1,20.0,20.0
ORD-105794,Continental,Main,Grilled Chicken Burger,1,42.0,42.0
ORD-105794,Continental,Main,Classic Beef Burger,2,48.0,96.0
ORD-105795,Indian,Main,Palak Paneer,1,34.0,34.0
ORD-105795,Indian,Main,Chicken Biryani,1,42.0,42.0
ORD-105795,Indian,Main,Dal Makhani,1,32.0,32.0
ORD-105795,Indian,Starter,Paneer Tikka,1,32.0,32.0
ORD-105795,Indian,Side,Garlic Naan,2,8.0,16.0
ORD-105795,Indian,Dessert,Gulab Jamun,1,18.0,18.0
ORD-105796,Continental,Main,Grilled Chicken Burger,1,42.0,42.0
ORD-105796,Continental,Main,Fish and Chips,1,50.0,50.0
ORD-105796,Continental,Side,French Fries,2,16.0,32.0
ORD-105797,Italian,Main,Penne Arrabbiata,1,42.0,42.0
ORD-105797,Italian,Main,Fettuccine Alfredo,1,48.0,48.0
ORD-105797,Arabic,Main,Falafel Wrap,1,22.0,22.0
ORD-105797,Italian,Side,Garlic Bread,3,18.0,54.0
ORD-105798,Indian,Main,Mutton Biryani,1,52.0,52.0
ORD-105798,Indian,Side,Garlic Naan,1,8.0,8.0
ORD-105799,Indian,Main,Chicken Biryani,1,42.0,42.0
ORD-105799,Indian,Main,Butter Chicken,1,45.0,45.0
ORD-105799,Indian,Side,Garlic Naan,1,8.0,8.0
ORD-105799,Indian,Beverage,Mango Lassi,2,16.0,32.0
ORD-105800,Indian,Main,Butter Chicken,1,45.0,45.0
ORD-105800,Indian,Starter,Paneer Tikka,1,32.0,32.0
ORD-105800,Indian,Side,Jeera Rice,1,14.0,14.0
ORD-105801,Chinese,Main,Chicken Manchurian,1,38.0,38.0
ORD-105801,Chinese,Dessert,Mango Pudding,1,20.0,20.0
ORD-105802,Indian,Main,Chicken Biryani,1,42.0,42.0
ORD-105802,Indian,Beverage,Mango Lassi,1,16.0,16.0
ORD-105803,Arabic,Main,Chicken Machboos,1,48.0,48.0
ORD-105803,Arabic,Main,Lamb Mandi,1,62.0,62.0
ORD-105803,Arabic,Main,Chicken Shawarma Plate,1,38.0,38.0
ORD-105803,Arabic,Side,Arabic Rice,2,12.0,24.0
ORD-105804,Arabic,Main,Chicken Shawarma Plate,1,38.0,38.0
ORD-105804,Arabic,Starter,Fattoush,1,24.0,24.0
ORD-105804,Arabic,Dessert,Kunafa,1,28.0,28.0
ORD-105805,Continental,Main,Grilled Chicken Burger,1,42.0,42.0
ORD-105805,Continental,Starter,Chicken Wings,1,34.0,34.0
ORD-105806,Continental,Main,Grilled Chicken Burger,1,42.0,42.0
ORD-105806,Continental,Beverage,Chocolate Milkshake,1,22.0,22.0
ORD-105807,Chinese,Main,Kung Pao Chicken,1,44.0,44.0
ORD-105807,Chinese,Side,Steamed Rice,1,10.0,10.0
ORD-105808,Italian,Main,Fettuccine Alfredo,1,48.0,48.0
ORD-105808,Arabic,Starter,Hummus,1,22.0,22.0
ORD-105808,Italian,Side,Garlic Bread,1,18.0,18.0
ORD-105809,Continental,Main,Grilled Chicken with Mash,1,52.0,52.0
ORD-105809,Continental,Starter,Chicken Wings,1,34.0,34.0
ORD-105809,Continental,Side,French Fries,1,16.0,16.0
ORD-105809,Continental,Beverage,Chocolate Milkshake,1,22.0,22.0
ORD-105810,Italian,Main,Pepperoni Pizza,1,52.0,52.0
ORD-105810,Italian,Starter,Caesar Salad,1,32.0,32.0
ORD-105810,Italian,Dessert,Tiramisu,1,30.0,30.0
ORD-105810,Italian,Beverage,Italian Lemon Soda,1,18.0,18.0
ORD-105811,Italian,Main,Beef Lasagna,1,55.0,55.0
ORD-105811,Italian,Side,Garlic Bread,1,18.0,18.0
ORD-105812,Continental,Main,Grilled Chicken Burger,1,42.0,42.0
ORD-105812,Continental,Beverage,Chocolate Milkshake,1,22.0,22.0
ORD-105813,Arabic,Main,Chicken Shawarma Plate,1,38.0,38.0
ORD-105813,Arabic,Starter,Fattoush,1,24.0,24.0
ORD-105814,Arabic,Main,Chicken Machboos,1,48.0,48.0
ORD-105814,Arabic,Starter,Hummus,1,22.0,22.0
ORD-105814,Arabic,Side,Arabic Rice,1,12.0,12.0
ORD-105815,Indian,Main,Chicken Biryani,1,42.0,42.0
ORD-105815,Indian,Side,Garlic Naan,1,8.0,8.0
ORD-105816,Chinese,Main,Chicken Manchurian,1,38.0,38.0
ORD-105816,Chinese,Main,Kung Pao Chicken,1,44.0,44.0
ORD-105816,Chinese,Main,Chicken Fried Rice,1,34.0,34.0
ORD-105816,Chinese,Dessert,Mango Pudding,1,20.0,20.0
ORD-105816,Chinese,Beverage,Jasmine Tea,2,12.0,24.0
ORD-105817,Italian,Main,Penne Arrabbiata,2,42.0,84.0
ORD-105817,Italian,Beverage,Italian Lemon Soda,2,18.0,36.0
ORD-105818,Italian,Main,Margherita Pizza,1,45.0,45.0
ORD-105819,Arabic,Main,Mixed Grill,2,75.0,150.0
ORD-105819,Arabic,Main,Chicken Shawarma Plate,1,38.0,38.0
ORD-105819,Arabic,Beverage,Mint Lemonade,1,18.0,18.0
ORD-105820,Italian,Main,Pepperoni Pizza,1,52.0,52.0
ORD-105820,Italian,Dessert,Tiramisu,1,30.0,30.0
ORD-105821,Chinese,Main,Szechuan Beef,1,52.0,52.0
ORD-105821,Chinese,Dessert,Mango Pudding,1,20.0,20.0
ORD-105822,Indian,Main,Butter Chicken,1,45.0,45.0
ORD-105822,Indian,Starter,Paneer Tikka,1,32.0,32.0
ORD-105823,Arabic,Main,Chicken Machboos,1,48.0,48.0
ORD-105823,Arabic,Main,Chicken Shawarma Plate,1,38.0,38.0
ORD-105824,Italian,Main,Pepperoni Pizza,1,52.0,52.0
ORD-105824,Italian,Main,Penne Arrabbiata,1,42.0,42.0
ORD-105824,Italian,Main,Fettuccine Alfredo,1,48.0,48.0
ORD-105824,Italian,Side,Garlic Bread,1,18.0,18.0
ORD-105825,Italian,Main,Beef Lasagna,1,55.0,55.0
ORD-105825,Italian,Main,Pepperoni Pizza,1,52.0,52.0
ORD-105826,Indian,Main,Butter Chicken,1,45.0,45.0
ORD-105826,Indian,Side,Jeera Rice,1,14.0,14.0
ORD-105826,Indian,Beverage,Mango Lassi,1,16.0,16.0
ORD-105827,Arabic,Main,Chicken Machboos,1,48.0,48.0
ORD-105827,Arabic,Dessert,Kunafa,1,28.0,28.0
ORD-105828,Indian,Main,Butter Chicken,1,45.0,45.0
ORD-105828,Continental,Starter,Soup of the Day,1,22.0,22.0
ORD-105828,Indian,Side,Jeera Rice,1,14.0,14.0
ORD-105828,Continental,Beverage,Chocolate Milkshake,1,22.0,22.0
ORD-105829,Chinese,Main,Szechuan Beef,1,52.0,52.0
ORD-105830,Arabic,Main,Chicken Shawarma Plate,1,38.0,38.0
ORD-105830,Arabic,Dessert,Umm Ali,1,26.0,26.0
ORD-105830,Arabic,Beverage,Mint Lemonade,1,18.0,18.0
ORD-105831,Chinese,Main,Veg Hakka Noodles,1,32.0,32.0
ORD-105831,Chinese,Main,Chicken Manchurian,1,38.0,38.0
ORD-105832,Chinese,Main,Kung Pao Chicken,1,44.0,44.0
ORD-105832,Chinese,Starter,Spring Rolls,1,22.0,22.0
ORD-105832,Chinese,Side,Steamed Rice,1,10.0,10.0
ORD-105833,Continental,Main,Classic Beef Burger,1,48.0,48.0
ORD-105833,Continental,Starter,Chicken Wings,1,34.0,34.0
ORD-105833,Continental,Beverage,Chocolate Milkshake,1,22.0,22.0
ORD-105834,Chinese,Main,Szechuan Beef,2,52.0,104.0
ORD-105834,Italian,Main,Beef Lasagna,1,55.0,55.0
ORD-105834,Chinese,Starter,Hot and Sour Soup,1,24.0,24.0
ORD-105834,Chinese,Side,Steamed Rice,1,10.0,10.0
ORD-105835,Indian,Main,Palak Paneer,1,34.0,34.0
ORD-105835,Continental,Starter,Chicken Wings,1,34.0,34.0
ORD-105835,Indian,Side,Jeera Rice,1,14.0,14.0
ORD-105835,Continental,Dessert,New York Cheesecake,1,28.0,28.0
ORD-105836,Italian,Main,Beef Lasagna,2,55.0,110.0
ORD-105836,Italian,Starter,Bruschetta,1,26.0,26.0
ORD-105836,Italian,Dessert,Tiramisu,1,30.0,30.0
ORD-105836,Italian,Beverage,Italian Lemon Soda,2,18.0,36.0
ORD-105837,Continental,Main,Classic Beef Burger,1,48.0,48.0
ORD-105837,Continental,Main,Grilled Salmon,1,78.0,78.0
ORD-105837,Continental,Starter,Chicken Wings,1,34.0,34.0
ORD-105837,Continental,Side,French Fries,2,16.0,32.0
ORD-105838,Continental,Main,Fish and Chips,1,50.0,50.0
ORD-105839,Arabic,Main,Chicken Machboos,1,48.0,48.0
ORD-105839,Arabic,Starter,Hummus,1,22.0,22.0
ORD-105839,Arabic,Side,Arabic Rice,1,12.0,12.0
ORD-105839,Arabic,Dessert,Kunafa,1,28.0,28.0
ORD-105840,Continental,Main,Classic Beef Burger,2,48.0,96.0
ORD-105840,Continental,Side,French Fries,2,16.0,32.0
ORD-105840,Chinese,Dessert,Mango Pudding,1,20.0,20.0
ORD-105841,Italian,Main,Pepperoni Pizza,1,52.0,52.0
ORD-105841,Italian,Side,Garlic Bread,1,18.0,18.0
ORD-105841,Italian,Beverage,Italian Lemon Soda,1,18.0,18.0
ORD-105842,Chinese,Main,Chicken Manchurian,1,38.0,38.0
ORD-105842,Chinese,Starter,Spring Rolls,1,22.0,22.0
ORD-105842,Chinese,Dessert,Mango Pudding,1,20.0,20.0
ORD-105843,Arabic,Main,Chicken Shawarma Plate,1,38.0,38.0
ORD-105843,Arabic,Main,Chicken Machboos,1,48.0,48.0
ORD-105843,Arabic,Starter,Fattoush,1,24.0,24.0
ORD-105844,Chinese,Main,Kung Pao Chicken,1,44.0,44.0
ORD-105844,Chinese,Starter,Chicken Dim Sum,1,34.0,34.0
ORD-105844,Chinese,Dessert,Mango Pudding,1,20.0,20.0
ORD-105845,Italian,Main,Margherita Pizza,1,45.0,45.0
ORD-105845,Indian,Starter,Chicken Tikka,1,36.0,36.0
ORD-105845,Italian,Side,Garlic Bread,1,18.0,18.0
ORD-105846,Indian,Main,Chicken Biryani,1,42.0,42.0
ORD-105846,Indian,Main,Mutton Biryani,1,52.0,52.0
ORD-105846,Indian,Starter,Paneer Tikka,1,32.0,32.0
ORD-105846,Indian,Side,Garlic Naan,1,8.0,8.0
ORD-105847,Italian,Main,Margherita Pizza,1,45.0,45.0
ORD-105847,Italian,Starter,Caesar Salad,1,32.0,32.0
ORD-105848,Italian,Main,Pepperoni Pizza,1,52.0,52.0
ORD-105848,Italian,Starter,Caesar Salad,1,32.0,32.0
ORD-105848,Italian,Dessert,Tiramisu,1,30.0,30.0
ORD-105848,Italian,Beverage,Italian Lemon Soda,1,18.0,18.0
ORD-105849,Arabic,Main,Lamb Mandi,1,62.0,62.0
ORD-105849,Arabic,Main,Chicken Shawarma Plate,1,38.0,38.0
ORD-105849,Arabic,Starter,Hummus,1,22.0,22.0
ORD-105849,Arabic,Beverage,Mint Lemonade,1,18.0,18.0
ORD-105850,Italian,Main,Margherita Pizza,1,45.0,45.0
ORD-105850,Italian,Starter,Bruschetta,1,26.0,26.0
ORD-105850,Italian,Beverage,Italian Lemon Soda,1,18.0,18.0
ORD-105851,Arabic,Main,Chicken Shawarma Plate,1,38.0,38.0
ORD-105851,Arabic,Main,Lamb Mandi,1,62.0,62.0
ORD-105851,Arabic,Beverage,Mint Lemonade,2,18.0,36.0
ORD-105852,Chinese,Main,Kung Pao Chicken,1,44.0,44.0
ORD-105852,Chinese,Starter,Spring Rolls,1,22.0,22.0
ORD-105853,Italian,Main,Penne Arrabbiata,1,42.0,42.0
ORD-105853,Italian,Dessert,Tiramisu,1,30.0,30.0
ORD-105853,Italian,Beverage,Italian Lemon Soda,1,18.0,18.0
ORD-105854,Continental,Main,Classic Beef Burger,1,48.0,48.0
ORD-105854,Chinese,Starter,Chicken Dim Sum,1,34.0,34.0
ORD-105855,Chinese,Main,Chicken Fried Rice,1,34.0,34.0
ORD-105855,Chinese,Starter,Spring Rolls,1,22.0,22.0
ORD-105855,Chinese,Beverage,Jasmine Tea,1,12.0,12.0
ORD-105856,Italian,Main,Margherita Pizza,1,45.0,45.0
ORD-105856,Italian,Starter,Caesar Salad,1,32.0,32.0
ORD-105856,Italian,Dessert,Tiramisu,1,30.0,30.0
ORD-105856,Italian,Beverage,Italian Lemon Soda,1,18.0,18.0
ORD-105857,Arabic,Main,Chicken Machboos,1,48.0,48.0
ORD-105857,Arabic,Main,Chicken Shawarma Plate,1,38.0,38.0
ORD-105857,Arabic,Starter,Fattoush,1,24.0,24.0
ORD-105857,Arabic,Side,Arabic Rice,1,12.0,12.0
ORD-105857,Arabic,Beverage,Mint Lemonade,2,18.0,36.0
ORD-105858,Indian,Main,Butter Chicken,1,45.0,45.0
ORD-105858,Indian,Starter,Vegetable Samosa,1,16.0,16.0
ORD-105858,Indian,Side,Garlic Naan,1,8.0,8.0
ORD-105858,Indian,Beverage,Mango Lassi,1,16.0,16.0
ORD-105859,Continental,Main,Grilled Chicken with Mash,1,52.0,52.0
ORD-105859,Continental,Main,Fish and Chips,1,50.0,50.0
ORD-105859,Continental,Beverage,Chocolate Milkshake,1,22.0,22.0
ORD-105860,Chinese,Main,Chicken Manchurian,1,38.0,38.0
ORD-105860,Chinese,Starter,Hot and Sour Soup,1,24.0,24.0
ORD-105860,Chinese,Beverage,Jasmine Tea,1,12.0,12.0
ORD-105861,Italian,Main,Beef Lasagna,1,55.0,55.0
ORD-105861,Italian,Main,Pepperoni Pizza,2,52.0,104.0
ORD-105861,Italian,Side,Garlic Bread,2,18.0,36.0
ORD-105861,Italian,Dessert,Tiramisu,1,30.0,30.0
ORD-105862,Italian,Main,Margherita Pizza,1,45.0,45.0
ORD-105862,Chinese,Main,Kung Pao Chicken,1,44.0,44.0
ORD-105862,Italian,Side,Garlic Bread,1,18.0,18.0
ORD-105863,Chinese,Main,Chicken Fried Rice,1,34.0,34.0
ORD-105863,Chinese,Starter,Hot and Sour Soup,1,24.0,24.0
ORD-105863,Chinese,Beverage,Jasmine Tea,1,12.0,12.0
ORD-105864,Indian,Main,Mutton Biryani,1,52.0,52.0
ORD-105864,Indian,Starter,Vegetable Samosa,1,16.0,16.0
ORD-105864,Indian,Side,Jeera Rice,1,14.0,14.0
ORD-105865,Indian,Main,Butter Chicken,1,45.0,45.0
ORD-105865,Indian,Main,Palak Paneer,1,34.0,34.0
ORD-105865,Indian,Side,Garlic Naan,1,8.0,8.0
ORD-105865,Indian,Beverage,Mango Lassi,1,16.0,16.0
ORD-105866,Italian,Main,Penne Arrabbiata,2,42.0,84.0
ORD-105867,Indian,Main,Butter Chicken,1,45.0,45.0
ORD-105867,Indian,Side,Garlic Naan,1,8.0,8.0
ORD-105868,Arabic,Main,Mixed Grill,1,75.0,75.0
ORD-105868,Arabic,Main,Chicken Shawarma Plate,1,38.0,38.0
ORD-105868,Arabic,Beverage,Mint Lemonade,1,18.0,18.0
ORD-105869,Indian,Main,Dal Makhani,2,32.0,64.0
ORD-105869,Indian,Main,Butter Chicken,1,45.0,45.0
ORD-105869,Indian,Side,Garlic Naan,1,8.0,8.0
ORD-105869,Indian,Beverage,Mango Lassi,2,16.0,32.0
ORD-105870,Continental,Main,Grilled Chicken Burger,1,42.0,42.0
ORD-105870,Continental,Starter,Chicken Wings,1,34.0,34.0
ORD-105870,Continental,Dessert,Chocolate Brownie,1,24.0,24.0
ORD-105870,Continental,Beverage,Chocolate Milkshake,1,22.0,22.0
ORD-105871,Continental,Main,Grilled Chicken with Mash,1,52.0,52.0
ORD-105871,Continental,Starter,Chicken Wings,1,34.0,34.0
ORD-105872,Indian,Main,Mutton Biryani,1,52.0,52.0
ORD-105872,Indian,Main,Chicken Biryani,1,42.0,42.0
ORD-105873,Arabic,Main,Mixed Grill,1,75.0,75.0
ORD-105873,Arabic,Main,Falafel Wrap,1,22.0,22.0
ORD-105873,Arabic,Dessert,Kunafa,1,28.0,28.0
ORD-105874,Indian,Main,Palak Paneer,1,34.0,34.0
ORD-105874,Indian,Beverage,Mango Lassi,1,16.0,16.0
ORD-105875,Chinese,Main,Chicken Fried Rice,1,34.0,34.0
ORD-105875,Chinese,Main,Chicken Manchurian,1,38.0,38.0
ORD-105875,Chinese,Main,Kung Pao Chicken,1,44.0,44.0
ORD-105875,Chinese,Starter,Chicken Dim Sum,1,34.0,34.0
ORD-105875,Chinese,Side,Steamed Rice,1,10.0,10.0
ORD-105875,Chinese,Dessert,Mango Pudding,1,20.0,20.0
ORD-105875,Chinese,Beverage,Jasmine Tea,2,12.0,24.0
ORD-105876,Chinese,Main,Kung Pao Chicken,1,44.0,44.0
ORD-105876,Chinese,Main,Szechuan Beef,1,52.0,52.0
ORD-105877,Continental,Main,Classic Beef Burger,2,48.0,96.0
ORD-105878,Chinese,Main,Veg Hakka Noodles,1,32.0,32.0
ORD-105878,Chinese,Starter,Spring Rolls,1,22.0,22.0
ORD-105878,Indian,Dessert,Gulab Jamun,1,18.0,18.0
ORD-105879,Indian,Main,Chicken Biryani,1,42.0,42.0
ORD-105879,Indian,Beverage,Mango Lassi,1,16.0,16.0
ORD-105880,Indian,Main,Mutton Biryani,1,52.0,52.0
ORD-105880,Indian,Starter,Chicken Tikka,1,36.0,36.0
ORD-105881,Indian,Main,Butter Chicken,1,45.0,45.0
ORD-105882,Continental,Main,Classic Beef Burger,1,48.0,48.0
ORD-105882,Continental,Starter,Chicken Wings,1,34.0,34.0
ORD-105882,Continental,Side,French Fries,1,16.0,16.0
ORD-105882,Arabic,Beverage,Mint Lemonade,1,18.0,18.0
ORD-105883,Chinese,Main,Chicken Manchurian,1,38.0,38.0
ORD-105884,Arabic,Main,Chicken Shawarma Plate,1,38.0,38.0
ORD-105884,Arabic,Side,Arabic Rice,1,12.0,12.0
ORD-105884,Arabic,Beverage,Mint Lemonade,1,18.0,18.0
ORD-105885,Italian,Main,Fettuccine Alfredo,1,48.0,48.0
ORD-105885,Italian,Main,Pepperoni Pizza,1,52.0,52.0
ORD-105885,Italian,Starter,Bruschetta,1,26.0,26.0
ORD-105885,Italian,Dessert,Tiramisu,1,30.0,30.0
ORD-105886,Arabic,Main,Falafel Wrap,1,22.0,22.0
ORD-105886,Arabic,Side,Arabic Rice,1,12.0,12.0
ORD-105887,Italian,Main,Margherita Pizza,1,45.0,45.0
ORD-105887,Italian,Main,Beef Lasagna,2,55.0,110.0
ORD-105887,Italian,Starter,Bruschetta,1,26.0,26.0
ORD-105887,Italian,Side,Garlic Bread,1,18.0,18.0
ORD-105888,Indian,Main,Chicken Biryani,1,42.0,42.0
ORD-105888,Indian,Main,Mutton Biryani,1,52.0,52.0
ORD-105888,Indian,Starter,Vegetable Samosa,1,16.0,16.0
ORD-105889,Continental,Main,Fish and Chips,1,50.0,50.0
ORD-105889,Continental,Starter,Soup of the Day,1,22.0,22.0
ORD-105889,Continental,Beverage,Chocolate Milkshake,1,22.0,22.0
ORD-105890,Italian,Main,Fettuccine Alfredo,1,48.0,48.0
ORD-105891,Arabic,Main,Chicken Shawarma Plate,1,38.0,38.0
ORD-105891,Arabic,Main,Falafel Wrap,1,22.0,22.0
ORD-105891,Arabic,Starter,Hummus,1,22.0,22.0
ORD-105892,Italian,Main,Fettuccine Alfredo,1,48.0,48.0
ORD-105893,Chinese,Main,Chicken Fried Rice,1,34.0,34.0
ORD-105893,Chinese,Main,Veg Hakka Noodles,1,32.0,32.0
ORD-105893,Chinese,Side,Steamed Rice,2,10.0,20.0
ORD-105893,Chinese,Beverage,Jasmine Tea,1,12.0,12.0
ORD-105894,Chinese,Main,Chicken Fried Rice,1,34.0,34.0
ORD-105894,Chinese,Main,Szechuan Beef,1,52.0,52.0
ORD-105894,Indian,Starter,Paneer Tikka,1,32.0,32.0
ORD-105895,Continental,Main,Grilled Chicken with Mash,1,52.0,52.0
ORD-105895,Continental,Starter,Chicken Wings,1,34.0,34.0
ORD-105895,Continental,Side,French Fries,1,16.0,16.0
ORD-105895,Continental,Beverage,Chocolate Milkshake,1,22.0,22.0
ORD-105896,Indian,Main,Butter Chicken,1,45.0,45.0
ORD-105896,Indian,Side,Jeera Rice,1,14.0,14.0
ORD-105897,Continental,Main,Grilled Salmon,1,78.0,78.0
ORD-105897,Continental,Beverage,Chocolate Milkshake,1,22.0,22.0
ORD-105898,Italian,Main,Beef Lasagna,1,55.0,55.0
ORD-105898,Italian,Main,Fettuccine Alfredo,1,48.0,48.0
ORD-105899,Arabic,Main,Falafel Wrap,1,22.0,22.0
ORD-105899,Arabic,Side,Arabic Rice,1,12.0,12.0
ORD-105900,Arabic,Main,Chicken Machboos,2,48.0,96.0
ORD-105900,Arabic,Side,Arabic Rice,1,12.0,12.0
ORD-105901,Chinese,Main,Chicken Manchurian,1,38.0,38.0
ORD-105901,Chinese,Starter,Hot and Sour Soup,1,24.0,24.0
ORD-105902,Continental,Main,Grilled Chicken Burger,1,42.0,42.0
ORD-105902,Continental,Side,French Fries,1,16.0,16.0
ORD-105902,Continental,Dessert,New York Cheesecake,1,28.0,28.0
ORD-105903,Indian,Main,Mutton Biryani,1,52.0,52.0
ORD-105903,Indian,Side,Jeera Rice,1,14.0,14.0
ORD-105903,Indian,Beverage,Mango Lassi,1,16.0,16.0
ORD-105904,Italian,Main,Penne Arrabbiata,3,42.0,126.0
ORD-105905,Italian,Main,Margherita Pizza,1,45.0,45.0
ORD-105906,Italian,Main,Margherita Pizza,1,45.0,45.0
ORD-105906,Italian,Dessert,Tiramisu,1,30.0,30.0
ORD-105907,Continental,Main,Grilled Chicken Burger,1,42.0,42.0
ORD-105907,Continental,Dessert,Chocolate Brownie,1,24.0,24.0
ORD-105908,Arabic,Main,Lamb Mandi,1,62.0,62.0
ORD-105908,Arabic,Main,Chicken Shawarma Plate,1,38.0,38.0
ORD-105908,Arabic,Starter,Hummus,1,22.0,22.0
ORD-105909,Arabic,Main,Mixed Grill,1,75.0,75.0
ORD-105909,Arabic,Side,Arabic Rice,1,12.0,12.0
ORD-105910,Arabic,Main,Lamb Mandi,1,62.0,62.0
ORD-105910,Arabic,Main,Mixed Grill,1,75.0,75.0
ORD-105910,Arabic,Starter,Hummus,1,22.0,22.0
ORD-105911,Chinese,Main,Szechuan Beef,1,52.0,52.0
ORD-105911,Chinese,Starter,Chicken Dim Sum,1,34.0,34.0
ORD-105912,Italian,Main,Margherita Pizza,1,45.0,45.0
ORD-105912,Italian,Side,Garlic Bread,1,18.0,18.0
ORD-105912,Italian,Beverage,Italian Lemon Soda,1,18.0,18.0
ORD-105913,Indian,Main,Chicken Biryani,1,42.0,42.0
ORD-105913,Indian,Starter,Paneer Tikka,1,32.0,32.0
ORD-105913,Indian,Side,Garlic Naan,1,8.0,8.0
ORD-105914,Arabic,Main,Falafel Wrap,1,22.0,22.0
ORD-105914,Arabic,Starter,Hummus,1,22.0,22.0
ORD-105914,Arabic,Side,Arabic Rice,1,12.0,12.0
ORD-105915,Arabic,Main,Chicken Shawarma Plate,1,38.0,38.0
ORD-105915,Arabic,Beverage,Mint Lemonade,1,18.0,18.0
ORD-105916,Chinese,Main,Kung Pao Chicken,1,44.0,44.0
ORD-105916,Chinese,Main,Chicken Fried Rice,1,34.0,34.0
ORD-105916,Chinese,Main,Chicken Manchurian,1,38.0,38.0
ORD-105916,Chinese,Beverage,Jasmine Tea,3,12.0,36.0
ORD-105917,Italian,Main,Penne Arrabbiata,1,42.0,42.0
ORD-105918,Indian,Main,Dal Makhani,1,32.0,32.0
ORD-105918,Indian,Starter,Paneer Tikka,1,32.0,32.0
ORD-105918,Indian,Side,Garlic Naan,1,8.0,8.0
ORD-105918,Indian,Dessert,Gulab Jamun,1,18.0,18.0
ORD-105918,Indian,Beverage,Mango Lassi,1,16.0,16.0
ORD-105919,Indian,Main,Mutton Biryani,2,52.0,104.0
ORD-105919,Indian,Side,Jeera Rice,1,14.0,14.0
ORD-105919,Indian,Beverage,Mango Lassi,2,16.0,32.0
ORD-105920,Continental,Main,Fish and Chips,1,50.0,50.0
ORD-105920,Continental,Main,Classic Beef Burger,1,48.0,48.0
ORD-105921,Arabic,Main,Lamb Mandi,1,62.0,62.0
ORD-105921,Chinese,Starter,Hot and Sour Soup,1,24.0,24.0
ORD-105921,Chinese,Beverage,Jasmine Tea,1,12.0,12.0
ORD-105922,Continental,Main,Grilled Chicken with Mash,3,52.0,156.0
ORD-105922,Continental,Main,Grilled Chicken Burger,1,42.0,42.0
ORD-105922,Continental,Starter,Soup of the Day,1,22.0,22.0
ORD-105923,Chinese,Main,Chicken Fried Rice,1,34.0,34.0
ORD-105923,Chinese,Dessert,Mango Pudding,1,20.0,20.0
ORD-105923,Chinese,Beverage,Jasmine Tea,1,12.0,12.0
ORD-105924,Continental,Main,Grilled Chicken with Mash,1,52.0,52.0
ORD-105924,Continental,Main,Fish and Chips,1,50.0,50.0
ORD-105925,Indian,Main,Palak Paneer,1,34.0,34.0
ORD-105925,Indian,Starter,Chicken Tikka,1,36.0,36.0
ORD-105926,Continental,Main,Grilled Chicken with Mash,2,52.0,104.0
ORD-105926,Continental,Side,French Fries,2,16.0,32.0
ORD-105927,Arabic,Main,Lamb Mandi,1,62.0,62.0
ORD-105927,Arabic,Side,Arabic Rice,1,12.0,12.0
ORD-105928,Continental,Main,Grilled Chicken with Mash,1,52.0,52.0
ORD-105928,Continental,Main,Classic Beef Burger,1,48.0,48.0
ORD-105928,Continental,Side,French Fries,1,16.0,16.0
ORD-105929,Indian,Main,Butter Chicken,1,45.0,45.0
ORD-105929,Indian,Main,Chicken Biryani,1,42.0,42.0
ORD-105929,Indian,Starter,Vegetable Samosa,1,16.0,16.0
ORD-105929,Indian,Side,Garlic Naan,2,8.0,16.0
ORD-105929,Indian,Beverage,Mango Lassi,1,16.0,16.0
ORD-105930,Continental,Main,Grilled Chicken with Mash,1,52.0,52.0
ORD-105930,Continental,Side,French Fries,1,16.0,16.0
ORD-105930,Continental,Dessert,Chocolate Brownie,1,24.0,24.0
ORD-105930,Continental,Beverage,Chocolate Milkshake,1,22.0,22.0
ORD-105931,Chinese,Main,Kung Pao Chicken,1,44.0,44.0
ORD-105932,Indian,Main,Palak Paneer,1,34.0,34.0
ORD-105932,Indian,Main,Butter Chicken,1,45.0,45.0
ORD-105932,Indian,Side,Jeera Rice,2,14.0,28.0
ORD-105933,Continental,Main,Classic Beef Burger,1,48.0,48.0
ORD-105934,Arabic,Main,Chicken Shawarma Plate,1,38.0,38.0
ORD-105934,Arabic,Beverage,Mint Lemonade,1,18.0,18.0
ORD-105935,Arabic,Main,Chicken Shawarma Plate,1,38.0,38.0
ORD-105935,Arabic,Side,Arabic Rice,1,12.0,12.0
ORD-105936,Arabic,Main,Falafel Wrap,1,22.0,22.0
ORD-105936,Arabic,Main,Mixed Grill,1,75.0,75.0
ORD-105936,Arabic,Main,Lamb Mandi,1,62.0,62.0
ORD-105937,Arabic,Main,Chicken Shawarma Plate,1,38.0,38.0
ORD-105937,Arabic,Main,Lamb Mandi,1,62.0,62.0
ORD-105937,Arabic,Main,Falafel Wrap,1,22.0,22.0
ORD-105937,Arabic,Starter,Mutabbal,1,22.0,22.0
ORD-105937,Arabic,Dessert,Kunafa,1,28.0,28.0
ORD-105937,Arabic,Beverage,Mint Lemonade,1,18.0,18.0
ORD-105938,Chinese,Main,Chicken Manchurian,1,38.0,38.0
ORD-105938,Chinese,Starter,Hot and Sour Soup,1,24.0,24.0
ORD-105939,Indian,Main,Butter Chicken,1,45.0,45.0
ORD-105939,Indian,Side,Jeera Rice,1,14.0,14.0
ORD-105939,Indian,Beverage,Mango Lassi,1,16.0,16.0
ORD-105940,Indian,Main,Butter Chicken,2,45.0,90.0
ORD-105940,Indian,Main,Palak Paneer,1,34.0,34.0
ORD-105940,Indian,Starter,Paneer Tikka,1,32.0,32.0
ORD-105940,Indian,Beverage,Mango Lassi,2,16.0,32.0
ORD-105941,Arabic,Main,Mixed Grill,1,75.0,75.0
ORD-105941,Arabic,Starter,Fattoush,1,24.0,24.0
ORD-105942,Arabic,Main,Chicken Shawarma Plate,1,38.0,38.0
ORD-105942,Arabic,Starter,Hummus,1,22.0,22.0
ORD-105942,Arabic,Side,Arabic Rice,1,12.0,12.0
ORD-105943,Arabic,Main,Chicken Shawarma Plate,1,38.0,38.0
ORD-105943,Arabic,Main,Lamb Mandi,1,62.0,62.0
ORD-105943,Arabic,Dessert,Kunafa,1,28.0,28.0
ORD-105944,Indian,Main,Palak Paneer,1,34.0,34.0
ORD-105944,Indian,Side,Jeera Rice,1,14.0,14.0
ORD-105944,Indian,Beverage,Mango Lassi,1,16.0,16.0
ORD-105945,Italian,Main,Margherita Pizza,1,45.0,45.0
ORD-105946,Indian,Main,Dal Makhani,2,32.0,64.0
ORD-105947,Indian,Main,Chicken Biryani,1,42.0,42.0
ORD-105947,Indian,Starter,Vegetable Samosa,1,16.0,16.0
ORD-105947,Indian,Dessert,Gulab Jamun,1,18.0,18.0
ORD-105947,Indian,Beverage,Mango Lassi,1,16.0,16.0
ORD-105948,Italian,Main,Margherita Pizza,1,45.0,45.0
ORD-105948,Italian,Side,Garlic Bread,1,18.0,18.0
ORD-105948,Italian,Dessert,Tiramisu,1,30.0,30.0
ORD-105949,Continental,Main,Fish and Chips,1,50.0,50.0
ORD-105949,Continental,Starter,Chicken Wings,1,34.0,34.0
ORD-105949,Continental,Side,French Fries,1,16.0,16.0
ORD-105949,Continental,Dessert,Chocolate Brownie,1,24.0,24.0
ORD-105950,Italian,Main,Fettuccine Alfredo,2,48.0,96.0
ORD-105950,Italian,Starter,Caesar Salad,1,32.0,32.0
ORD-105951,Indian,Main,Palak Paneer,1,34.0,34.0
ORD-105951,Indian,Main,Dal Makhani,1,32.0,32.0
ORD-105951,Indian,Side,Jeera Rice,1,14.0,14.0
ORD-105952,Italian,Main,Margherita Pizza,1,45.0,45.0
ORD-105952,Italian,Dessert,Tiramisu,1,30.0,30.0
ORD-105953,Indian,Main,Palak Paneer,1,34.0,34.0
ORD-105953,Indian,Side,Jeera Rice,1,14.0,14.0
ORD-105954,Chinese,Main,Veg Hakka Noodles,3,32.0,96.0
ORD-105954,Chinese,Main,Chicken Fried Rice,1,34.0,34.0
ORD-105955,Indian,Main,Butter Chicken,1,45.0,45.0
ORD-105955,Indian,Starter,Paneer Tikka,1,32.0,32.0
ORD-105955,Indian,Side,Garlic Naan,1,8.0,8.0
ORD-105956,Italian,Main,Beef Lasagna,1,55.0,55.0
ORD-105957,Chinese,Main,Veg Hakka Noodles,1,32.0,32.0
ORD-105957,Chinese,Starter,Spring Rolls,1,22.0,22.0
ORD-105957,Chinese,Beverage,Jasmine Tea,1,12.0,12.0
ORD-105958,Chinese,Main,Szechuan Beef,1,52.0,52.0
ORD-105958,Chinese,Main,Veg Hakka Noodles,1,32.0,32.0
ORD-105958,Chinese,Side,Steamed Rice,1,10.0,10.0
ORD-105958,Chinese,Beverage,Jasmine Tea,2,12.0,24.0
ORD-105959,Continental,Main,Grilled Salmon,1,78.0,78.0
ORD-105959,Continental,Dessert,Chocolate Brownie,1,24.0,24.0
ORD-105960,Arabic,Main,Chicken Shawarma Plate,1,38.0,38.0
ORD-105960,Arabic,Side,Arabic Rice,1,12.0,12.0
ORD-105961,Chinese,Main,Chicken Manchurian,1,38.0,38.0
ORD-105961,Chinese,Starter,Spring Rolls,1,22.0,22.0
ORD-105961,Chinese,Side,Steamed Rice,1,10.0,10.0
ORD-105961,Chinese,Beverage,Jasmine Tea,1,12.0,12.0
ORD-105962,Continental,Main,Fish and Chips,1,50.0,50.0
ORD-105962,Continental,Main,Classic Beef Burger,1,48.0,48.0
ORD-105962,Continental,Side,French Fries,1,16.0,16.0
ORD-105962,Continental,Beverage,Chocolate Milkshake,1,22.0,22.0
ORD-105963,Indian,Main,Butter Chicken,1,45.0,45.0
ORD-105963,Indian,Main,Dal Makhani,1,32.0,32.0
ORD-105963,Indian,Side,Garlic Naan,2,8.0,16.0
ORD-105964,Italian,Main,Beef Lasagna,1,55.0,55.0
ORD-105964,Italian,Starter,Bruschetta,1,26.0,26.0
ORD-105964,Italian,Beverage,Italian Lemon Soda,1,18.0,18.0
ORD-105965,Indian,Main,Butter Chicken,1,45.0,45.0
ORD-105965,Indian,Starter,Paneer Tikka,1,32.0,32.0
ORD-105966,Indian,Main,Palak Paneer,1,34.0,34.0
ORD-105966,Indian,Starter,Paneer Tikka,1,32.0,32.0
ORD-105966,Indian,Side,Garlic Naan,1,8.0,8.0
ORD-105966,Indian,Beverage,Mango Lassi,1,16.0,16.0
ORD-105967,Continental,Main,Classic Beef Burger,1,48.0,48.0
ORD-105967,Continental,Starter,Soup of the Day,1,22.0,22.0
ORD-105967,Continental,Beverage,Chocolate Milkshake,1,22.0,22.0
ORD-105968,Italian,Main,Beef Lasagna,1,55.0,55.0
ORD-105968,Italian,Side,Garlic Bread,1,18.0,18.0
ORD-105968,Italian,Dessert,Tiramisu,1,30.0,30.0
ORD-105969,Arabic,Main,Mixed Grill,1,75.0,75.0
ORD-105970,Arabic,Main,Mixed Grill,1,75.0,75.0
ORD-105971,Indian,Main,Butter Chicken,1,45.0,45.0
ORD-105971,Indian,Main,Mutton Biryani,1,52.0,52.0
ORD-105971,Indian,Starter,Vegetable Samosa,1,16.0,16.0
ORD-105971,Indian,Side,Garlic Naan,1,8.0,8.0
ORD-105971,Indian,Beverage,Mango Lassi,1,16.0,16.0
ORD-105972,Chinese,Main,Kung Pao Chicken,1,44.0,44.0
ORD-105972,Chinese,Beverage,Jasmine Tea,1,12.0,12.0
ORD-105973,Indian,Main,Butter Chicken,1,45.0,45.0
ORD-105973,Indian,Starter,Chicken Tikka,1,36.0,36.0
ORD-105974,Arabic,Main,Mixed Grill,1,75.0,75.0
ORD-105974,Arabic,Main,Lamb Mandi,1,62.0,62.0
ORD-105974,Arabic,Beverage,Mint Lemonade,2,18.0,36.0
ORD-105975,Indian,Main,Butter Chicken,1,45.0,45.0
ORD-105975,Indian,Main,Dal Makhani,1,32.0,32.0
ORD-105975,Indian,Side,Garlic Naan,2,8.0,16.0
ORD-105975,Arabic,Beverage,Mint Lemonade,2,18.0,36.0
ORD-105976,Chinese,Main,Veg Hakka Noodles,1,32.0,32.0
ORD-105976,Chinese,Main,Kung Pao Chicken,1,44.0,44.0
ORD-105976,Chinese,Starter,Spring Rolls,1,22.0,22.0
ORD-105976,Chinese,Side,Steamed Rice,2,10.0,20.0
ORD-105976,Chinese,Beverage,Jasmine Tea,1,12.0,12.0
ORD-105977,Continental,Main,Grilled Chicken with Mash,1,52.0,52.0
ORD-105977,Continental,Starter,Chicken Wings,1,34.0,34.0
ORD-105977,Continental,Side,French Fries,1,16.0,16.0
ORD-105978,Arabic,Main,Lamb Mandi,1,62.0,62.0
ORD-105978,Arabic,Main,Chicken Shawarma Plate,1,38.0,38.0
ORD-105978,Arabic,Side,Arabic Rice,2,12.0,24.0
ORD-105979,Arabic,Main,Falafel Wrap,1,22.0,22.0
ORD-105979,Arabic,Starter,Hummus,1,22.0,22.0
ORD-105979,Arabic,Beverage,Mint Lemonade,1,18.0,18.0
ORD-105980,Indian,Main,Palak Paneer,1,34.0,34.0
ORD-105980,Indian,Main,Mutton Biryani,1,52.0,52.0
ORD-105980,Indian,Starter,Chicken Tikka,1,36.0,36.0
ORD-105980,Indian,Side,Jeera Rice,1,14.0,14.0
ORD-105980,Indian,Beverage,Mango Lassi,2,16.0,32.0
ORD-105981,Chinese,Main,Veg Hakka Noodles,1,32.0,32.0
ORD-105981,Chinese,Beverage,Jasmine Tea,1,12.0,12.0
ORD-105982,Indian,Main,Butter Chicken,1,45.0,45.0
ORD-105982,Indian,Dessert,Gulab Jamun,1,18.0,18.0
ORD-105983,Italian,Main,Penne Arrabbiata,1,42.0,42.0
ORD-105983,Indian,Main,Butter Chicken,1,45.0,45.0
ORD-105984,Indian,Main,Chicken Biryani,1,42.0,42.0
ORD-105984,Indian,Side,Jeera Rice,1,14.0,14.0
ORD-105985,Indian,Main,Palak Paneer,1,34.0,34.0
ORD-105986,Indian,Main,Mutton Biryani,1,52.0,52.0
ORD-105986,Indian,Main,Dal Makhani,1,32.0,32.0
ORD-105986,Indian,Side,Garlic Naan,1,8.0,8.0
ORD-105987,Indian,Main,Mutton Biryani,2,52.0,104.0
ORD-105987,Indian,Side,Jeera Rice,1,14.0,14.0
ORD-105987,Indian,Dessert,Gulab Jamun,1,18.0,18.0
ORD-105987,Indian,Beverage,Mango Lassi,1,16.0,16.0
ORD-105988,Indian,Main,Chicken Biryani,1,42.0,42.0
ORD-105988,Indian,Main,Butter Chicken,1,45.0,45.0
ORD-105988,Indian,Starter,Vegetable Samosa,1,16.0,16.0
ORD-105988,Indian,Side,Jeera Rice,2,14.0,28.0
ORD-105988,Indian,Beverage,Mango Lassi,1,16.0,16.0
ORD-105989,Continental,Main,Grilled Chicken with Mash,1,52.0,52.0
ORD-105990,Italian,Main,Beef Lasagna,1,55.0,55.0
ORD-105990,Italian,Main,Fettuccine Alfredo,1,48.0,48.0
ORD-105991,Chinese,Main,Kung Pao Chicken,1,44.0,44.0
ORD-105991,Chinese,Starter,Hot and Sour Soup,1,24.0,24.0
ORD-105991,Chinese,Side,Steamed Rice,1,10.0,10.0
ORD-105992,Italian,Main,Fettuccine Alfredo,1,48.0,48.0
ORD-105992,Italian,Starter,Bruschetta,1,26.0,26.0
ORD-105992,Continental,Beverage,Chocolate Milkshake,1,22.0,22.0
ORD-105993,Chinese,Main,Veg Hakka Noodles,1,32.0,32.0
ORD-105993,Italian,Main,Fettuccine Alfredo,1,48.0,48.0
ORD-105993,Chinese,Starter,Spring Rolls,1,22.0,22.0
ORD-105993,Chinese,Side,Steamed Rice,2,10.0,20.0
ORD-105993,Chinese,Dessert,Mango Pudding,1,20.0,20.0
ORD-105994,Arabic,Main,Chicken Shawarma Plate,1,38.0,38.0
ORD-105994,Arabic,Main,Lamb Mandi,1,62.0,62.0
ORD-105994,Arabic,Starter,Fattoush,1,24.0,24.0
ORD-105994,Arabic,Side,Arabic Rice,1,12.0,12.0
ORD-105994,Arabic,Beverage,Mint Lemonade,1,18.0,18.0
ORD-105995,Arabic,Main,Chicken Machboos,1,48.0,48.0
ORD-105995,Arabic,Starter,Hummus,1,22.0,22.0
ORD-105996,Indian,Main,Butter Chicken,1,45.0,45.0
ORD-105996,Indian,Starter,Paneer Tikka,1,32.0,32.0
ORD-105996,Indian,Side,Garlic Naan,1,8.0,8.0
ORD-105997,Italian,Main,Fettuccine Alfredo,1,48.0,48.0
ORD-105997,Italian,Beverage,Italian Lemon Soda,1,18.0,18.0
ORD-105998,Chinese,Main,Veg Hakka Noodles,1,32.0,32.0
ORD-105998,Chinese,Main,Chicken Manchurian,1,38.0,38.0
ORD-105998,Chinese,Main,Kung Pao Chicken,1,44.0,44.0
ORD-105998,Chinese,Starter,Spring Rolls,1,22.0,22.0
ORD-105999,Continental,Main,Classic Beef Burger,1,48.0,48.0
ORD-105999,Continental,Starter,Chicken Wings,1,34.0,34.0
ORD-105999,Continental,Side,French Fries,1,16.0,16.0
ORD-105999,Continental,Dessert,Chocolate Brownie,1,24.0,24.0
ORD-106000,Indian,Main,Chicken Biryani,1,42.0,42.0
ORD-106000,Indian,Main,Butter Chicken,1,45.0,45.0
ORD-106000,Indian,Side,Garlic Naan,2,8.0,16.0
ORD-106000,Indian,Beverage,Mango Lassi,2,16.0,32.0
ORD-106001,Chinese,Main,Veg Hakka Noodles,1,32.0,32.0
ORD-106001,Chinese,Starter,Spring Rolls,1,22.0,22.0
ORD-106001,Chinese,Dessert,Mango Pudding,1,20.0,20.0
ORD-106001,Chinese,Beverage,Jasmine Tea,1,12.0,12.0
ORD-106002,Arabic,Main,Chicken Shawarma Plate,1,38.0,38.0
ORD-106002,Chinese,Starter,Hot and Sour Soup,1,24.0,24.0
ORD-106002,Arabic,Dessert,Umm Ali,1,26.0,26.0
ORD-106003,Arabic,Main,Chicken Shawarma Plate,1,38.0,38.0
ORD-106003,Continental,Main,Grilled Salmon,1,78.0,78.0
ORD-106003,Continental,Main,Grilled Chicken with Mash,1,52.0,52.0
ORD-106004,Indian,Main,Butter Chicken,1,45.0,45.0
ORD-106004,Indian,Starter,Vegetable Samosa,1,16.0,16.0
ORD-106004,Indian,Side,Garlic Naan,1,8.0,8.0
ORD-106005,Italian,Main,Margherita Pizza,1,45.0,45.0
ORD-106005,Italian,Starter,Bruschetta,1,26.0,26.0
ORD-106005,Italian,Beverage,Italian Lemon Soda,1,18.0,18.0
ORD-106006,Indian,Main,Palak Paneer,1,34.0,34.0
ORD-106006,Indian,Starter,Vegetable Samosa,1,16.0,16.0
ORD-106007,Arabic,Main,Lamb Mandi,1,62.0,62.0
ORD-106007,Arabic,Starter,Fattoush,1,24.0,24.0
ORD-106007,Arabic,Side,Arabic Rice,1,12.0,12.0
ORD-106008,Italian,Main,Margherita Pizza,1,45.0,45.0
ORD-106008,Italian,Main,Fettuccine Alfredo,1,48.0,48.0
ORD-106008,Italian,Starter,Caesar Salad,1,32.0,32.0
ORD-106008,Italian,Beverage,Italian Lemon Soda,2,18.0,36.0
ORD-106009,Arabic,Main,Mixed Grill,1,75.0,75.0
ORD-106009,Arabic,Dessert,Kunafa,1,28.0,28.0
ORD-106010,Chinese,Main,Chicken Fried Rice,1,34.0,34.0
ORD-106010,Chinese,Starter,Hot and Sour Soup,1,24.0,24.0
ORD-106011,Indian,Main,Chicken Biryani,1,42.0,42.0
ORD-106011,Indian,Main,Mutton Biryani,1,52.0,52.0
ORD-106011,Arabic,Main,Chicken Shawarma Plate,1,38.0,38.0
ORD-106011,Indian,Starter,Paneer Tikka,1,32.0,32.0
ORD-106011,Indian,Dessert,Gulab Jamun,1,18.0,18.0
ORD-106012,Italian,Main,Fettuccine Alfredo,1,48.0,48.0
ORD-106012,Italian,Main,Margherita Pizza,1,45.0,45.0
ORD-106013,Continental,Main,Classic Beef Burger,1,48.0,48.0
ORD-106013,Continental,Starter,Soup of the Day,1,22.0,22.0
ORD-106013,Continental,Side,French Fries,1,16.0,16.0
ORD-106013,Continental,Beverage,Chocolate Milkshake,1,22.0,22.0
ORD-106014,Continental,Main,Grilled Salmon,1,78.0,78.0
ORD-106014,Continental,Main,Grilled Chicken Burger,2,42.0,84.0
ORD-106014,Continental,Side,French Fries,2,16.0,32.0
ORD-106014,Continental,Beverage,Chocolate Milkshake,3,22.0,66.0
ORD-106015,Continental,Main,Grilled Salmon,1,78.0,78.0
ORD-106015,Continental,Starter,Soup of the Day,1,22.0,22.0
ORD-106016,Indian,Main,Chicken Biryani,1,42.0,42.0
ORD-106016,Indian,Side,Garlic Naan,1,8.0,8.0
ORD-106016,Indian,Dessert,Gulab Jamun,1,18.0,18.0
ORD-106017,Indian,Main,Palak Paneer,1,34.0,34.0
ORD-106017,Indian,Main,Butter Chicken,1,45.0,45.0
ORD-106017,Indian,Starter,Vegetable Samosa,1,16.0,16.0
ORD-106017,Indian,Side,Garlic Naan,1,8.0,8.0
ORD-106018,Italian,Main,Margherita Pizza,1,45.0,45.0
ORD-106018,Italian,Side,Garlic Bread,1,18.0,18.0
ORD-106019,Arabic,Main,Chicken Shawarma Plate,2,38.0,76.0
ORD-106019,Arabic,Side,Arabic Rice,2,12.0,24.0
ORD-106019,Arabic,Beverage,Mint Lemonade,2,18.0,36.0
ORD-106020,Chinese,Main,Kung Pao Chicken,1,44.0,44.0
ORD-106020,Chinese,Side,Steamed Rice,1,10.0,10.0
ORD-106021,Arabic,Main,Mixed Grill,1,75.0,75.0
ORD-106021,Arabic,Starter,Hummus,1,22.0,22.0
ORD-106022,Indian,Main,Butter Chicken,1,45.0,45.0
ORD-106022,Indian,Side,Jeera Rice,1,14.0,14.0
ORD-106022,Indian,Dessert,Gulab Jamun,1,18.0,18.0
ORD-106022,Indian,Beverage,Mango Lassi,1,16.0,16.0
ORD-106023,Indian,Main,Mutton Biryani,1,52.0,52.0
ORD-106023,Indian,Dessert,Gulab Jamun,1,18.0,18.0
ORD-106024,Indian,Main,Chicken Biryani,1,42.0,42.0
ORD-106024,Indian,Starter,Paneer Tikka,1,32.0,32.0
ORD-106024,Indian,Beverage,Mango Lassi,1,16.0,16.0
ORD-106025,Continental,Main,Grilled Chicken Burger,1,42.0,42.0
ORD-106025,Continental,Starter,Soup of the Day,1,22.0,22.0
ORD-106025,Continental,Beverage,Chocolate Milkshake,1,22.0,22.0
ORD-106026,Indian,Main,Chicken Biryani,1,42.0,42.0
ORD-106026,Indian,Starter,Paneer Tikka,1,32.0,32.0
ORD-106026,Indian,Beverage,Mango Lassi,1,16.0,16.0
ORD-106027,Indian,Main,Chicken Biryani,1,42.0,42.0
ORD-106028,Italian,Main,Margherita Pizza,1,45.0,45.0
ORD-106028,Italian,Starter,Caesar Salad,1,32.0,32.0
ORD-106028,Italian,Side,Garlic Bread,1,18.0,18.0
ORD-106028,Italian,Beverage,Italian Lemon Soda,1,18.0,18.0
ORD-106029,Continental,Main,Grilled Chicken with Mash,1,52.0,52.0
ORD-106029,Continental,Starter,Soup of the Day,1,22.0,22.0
ORD-106029,Continental,Side,French Fries,1,16.0,16.0
ORD-106029,Continental,Beverage,Chocolate Milkshake,1,22.0,22.0
ORD-106030,Arabic,Main,Mixed Grill,1,75.0,75.0
ORD-106030,Arabic,Beverage,Mint Lemonade,1,18.0,18.0
ORD-106031,Arabic,Main,Chicken Shawarma Plate,3,38.0,114.0
ORD-106031,Arabic,Main,Lamb Mandi,1,62.0,62.0
ORD-106032,Chinese,Main,Chicken Manchurian,1,38.0,38.0
ORD-106032,Chinese,Beverage,Jasmine Tea,1,12.0,12.0
ORD-106033,Indian,Main,Chicken Biryani,1,42.0,42.0
ORD-106033,Indian,Starter,Chicken Tikka,1,36.0,36.0
ORD-106033,Indian,Side,Garlic Naan,1,8.0,8.0
ORD-106033,Indian,Beverage,Mango Lassi,1,16.0,16.0
ORD-106034,Continental,Main,Classic Beef Burger,1,48.0,48.0
ORD-106034,Continental,Starter,Chicken Wings,1,34.0,34.0
ORD-106034,Continental,Dessert,Chocolate Brownie,1,24.0,24.0
ORD-106035,Indian,Main,Dal Makhani,1,32.0,32.0
ORD-106035,Indian,Side,Garlic Naan,1,8.0,8.0
ORD-106035,Indian,Beverage,Mango Lassi,1,16.0,16.0
ORD-106036,Italian,Main,Margherita Pizza,1,45.0,45.0
ORD-106036,Italian,Starter,Caesar Salad,1,32.0,32.0
ORD-106036,Italian,Side,Garlic Bread,1,18.0,18.0
ORD-106036,Italian,Dessert,Tiramisu,1,30.0,30.0
ORD-106037,Indian,Main,Chicken Biryani,1,42.0,42.0
ORD-106037,Indian,Main,Butter Chicken,1,45.0,45.0
ORD-106037,Indian,Side,Jeera Rice,1,14.0,14.0
ORD-106037,Indian,Beverage,Mango Lassi,1,16.0,16.0
ORD-106038,Chinese,Main,Chicken Fried Rice,1,34.0,34.0
ORD-106038,Chinese,Main,Veg Hakka Noodles,1,32.0,32.0
ORD-106038,Chinese,Main,Szechuan Beef,1,52.0,52.0
ORD-106038,Italian,Starter,Bruschetta,1,26.0,26.0
ORD-106038,Chinese,Beverage,Jasmine Tea,1,12.0,12.0
ORD-106039,Arabic,Main,Lamb Mandi,3,62.0,186.0
ORD-106039,Arabic,Starter,Hummus,1,22.0,22.0
ORD-106039,Arabic,Dessert,Umm Ali,1,26.0,26.0
ORD-106040,Indian,Main,Butter Chicken,1,45.0,45.0
ORD-106040,Indian,Side,Jeera Rice,1,14.0,14.0
ORD-106040,Indian,Beverage,Mango Lassi,1,16.0,16.0
ORD-106041,Continental,Main,Classic Beef Burger,1,48.0,48.0
ORD-106041,Continental,Dessert,Chocolate Brownie,1,24.0,24.0
ORD-106042,Indian,Main,Palak Paneer,1,34.0,34.0
ORD-106042,Indian,Starter,Paneer Tikka,1,32.0,32.0
ORD-106042,Indian,Side,Garlic Naan,1,8.0,8.0
ORD-106042,Indian,Beverage,Mango Lassi,1,16.0,16.0
ORD-106043,Arabic,Main,Lamb Mandi,2,62.0,124.0
ORD-106043,Arabic,Starter,Hummus,1,22.0,22.0
ORD-106043,Arabic,Beverage,Mint Lemonade,2,18.0,36.0
ORD-106044,Indian,Main,Butter Chicken,1,45.0,45.0
ORD-106044,Indian,Starter,Vegetable Samosa,1,16.0,16.0
ORD-106044,Indian,Side,Garlic Naan,1,8.0,8.0
ORD-106044,Indian,Beverage,Mango Lassi,1,16.0,16.0
ORD-106045,Chinese,Main,Veg Hakka Noodles,1,32.0,32.0
ORD-106045,Chinese,Main,Chicken Fried Rice,1,34.0,34.0
ORD-106045,Chinese,Main,Kung Pao Chicken,1,44.0,44.0
ORD-106045,Chinese,Starter,Hot and Sour Soup,1,24.0,24.0
ORD-106045,Chinese,Beverage,Jasmine Tea,2,12.0,24.0
ORD-106046,Italian,Main,Margherita Pizza,1,45.0,45.0
ORD-106046,Italian,Starter,Caesar Salad,1,32.0,32.0
ORD-106046,Italian,Dessert,Tiramisu,1,30.0,30.0
ORD-106047,Italian,Main,Pepperoni Pizza,1,52.0,52.0
ORD-106047,Italian,Beverage,Italian Lemon Soda,1,18.0,18.0
ORD-106048,Arabic,Main,Chicken Shawarma Plate,1,38.0,38.0
ORD-106048,Arabic,Main,Lamb Mandi,1,62.0,62.0
ORD-106048,Arabic,Starter,Fattoush,1,24.0,24.0
ORD-106048,Arabic,Beverage,Mint Lemonade,2,18.0,36.0
ORD-106049,Italian,Main,Fettuccine Alfredo,1,48.0,48.0
ORD-106050,Indian,Main,Chicken Biryani,1,42.0,42.0
ORD-106051,Italian,Main,Margherita Pizza,1,45.0,45.0
ORD-106052,Arabic,Main,Mixed Grill,1,75.0,75.0
ORD-106052,Arabic,Starter,Fattoush,1,24.0,24.0
ORD-106053,Italian,Main,Pepperoni Pizza,1,52.0,52.0
ORD-106053,Italian,Starter,Caesar Salad,1,32.0,32.0
ORD-106054,Italian,Main,Margherita Pizza,1,45.0,45.0
ORD-106055,Indian,Main,Butter Chicken,1,45.0,45.0
ORD-106055,Indian,Starter,Vegetable Samosa,1,16.0,16.0
ORD-106055,Indian,Side,Garlic Naan,1,8.0,8.0
ORD-106055,Continental,Dessert,New York Cheesecake,1,28.0,28.0
ORD-106056,Italian,Main,Beef Lasagna,1,55.0,55.0
ORD-106056,Italian,Starter,Bruschetta,1,26.0,26.0
ORD-106057,Arabic,Main,Chicken Machboos,1,48.0,48.0
ORD-106057,Arabic,Main,Chicken Shawarma Plate,1,38.0,38.0
ORD-106057,Arabic,Starter,Hummus,1,22.0,22.0
ORD-106057,Arabic,Side,Arabic Rice,1,12.0,12.0
ORD-106057,Arabic,Beverage,Mint Lemonade,1,18.0,18.0
ORD-106058,Indian,Main,Butter Chicken,1,45.0,45.0
ORD-106058,Indian,Side,Jeera Rice,1,14.0,14.0
ORD-106059,Arabic,Main,Falafel Wrap,1,22.0,22.0
ORD-106059,Arabic,Main,Chicken Shawarma Plate,1,38.0,38.0
ORD-106059,Chinese,Main,Veg Hakka Noodles,1,32.0,32.0
ORD-106059,Arabic,Side,Arabic Rice,1,12.0,12.0
ORD-106059,Arabic,Beverage,Mint Lemonade,3,18.0,54.0
ORD-106060,Chinese,Main,Chicken Manchurian,1,38.0,38.0
ORD-106060,Chinese,Side,Steamed Rice,1,10.0,10.0
ORD-106060,Chinese,Dessert,Mango Pudding,1,20.0,20.0
ORD-106060,Chinese,Beverage,Jasmine Tea,1,12.0,12.0
ORD-106061,Arabic,Main,Falafel Wrap,1,22.0,22.0
ORD-106061,Arabic,Side,Arabic Rice,1,12.0,12.0
ORD-106061,Arabic,Dessert,Kunafa,1,28.0,28.0
ORD-106062,Indian,Main,Butter Chicken,1,45.0,45.0
ORD-106062,Indian,Starter,Vegetable Samosa,1,16.0,16.0
ORD-106062,Indian,Side,Garlic Naan,1,8.0,8.0
ORD-106062,Indian,Dessert,Gulab Jamun,1,18.0,18.0
ORD-106063,Continental,Main,Classic Beef Burger,1,48.0,48.0
ORD-106063,Continental,Starter,Chicken Wings,1,34.0,34.0
ORD-106063,Continental,Side,French Fries,1,16.0,16.0
ORD-106063,Continental,Beverage,Chocolate Milkshake,1,22.0,22.0
ORD-106064,Italian,Main,Penne Arrabbiata,1,42.0,42.0
ORD-106065,Italian,Main,Penne Arrabbiata,1,42.0,42.0
ORD-106065,Italian,Dessert,Tiramisu,1,30.0,30.0
ORD-106065,Italian,Beverage,Italian Lemon Soda,1,18.0,18.0
ORD-106066,Indian,Main,Butter Chicken,2,45.0,90.0
ORD-106066,Indian,Main,Dal Makhani,1,32.0,32.0
ORD-106066,Indian,Beverage,Mango Lassi,1,16.0,16.0
ORD-106067,Indian,Main,Palak Paneer,1,34.0,34.0
ORD-106067,Indian,Starter,Vegetable Samosa,1,16.0,16.0
ORD-106067,Indian,Side,Garlic Naan,1,8.0,8.0
ORD-106068,Arabic,Main,Chicken Machboos,2,48.0,96.0
ORD-106068,Arabic,Starter,Fattoush,1,24.0,24.0
ORD-106069,Indian,Main,Chicken Biryani,1,42.0,42.0
ORD-106069,Indian,Main,Butter Chicken,1,45.0,45.0
ORD-106069,Indian,Side,Garlic Naan,1,8.0,8.0
ORD-106070,Indian,Main,Butter Chicken,1,45.0,45.0
ORD-106070,Indian,Side,Garlic Naan,1,8.0,8.0
ORD-106071,Arabic,Main,Chicken Machboos,1,48.0,48.0
ORD-106071,Arabic,Main,Falafel Wrap,1,22.0,22.0
ORD-106071,Arabic,Starter,Fattoush,1,24.0,24.0
ORD-106071,Arabic,Side,Arabic Rice,1,12.0,12.0
ORD-106071,Arabic,Dessert,Umm Ali,1,26.0,26.0
ORD-106071,Arabic,Beverage,Mint Lemonade,1,18.0,18.0
ORD-106072,Indian,Main,Chicken Biryani,1,42.0,42.0
ORD-106072,Indian,Side,Jeera Rice,1,14.0,14.0
ORD-106072,Continental,Beverage,Chocolate Milkshake,1,22.0,22.0
ORD-106073,Arabic,Main,Chicken Shawarma Plate,1,38.0,38.0
ORD-106073,Arabic,Dessert,Kunafa,1,28.0,28.0
ORD-106073,Arabic,Beverage,Mint Lemonade,1,18.0,18.0
ORD-106074,Chinese,Main,Szechuan Beef,1,52.0,52.0
ORD-106074,Chinese,Side,Steamed Rice,1,10.0,10.0
ORD-106075,Arabic,Main,Falafel Wrap,1,22.0,22.0
ORD-106075,Arabic,Main,Chicken Machboos,1,48.0,48.0
ORD-106075,Arabic,Starter,Mutabbal,1,22.0,22.0
ORD-106075,Arabic,Side,Arabic Rice,1,12.0,12.0
ORD-106075,Arabic,Dessert,Kunafa,1,28.0,28.0
ORD-106076,Italian,Main,Pepperoni Pizza,1,52.0,52.0
ORD-106076,Italian,Main,Penne Arrabbiata,1,42.0,42.0
ORD-106077,Indian,Main,Chicken Biryani,1,42.0,42.0
ORD-106077,Indian,Main,Mutton Biryani,1,52.0,52.0
ORD-106077,Indian,Main,Butter Chicken,1,45.0,45.0
ORD-106077,Indian,Beverage,Mango Lassi,3,16.0,48.0
ORD-106078,Italian,Main,Penne Arrabbiata,1,42.0,42.0
ORD-106078,Italian,Main,Margherita Pizza,1,45.0,45.0
ORD-106078,Italian,Side,Garlic Bread,1,18.0,18.0
ORD-106078,Italian,Dessert,Tiramisu,1,30.0,30.0
ORD-106079,Indian,Main,Palak Paneer,1,34.0,34.0
ORD-106079,Arabic,Main,Falafel Wrap,1,22.0,22.0
ORD-106079,Indian,Side,Jeera Rice,2,14.0,28.0
ORD-106080,Arabic,Main,Lamb Mandi,1,62.0,62.0
ORD-106080,Arabic,Main,Chicken Machboos,1,48.0,48.0
ORD-106081,Arabic,Main,Mixed Grill,1,75.0,75.0
ORD-106081,Arabic,Starter,Hummus,1,22.0,22.0
ORD-106081,Arabic,Side,Arabic Rice,1,12.0,12.0
ORD-106082,Chinese,Main,Kung Pao Chicken,1,44.0,44.0
ORD-106082,Chinese,Side,Steamed Rice,1,10.0,10.0
ORD-106083,Italian,Main,Margherita Pizza,1,45.0,45.0
ORD-106083,Continental,Starter,Chicken Wings,1,34.0,34.0
ORD-106084,Arabic,Main,Chicken Machboos,1,48.0,48.0
ORD-106084,Arabic,Starter,Fattoush,1,24.0,24.0
ORD-106085,Italian,Main,Fettuccine Alfredo,1,48.0,48.0
ORD-106085,Italian,Beverage,Italian Lemon Soda,1,18.0,18.0
ORD-106086,Indian,Main,Butter Chicken,2,45.0,90.0
ORD-106086,Indian,Main,Chicken Biryani,1,42.0,42.0
ORD-106086,Indian,Starter,Vegetable Samosa,1,16.0,16.0
ORD-106087,Chinese,Main,Veg Hakka Noodles,2,32.0,64.0
ORD-106087,Chinese,Starter,Chicken Dim Sum,1,34.0,34.0
ORD-106087,Chinese,Side,Steamed Rice,1,10.0,10.0
ORD-106088,Italian,Main,Fettuccine Alfredo,1,48.0,48.0
ORD-106088,Italian,Side,Garlic Bread,1,18.0,18.0
ORD-106088,Italian,Beverage,Italian Lemon Soda,1,18.0,18.0
ORD-106089,Indian,Main,Palak Paneer,1,34.0,34.0
ORD-106089,Continental,Main,Fish and Chips,1,50.0,50.0
ORD-106089,Continental,Starter,Chicken Wings,1,34.0,34.0
ORD-106089,Indian,Side,Jeera Rice,1,14.0,14.0
ORD-106089,Indian,Dessert,Gulab Jamun,1,18.0,18.0
ORD-106089,Indian,Beverage,Mango Lassi,1,16.0,16.0
ORD-106090,Continental,Main,Grilled Chicken Burger,1,42.0,42.0
ORD-106090,Continental,Side,French Fries,1,16.0,16.0
ORD-106091,Continental,Main,Grilled Chicken with Mash,1,52.0,52.0
ORD-106091,Continental,Starter,Chicken Wings,1,34.0,34.0
ORD-106091,Continental,Beverage,Chocolate Milkshake,1,22.0,22.0
ORD-106092,Chinese,Main,Veg Hakka Noodles,1,32.0,32.0
ORD-106092,Chinese,Beverage,Jasmine Tea,1,12.0,12.0
ORD-106093,Continental,Main,Grilled Salmon,1,78.0,78.0
ORD-106093,Continental,Beverage,Chocolate Milkshake,1,22.0,22.0
ORD-106094,Indian,Main,Dal Makhani,1,32.0,32.0
ORD-106094,Indian,Starter,Vegetable Samosa,1,16.0,16.0
ORD-106094,Indian,Side,Garlic Naan,1,8.0,8.0
ORD-106095,Indian,Main,Butter Chicken,1,45.0,45.0
ORD-106095,Indian,Main,Dal Makhani,1,32.0,32.0
ORD-106095,Indian,Starter,Chicken Tikka,1,36.0,36.0
ORD-106095,Indian,Beverage,Mango Lassi,1,16.0,16.0
ORD-106096,Indian,Main,Dal Makhani,1,32.0,32.0
ORD-106097,Arabic,Main,Chicken Shawarma Plate,1,38.0,38.0
ORD-106097,Arabic,Side,Arabic Rice,1,12.0,12.0
ORD-106098,Indian,Main,Chicken Biryani,1,42.0,42.0
ORD-106098,Indian,Starter,Chicken Tikka,1,36.0,36.0
ORD-106098,Indian,Side,Garlic Naan,1,8.0,8.0
ORD-106098,Indian,Dessert,Gulab Jamun,1,18.0,18.0
ORD-106099,Continental,Main,Grilled Chicken Burger,1,42.0,42.0
ORD-106099,Continental,Dessert,Chocolate Brownie,1,24.0,24.0
ORD-106099,Continental,Beverage,Chocolate Milkshake,1,22.0,22.0
ORD-106100,Arabic,Main,Mixed Grill,1,75.0,75.0
ORD-106100,Arabic,Starter,Mutabbal,1,22.0,22.0
ORD-106100,Arabic,Side,Arabic Rice,1,12.0,12.0
ORD-106100,Arabic,Beverage,Mint Lemonade,1,18.0,18.0
ORD-106101,Italian,Main,Margherita Pizza,2,45.0,90.0
ORD-106101,Italian,Beverage,Italian Lemon Soda,2,18.0,36.0
ORD-106102,Continental,Main,Classic Beef Burger,2,48.0,96.0
ORD-106102,Continental,Beverage,Chocolate Milkshake,2,22.0,44.0
ORD-106103,Italian,Main,Beef Lasagna,1,55.0,55.0
ORD-106103,Italian,Main,Pepperoni Pizza,1,52.0,52.0
ORD-106103,Italian,Starter,Caesar Salad,1,32.0,32.0
ORD-106103,Italian,Side,Garlic Bread,2,18.0,36.0
ORD-106103,Italian,Beverage,Italian Lemon Soda,2,18.0,36.0
ORD-106104,Arabic,Main,Chicken Machboos,1,48.0,48.0
ORD-106104,Arabic,Main,Chicken Shawarma Plate,1,38.0,38.0
ORD-106104,Arabic,Main,Falafel Wrap,1,22.0,22.0
ORD-106104,Arabic,Starter,Hummus,1,22.0,22.0
ORD-106104,Arabic,Beverage,Mint Lemonade,1,18.0,18.0
ORD-106105,Arabic,Main,Chicken Shawarma Plate,1,38.0,38.0
ORD-106105,Indian,Main,Chicken Biryani,1,42.0,42.0
ORD-106105,Indian,Main,Palak Paneer,1,34.0,34.0
ORD-106105,Arabic,Starter,Hummus,1,22.0,22.0
ORD-106105,Arabic,Side,Arabic Rice,1,12.0,12.0
ORD-106105,Arabic,Dessert,Kunafa,1,28.0,28.0
ORD-106105,Arabic,Beverage,Mint Lemonade,2,18.0,36.0
ORD-106106,Chinese,Main,Chicken Fried Rice,1,34.0,34.0
ORD-106106,Chinese,Main,Szechuan Beef,1,52.0,52.0
ORD-106106,Chinese,Starter,Spring Rolls,1,22.0,22.0
ORD-106107,Indian,Main,Dal Makhani,1,32.0,32.0
ORD-106107,Indian,Main,Chicken Biryani,2,42.0,84.0
ORD-106107,Indian,Starter,Vegetable Samosa,1,16.0,16.0
ORD-106107,Indian,Side,Garlic Naan,2,8.0,16.0
ORD-106107,Indian,Beverage,Mango Lassi,3,16.0,48.0
ORD-106108,Indian,Main,Butter Chicken,2,45.0,90.0
ORD-106108,Italian,Starter,Caesar Salad,1,32.0,32.0
ORD-106108,Indian,Side,Garlic Naan,2,8.0,16.0
ORD-106109,Indian,Main,Butter Chicken,1,45.0,45.0
ORD-106109,Indian,Main,Dal Makhani,1,32.0,32.0
ORD-106109,Indian,Side,Jeera Rice,1,14.0,14.0
ORD-106109,Indian,Beverage,Mango Lassi,2,16.0,32.0
ORD-106110,Arabic,Main,Lamb Mandi,1,62.0,62.0
ORD-106111,Continental,Main,Grilled Chicken Burger,1,42.0,42.0
ORD-106112,Indian,Main,Butter Chicken,1,45.0,45.0
ORD-106112,Indian,Starter,Vegetable Samosa,1,16.0,16.0
ORD-106112,Indian,Side,Garlic Naan,1,8.0,8.0
ORD-106112,Indian,Beverage,Mango Lassi,1,16.0,16.0
ORD-106113,Chinese,Main,Chicken Manchurian,1,38.0,38.0
ORD-106113,Chinese,Dessert,Mango Pudding,1,20.0,20.0
ORD-106114,Indian,Main,Dal Makhani,2,32.0,64.0
ORD-106114,Indian,Starter,Paneer Tikka,1,32.0,32.0
ORD-106114,Indian,Dessert,Gulab Jamun,1,18.0,18.0
ORD-106115,Italian,Main,Fettuccine Alfredo,2,48.0,96.0
ORD-106115,Italian,Starter,Bruschetta,1,26.0,26.0
ORD-106116,Indian,Main,Palak Paneer,1,34.0,34.0
ORD-106116,Indian,Main,Butter Chicken,1,45.0,45.0
ORD-106116,Indian,Main,Chicken Biryani,1,42.0,42.0
ORD-106116,Indian,Starter,Paneer Tikka,1,32.0,32.0
ORD-106116,Indian,Beverage,Mango Lassi,1,16.0,16.0
ORD-106117,Arabic,Main,Lamb Mandi,1,62.0,62.0
ORD-106117,Arabic,Main,Mixed Grill,1,75.0,75.0
ORD-106117,Arabic,Main,Chicken Machboos,1,48.0,48.0
ORD-106117,Arabic,Starter,Fattoush,1,24.0,24.0
ORD-106117,Arabic,Beverage,Mint Lemonade,2,18.0,36.0
ORD-106118,Italian,Main,Margherita Pizza,2,45.0,90.0
ORD-106118,Italian,Main,Pepperoni Pizza,1,52.0,52.0
ORD-106118,Italian,Beverage,Italian Lemon Soda,2,18.0,36.0
ORD-106119,Indian,Main,Palak Paneer,1,34.0,34.0
ORD-106119,Indian,Side,Garlic Naan,1,8.0,8.0
ORD-106119,Indian,Beverage,Mango Lassi,1,16.0,16.0
ORD-106120,Italian,Main,Pepperoni Pizza,1,52.0,52.0
ORD-106120,Italian,Side,Garlic Bread,1,18.0,18.0
ORD-106121,Continental,Main,Classic Beef Burger,1,48.0,48.0
ORD-106121,Continental,Main,Grilled Salmon,1,78.0,78.0
ORD-106121,Continental,Starter,Chicken Wings,1,34.0,34.0
ORD-106122,Indian,Main,Palak Paneer,1,34.0,34.0
ORD-106122,Indian,Starter,Paneer Tikka,1,32.0,32.0
ORD-106123,Indian,Main,Butter Chicken,1,45.0,45.0
ORD-106123,Indian,Main,Dal Makhani,1,32.0,32.0
ORD-106123,Indian,Starter,Paneer Tikka,1,32.0,32.0
ORD-106123,Indian,Side,Garlic Naan,1,8.0,8.0
ORD-106124,Arabic,Main,Falafel Wrap,1,22.0,22.0
ORD-106124,Arabic,Dessert,Umm Ali,1,26.0,26.0
ORD-106124,Arabic,Beverage,Mint Lemonade,1,18.0,18.0
ORD-106125,Indian,Main,Chicken Biryani,2,42.0,84.0
ORD-106126,Italian,Main,Margherita Pizza,1,45.0,45.0
ORD-106126,Italian,Main,Penne Arrabbiata,1,42.0,42.0
ORD-106126,Italian,Side,Garlic Bread,2,18.0,36.0
ORD-106126,Italian,Dessert,Tiramisu,1,30.0,30.0
ORD-106127,Indian,Main,Dal Makhani,1,32.0,32.0
ORD-106128,Italian,Main,Margherita Pizza,1,45.0,45.0
ORD-106129,Arabic,Main,Chicken Machboos,1,48.0,48.0
ORD-106129,Arabic,Starter,Fattoush,1,24.0,24.0
ORD-106129,Arabic,Side,Arabic Rice,1,12.0,12.0
ORD-106129,Arabic,Beverage,Mint Lemonade,1,18.0,18.0
ORD-106130,Continental,Main,Grilled Chicken with Mash,1,52.0,52.0
ORD-106130,Continental,Starter,Chicken Wings,1,34.0,34.0
ORD-106130,Continental,Side,French Fries,1,16.0,16.0
ORD-106131,Continental,Main,Grilled Chicken Burger,1,42.0,42.0
ORD-106131,Continental,Main,Classic Beef Burger,1,48.0,48.0
ORD-106131,Continental,Starter,Soup of the Day,1,22.0,22.0
ORD-106132,Indian,Main,Butter Chicken,1,45.0,45.0
ORD-106132,Indian,Main,Mutton Biryani,1,52.0,52.0
ORD-106132,Indian,Side,Garlic Naan,1,8.0,8.0
ORD-106133,Continental,Main,Grilled Salmon,2,78.0,156.0
ORD-106133,Continental,Main,Classic Beef Burger,1,48.0,48.0
ORD-106133,Continental,Starter,Soup of the Day,1,22.0,22.0
ORD-106134,Arabic,Main,Chicken Machboos,1,48.0,48.0
ORD-106134,Arabic,Main,Mixed Grill,1,75.0,75.0
ORD-106134,Arabic,Main,Chicken Shawarma Plate,1,38.0,38.0
ORD-106134,Arabic,Starter,Fattoush,1,24.0,24.0
ORD-106134,Arabic,Side,Arabic Rice,1,12.0,12.0
ORD-106135,Chinese,Main,Chicken Manchurian,1,38.0,38.0
ORD-106135,Chinese,Starter,Spring Rolls,1,22.0,22.0
ORD-106135,Chinese,Dessert,Mango Pudding,1,20.0,20.0
ORD-106136,Indian,Main,Butter Chicken,2,45.0,90.0
ORD-106136,Indian,Side,Garlic Naan,2,8.0,16.0
ORD-106136,Indian,Beverage,Mango Lassi,2,16.0,32.0
ORD-106137,Italian,Main,Pepperoni Pizza,1,52.0,52.0
ORD-106137,Italian,Side,Garlic Bread,1,18.0,18.0
ORD-106137,Italian,Beverage,Italian Lemon Soda,1,18.0,18.0
ORD-106138,Indian,Main,Butter Chicken,1,45.0,45.0
ORD-106138,Indian,Main,Dal Makhani,1,32.0,32.0
ORD-106138,Indian,Starter,Chicken Tikka,1,36.0,36.0
ORD-106138,Indian,Beverage,Mango Lassi,2,16.0,32.0
ORD-106139,Chinese,Main,Chicken Manchurian,1,38.0,38.0
ORD-106139,Chinese,Main,Veg Hakka Noodles,1,32.0,32.0
ORD-106139,Chinese,Starter,Spring Rolls,1,22.0,22.0
ORD-106139,Chinese,Beverage,Jasmine Tea,2,12.0,24.0
ORD-106140,Continental,Main,Grilled Salmon,1,78.0,78.0
ORD-106140,Continental,Main,Fish and Chips,1,50.0,50.0
ORD-106141,Continental,Main,Classic Beef Burger,1,48.0,48.0
ORD-106142,Continental,Main,Classic Beef Burger,1,48.0,48.0
ORD-106142,Continental,Main,Grilled Chicken with Mash,1,52.0,52.0
ORD-106142,Continental,Dessert,New York Cheesecake,1,28.0,28.0
ORD-106143,Italian,Main,Margherita Pizza,1,45.0,45.0
ORD-106144,Chinese,Main,Kung Pao Chicken,1,44.0,44.0
ORD-106144,Chinese,Starter,Chicken Dim Sum,1,34.0,34.0
ORD-106145,Italian,Main,Pepperoni Pizza,1,52.0,52.0
ORD-106145,Italian,Main,Fettuccine Alfredo,1,48.0,48.0
ORD-106145,Italian,Starter,Bruschetta,1,26.0,26.0
ORD-106145,Italian,Side,Garlic Bread,2,18.0,36.0
ORD-106146,Italian,Main,Margherita Pizza,1,45.0,45.0
ORD-106147,Continental,Main,Classic Beef Burger,1,48.0,48.0
ORD-106147,Continental,Starter,Chicken Wings,1,34.0,34.0
ORD-106147,Continental,Dessert,Chocolate Brownie,1,24.0,24.0
ORD-106148,Arabic,Main,Chicken Machboos,1,48.0,48.0
ORD-106148,Arabic,Beverage,Mint Lemonade,1,18.0,18.0
ORD-106149,Continental,Main,Grilled Salmon,1,78.0,78.0
ORD-106149,Continental,Dessert,New York Cheesecake,1,28.0,28.0
ORD-106149,Arabic,Beverage,Mint Lemonade,1,18.0,18.0
ORD-106150,Continental,Main,Grilled Chicken with Mash,2,52.0,104.0
ORD-106150,Continental,Starter,Chicken Wings,1,34.0,34.0
ORD-106150,Continental,Side,French Fries,2,16.0,32.0
ORD-106151,Indian,Main,Butter Chicken,1,45.0,45.0
ORD-106151,Italian,Main,Pepperoni Pizza,1,52.0,52.0
ORD-106151,Indian,Side,Jeera Rice,1,14.0,14.0
ORD-106151,Italian,Beverage,Italian Lemon Soda,2,18.0,36.0
ORD-106152,Indian,Main,Butter Chicken,1,45.0,45.0
ORD-106152,Indian,Side,Garlic Naan,1,8.0,8.0
ORD-106153,Continental,Main,Grilled Salmon,1,78.0,78.0
ORD-106153,Continental,Dessert,New York Cheesecake,1,28.0,28.0
ORD-106153,Continental,Beverage,Chocolate Milkshake,1,22.0,22.0
ORD-106154,Italian,Main,Fettuccine Alfredo,1,48.0,48.0
ORD-106154,Italian,Side,Garlic Bread,1,18.0,18.0
ORD-106155,Continental,Main,Classic Beef Burger,1,48.0,48.0
ORD-106155,Continental,Main,Fish and Chips,1,50.0,50.0
ORD-106155,Continental,Dessert,Chocolate Brownie,1,24.0,24.0
ORD-106156,Arabic,Main,Lamb Mandi,1,62.0,62.0
ORD-106156,Arabic,Starter,Mutabbal,1,22.0,22.0
ORD-106157,Indian,Main,Chicken Biryani,3,42.0,126.0
ORD-106157,Indian,Side,Garlic Naan,2,8.0,16.0
ORD-106158,Arabic,Main,Chicken Shawarma Plate,1,38.0,38.0
ORD-106158,Arabic,Beverage,Mint Lemonade,1,18.0,18.0
ORD-106159,Italian,Main,Margherita Pizza,1,45.0,45.0
ORD-106159,Italian,Main,Beef Lasagna,1,55.0,55.0
ORD-106159,Italian,Starter,Caesar Salad,1,32.0,32.0
ORD-106159,Italian,Beverage,Italian Lemon Soda,2,18.0,36.0
ORD-106160,Indian,Main,Dal Makhani,1,32.0,32.0
ORD-106160,Indian,Side,Jeera Rice,1,14.0,14.0
ORD-106160,Indian,Beverage,Mango Lassi,1,16.0,16.0
ORD-106161,Indian,Main,Dal Makhani,1,32.0,32.0
ORD-106161,Indian,Starter,Vegetable Samosa,1,16.0,16.0
ORD-106161,Indian,Side,Jeera Rice,1,14.0,14.0
ORD-106162,Continental,Main,Grilled Chicken with Mash,1,52.0,52.0
ORD-106163,Chinese,Main,Chicken Fried Rice,1,34.0,34.0
ORD-106163,Chinese,Starter,Hot and Sour Soup,1,24.0,24.0
ORD-106163,Arabic,Beverage,Mint Lemonade,1,18.0,18.0
ORD-106164,Indian,Main,Palak Paneer,2,34.0,68.0
ORD-106164,Indian,Side,Jeera Rice,2,14.0,28.0
ORD-106165,Arabic,Main,Chicken Machboos,1,48.0,48.0
ORD-106165,Arabic,Main,Falafel Wrap,1,22.0,22.0
ORD-106165,Arabic,Dessert,Umm Ali,1,26.0,26.0
ORD-106165,Arabic,Beverage,Mint Lemonade,2,18.0,36.0
ORD-106166,Continental,Main,Grilled Chicken Burger,1,42.0,42.0
ORD-106166,Continental,Main,Fish and Chips,1,50.0,50.0
ORD-106166,Continental,Starter,Chicken Wings,1,34.0,34.0
ORD-106166,Continental,Dessert,Chocolate Brownie,1,24.0,24.0
ORD-106166,Continental,Beverage,Chocolate Milkshake,2,22.0,44.0
ORD-106167,Italian,Main,Pepperoni Pizza,1,52.0,52.0
ORD-106167,Italian,Starter,Caesar Salad,1,32.0,32.0
ORD-106167,Italian,Beverage,Italian Lemon Soda,1,18.0,18.0
ORD-106168,Italian,Main,Fettuccine Alfredo,1,48.0,48.0
ORD-106168,Italian,Main,Beef Lasagna,2,55.0,110.0
ORD-106168,Italian,Starter,Caesar Salad,1,32.0,32.0
ORD-106169,Arabic,Main,Chicken Machboos,1,48.0,48.0
ORD-106169,Arabic,Starter,Hummus,1,22.0,22.0
ORD-106169,Arabic,Side,Arabic Rice,1,12.0,12.0
ORD-106170,Indian,Main,Chicken Biryani,1,42.0,42.0
ORD-106170,Indian,Side,Jeera Rice,1,14.0,14.0
ORD-106170,Indian,Dessert,Gulab Jamun,1,18.0,18.0
ORD-106171,Arabic,Main,Mixed Grill,1,75.0,75.0
ORD-106171,Arabic,Main,Chicken Shawarma Plate,1,38.0,38.0
ORD-106171,Arabic,Starter,Hummus,1,22.0,22.0
ORD-106171,Arabic,Beverage,Mint Lemonade,2,18.0,36.0
ORD-106172,Chinese,Main,Veg Hakka Noodles,1,32.0,32.0
ORD-106172,Chinese,Main,Chicken Manchurian,1,38.0,38.0
ORD-106172,Chinese,Starter,Spring Rolls,1,22.0,22.0
ORD-106172,Chinese,Beverage,Jasmine Tea,1,12.0,12.0
ORD-106173,Chinese,Main,Chicken Fried Rice,1,34.0,34.0
ORD-106174,Indian,Main,Dal Makhani,1,32.0,32.0
ORD-106174,Indian,Starter,Chicken Tikka,1,36.0,36.0
ORD-106174,Indian,Side,Garlic Naan,1,8.0,8.0
ORD-106175,Italian,Main,Margherita Pizza,1,45.0,45.0
ORD-106175,Italian,Main,Penne Arrabbiata,1,42.0,42.0
ORD-106175,Italian,Starter,Bruschetta,1,26.0,26.0
ORD-106175,Italian,Dessert,Tiramisu,1,30.0,30.0
ORD-106176,Arabic,Main,Mixed Grill,1,75.0,75.0
ORD-106176,Arabic,Main,Chicken Machboos,1,48.0,48.0
ORD-106176,Arabic,Starter,Hummus,1,22.0,22.0
ORD-106176,Arabic,Dessert,Kunafa,1,28.0,28.0
ORD-106176,Arabic,Beverage,Mint Lemonade,2,18.0,36.0
ORD-106177,Arabic,Main,Lamb Mandi,1,62.0,62.0
ORD-106177,Chinese,Starter,Hot and Sour Soup,1,24.0,24.0
ORD-106177,Arabic,Beverage,Mint Lemonade,1,18.0,18.0
ORD-106178,Chinese,Main,Chicken Manchurian,1,38.0,38.0
ORD-106179,Italian,Main,Beef Lasagna,1,55.0,55.0
ORD-106179,Italian,Starter,Caesar Salad,1,32.0,32.0
ORD-106179,Italian,Beverage,Italian Lemon Soda,1,18.0,18.0
ORD-106180,Chinese,Main,Chicken Fried Rice,1,34.0,34.0
ORD-106180,Chinese,Main,Kung Pao Chicken,1,44.0,44.0
ORD-106180,Chinese,Side,Steamed Rice,2,10.0,20.0
ORD-106181,Arabic,Main,Falafel Wrap,1,22.0,22.0
ORD-106181,Arabic,Starter,Fattoush,1,24.0,24.0
ORD-106182,Indian,Main,Mutton Biryani,1,52.0,52.0
ORD-106182,Indian,Starter,Paneer Tikka,1,32.0,32.0
ORD-106182,Indian,Side,Garlic Naan,1,8.0,8.0
ORD-106182,Indian,Dessert,Gulab Jamun,1,18.0,18.0
ORD-106183,Arabic,Main,Lamb Mandi,1,62.0,62.0
ORD-106183,Italian,Main,Pepperoni Pizza,1,52.0,52.0
ORD-106183,Arabic,Main,Chicken Machboos,1,48.0,48.0
ORD-106183,Arabic,Beverage,Mint Lemonade,1,18.0,18.0
ORD-106184,Italian,Main,Fettuccine Alfredo,1,48.0,48.0
ORD-106184,Italian,Main,Penne Arrabbiata,1,42.0,42.0
ORD-106184,Italian,Side,Garlic Bread,1,18.0,18.0
ORD-106185,Arabic,Main,Chicken Machboos,1,48.0,48.0
ORD-106185,Indian,Main,Chicken Biryani,1,42.0,42.0
ORD-106185,Indian,Dessert,Gulab Jamun,1,18.0,18.0
ORD-106186,Chinese,Main,Veg Hakka Noodles,1,32.0,32.0
ORD-106186,Chinese,Beverage,Jasmine Tea,1,12.0,12.0
ORD-106187,Indian,Main,Dal Makhani,2,32.0,64.0
ORD-106187,Indian,Main,Mutton Biryani,1,52.0,52.0
ORD-106187,Indian,Starter,Vegetable Samosa,1,16.0,16.0
ORD-106187,Indian,Side,Jeera Rice,3,14.0,42.0
ORD-106187,Indian,Beverage,Mango Lassi,1,16.0,16.0
ORD-106188,Chinese,Main,Kung Pao Chicken,1,44.0,44.0
ORD-106188,Chinese,Main,Veg Hakka Noodles,1,32.0,32.0
ORD-106188,Chinese,Side,Steamed Rice,1,10.0,10.0
ORD-106188,Chinese,Dessert,Mango Pudding,1,20.0,20.0
ORD-106188,Chinese,Beverage,Jasmine Tea,1,12.0,12.0
ORD-106189,Arabic,Main,Chicken Shawarma Plate,1,38.0,38.0
ORD-106190,Chinese,Main,Szechuan Beef,1,52.0,52.0
ORD-106190,Chinese,Starter,Spring Rolls,1,22.0,22.0
ORD-106190,Chinese,Dessert,Mango Pudding,1,20.0,20.0
ORD-106190,Chinese,Beverage,Jasmine Tea,1,12.0,12.0
ORD-106191,Italian,Main,Beef Lasagna,1,55.0,55.0
ORD-106191,Italian,Side,Garlic Bread,1,18.0,18.0
ORD-106192,Arabic,Main,Mixed Grill,1,75.0,75.0
ORD-106192,Arabic,Starter,Hummus,1,22.0,22.0
ORD-106192,Arabic,Beverage,Mint Lemonade,1,18.0,18.0
ORD-106193,Indian,Main,Chicken Biryani,1,42.0,42.0
ORD-106193,Indian,Starter,Chicken Tikka,1,36.0,36.0
ORD-106193,Indian,Side,Garlic Naan,1,8.0,8.0
ORD-106193,Indian,Dessert,Gulab Jamun,1,18.0,18.0
ORD-106194,Arabic,Main,Falafel Wrap,2,22.0,44.0
ORD-106194,Arabic,Beverage,Mint Lemonade,1,18.0,18.0
ORD-106195,Italian,Main,Margherita Pizza,1,45.0,45.0
ORD-106195,Italian,Starter,Caesar Salad,1,32.0,32.0
ORD-106196,Indian,Main,Palak Paneer,1,34.0,34.0
ORD-106196,Indian,Starter,Paneer Tikka,1,32.0,32.0
ORD-106196,Indian,Dessert,Gulab Jamun,1,18.0,18.0
ORD-106196,Indian,Beverage,Mango Lassi,1,16.0,16.0
ORD-106197,Indian,Main,Palak Paneer,1,34.0,34.0
ORD-106197,Indian,Starter,Chicken Tikka,1,36.0,36.0
ORD-106197,Indian,Side,Jeera Rice,1,14.0,14.0
ORD-106198,Arabic,Main,Falafel Wrap,1,22.0,22.0
ORD-106198,Arabic,Side,Arabic Rice,1,12.0,12.0
ORD-106199,Indian,Main,Butter Chicken,1,45.0,45.0
ORD-106199,Indian,Main,Chicken Biryani,2,42.0,84.0
ORD-106199,Indian,Starter,Vegetable Samosa,1,16.0,16.0
ORD-106200,Indian,Main,Dal Makhani,1,32.0,32.0
ORD-106200,Indian,Starter,Chicken Tikka,1,36.0,36.0
ORD-106200,Indian,Side,Jeera Rice,1,14.0,14.0
ORD-106201,Arabic,Main,Lamb Mandi,1,62.0,62.0
ORD-106201,Arabic,Main,Chicken Shawarma Plate,1,38.0,38.0
ORD-106201,Arabic,Main,Mixed Grill,1,75.0,75.0
ORD-106202,Arabic,Main,Chicken Machboos,1,48.0,48.0
ORD-106202,Arabic,Starter,Hummus,1,22.0,22.0
ORD-106202,Arabic,Side,Arabic Rice,1,12.0,12.0
ORD-106202,Arabic,Beverage,Mint Lemonade,1,18.0,18.0
ORD-106203,Arabic,Main,Mixed Grill,1,75.0,75.0
ORD-106203,Arabic,Starter,Fattoush,1,24.0,24.0
ORD-106203,Arabic,Dessert,Umm Ali,1,26.0,26.0
ORD-106203,Arabic,Beverage,Mint Lemonade,1,18.0,18.0
ORD-106204,Indian,Main,Butter Chicken,1,45.0,45.0
ORD-106204,Indian,Side,Garlic Naan,1,8.0,8.0
ORD-106205,Continental,Main,Classic Beef Burger,1,48.0,48.0
ORD-106205,Continental,Starter,Soup of the Day,1,22.0,22.0
ORD-106205,Continental,Side,French Fries,1,16.0,16.0
ORD-106206,Arabic,Main,Chicken Shawarma Plate,1,38.0,38.0
ORD-106206,Arabic,Main,Mixed Grill,1,75.0,75.0
ORD-106206,Arabic,Starter,Fattoush,1,24.0,24.0
ORD-106206,Arabic,Dessert,Kunafa,1,28.0,28.0
ORD-106206,Arabic,Beverage,Mint Lemonade,2,18.0,36.0
ORD-106207,Continental,Main,Grilled Salmon,1,78.0,78.0
ORD-106207,Continental,Main,Fish and Chips,1,50.0,50.0
ORD-106207,Continental,Dessert,New York Cheesecake,1,28.0,28.0
ORD-106208,Italian,Main,Pepperoni Pizza,1,52.0,52.0
ORD-106208,Italian,Starter,Caesar Salad,1,32.0,32.0
ORD-106208,Italian,Beverage,Italian Lemon Soda,1,18.0,18.0
ORD-106209,Arabic,Main,Chicken Machboos,1,48.0,48.0
ORD-106210,Chinese,Main,Chicken Fried Rice,1,34.0,34.0
ORD-106210,Chinese,Beverage,Jasmine Tea,1,12.0,12.0
ORD-106211,Chinese,Main,Chicken Fried Rice,1,34.0,34.0
ORD-106211,Chinese,Main,Szechuan Beef,1,52.0,52.0
ORD-106211,Chinese,Main,Chicken Manchurian,1,38.0,38.0
ORD-106211,Chinese,Starter,Spring Rolls,1,22.0,22.0
ORD-106211,Chinese,Side,Steamed Rice,3,10.0,30.0
ORD-106212,Indian,Main,Mutton Biryani,1,52.0,52.0
ORD-106212,Indian,Side,Garlic Naan,1,8.0,8.0
ORD-106212,Indian,Dessert,Gulab Jamun,1,18.0,18.0
ORD-106212,Indian,Beverage,Mango Lassi,1,16.0,16.0
ORD-106213,Indian,Main,Palak Paneer,1,34.0,34.0
ORD-106213,Indian,Dessert,Gulab Jamun,1,18.0,18.0
ORD-106214,Italian,Main,Beef Lasagna,1,55.0,55.0
ORD-106214,Italian,Side,Garlic Bread,1,18.0,18.0
ORD-106214,Italian,Beverage,Italian Lemon Soda,1,18.0,18.0
ORD-106215,Chinese,Main,Chicken Fried Rice,1,34.0,34.0
ORD-106216,Arabic,Main,Chicken Machboos,1,48.0,48.0
ORD-106216,Arabic,Side,Arabic Rice,1,12.0,12.0
ORD-106216,Arabic,Dessert,Kunafa,1,28.0,28.0
ORD-106217,Italian,Main,Beef Lasagna,1,55.0,55.0
ORD-106217,Italian,Starter,Caesar Salad,1,32.0,32.0
ORD-106217,Italian,Beverage,Italian Lemon Soda,1,18.0,18.0
ORD-106218,Italian,Main,Margherita Pizza,2,45.0,90.0
ORD-106218,Italian,Dessert,Tiramisu,1,30.0,30.0
ORD-106218,Italian,Beverage,Italian Lemon Soda,2,18.0,36.0
ORD-106219,Italian,Main,Fettuccine Alfredo,1,48.0,48.0
ORD-106219,Chinese,Main,Chicken Manchurian,1,38.0,38.0
ORD-106219,Italian,Dessert,Tiramisu,1,30.0,30.0
ORD-106219,Chinese,Beverage,Jasmine Tea,1,12.0,12.0
ORD-106220,Arabic,Main,Chicken Shawarma Plate,1,38.0,38.0
ORD-106220,Arabic,Main,Chicken Machboos,1,48.0,48.0
ORD-106220,Arabic,Starter,Mutabbal,1,22.0,22.0
ORD-106220,Arabic,Side,Arabic Rice,1,12.0,12.0
ORD-106220,Arabic,Beverage,Mint Lemonade,2,18.0,36.0
ORD-106221,Arabic,Main,Falafel Wrap,1,22.0,22.0
ORD-106221,Arabic,Starter,Fattoush,1,24.0,24.0
ORD-106221,Arabic,Side,Arabic Rice,1,12.0,12.0
ORD-106222,Arabic,Main,Chicken Shawarma Plate,1,38.0,38.0
ORD-106222,Arabic,Main,Mixed Grill,1,75.0,75.0
ORD-106223,Chinese,Main,Szechuan Beef,1,52.0,52.0
ORD-106224,Indian,Main,Chicken Biryani,1,42.0,42.0
ORD-106224,Indian,Side,Jeera Rice,1,14.0,14.0
ORD-106224,Indian,Beverage,Mango Lassi,1,16.0,16.0
ORD-106225,Indian,Main,Mutton Biryani,1,52.0,52.0
ORD-106225,Indian,Main,Chicken Biryani,1,42.0,42.0
ORD-106225,Indian,Side,Jeera Rice,1,14.0,14.0
ORD-106225,Indian,Dessert,Gulab Jamun,1,18.0,18.0
ORD-106226,Arabic,Main,Mixed Grill,1,75.0,75.0
ORD-106226,Arabic,Beverage,Mint Lemonade,1,18.0,18.0
ORD-106227,Continental,Main,Classic Beef Burger,1,48.0,48.0
ORD-106228,Continental,Main,Classic Beef Burger,1,48.0,48.0
ORD-106228,Continental,Side,French Fries,1,16.0,16.0
ORD-106228,Continental,Beverage,Chocolate Milkshake,1,22.0,22.0
ORD-106229,Italian,Main,Margherita Pizza,1,45.0,45.0
ORD-106229,Italian,Main,Fettuccine Alfredo,1,48.0,48.0
ORD-106229,Italian,Beverage,Italian Lemon Soda,2,18.0,36.0
ORD-106230,Continental,Main,Classic Beef Burger,1,48.0,48.0
ORD-106230,Continental,Main,Grilled Chicken Burger,1,42.0,42.0
ORD-106230,Italian,Starter,Bruschetta,1,26.0,26.0
ORD-106230,Continental,Side,French Fries,2,16.0,32.0
ORD-106231,Arabic,Main,Chicken Shawarma Plate,1,38.0,38.0
ORD-106231,Arabic,Starter,Fattoush,1,24.0,24.0
ORD-106232,Indian,Main,Chicken Biryani,1,42.0,42.0
ORD-106232,Indian,Side,Garlic Naan,1,8.0,8.0
ORD-106233,Chinese,Main,Kung Pao Chicken,1,44.0,44.0
ORD-106233,Chinese,Starter,Spring Rolls,1,22.0,22.0
ORD-106233,Chinese,Beverage,Jasmine Tea,1,12.0,12.0
ORD-106234,Arabic,Main,Chicken Machboos,1,48.0,48.0
ORD-106234,Arabic,Starter,Fattoush,1,24.0,24.0
ORD-106234,Arabic,Dessert,Umm Ali,1,26.0,26.0
ORD-106234,Arabic,Beverage,Mint Lemonade,1,18.0,18.0
ORD-106235,Indian,Main,Butter Chicken,1,45.0,45.0
ORD-106235,Indian,Side,Garlic Naan,1,8.0,8.0
ORD-106236,Arabic,Main,Chicken Machboos,1,48.0,48.0
ORD-106236,Arabic,Main,Chicken Shawarma Plate,1,38.0,38.0
ORD-106237,Indian,Main,Mutton Biryani,1,52.0,52.0
ORD-106237,Indian,Side,Garlic Naan,1,8.0,8.0
ORD-106238,Italian,Main,Beef Lasagna,1,55.0,55.0
ORD-106238,Italian,Beverage,Italian Lemon Soda,1,18.0,18.0
ORD-106239,Indian,Main,Mutton Biryani,1,52.0,52.0
ORD-106239,Indian,Main,Chicken Biryani,1,42.0,42.0
ORD-106239,Indian,Side,Jeera Rice,2,14.0,28.0
ORD-106240,Italian,Main,Pepperoni Pizza,1,52.0,52.0
ORD-106240,Italian,Side,Garlic Bread,1,18.0,18.0
ORD-106241,Arabic,Main,Chicken Shawarma Plate,1,38.0,38.0
ORD-106241,Arabic,Starter,Hummus,1,22.0,22.0
ORD-106241,Arabic,Dessert,Kunafa,1,28.0,28.0
ORD-106242,Continental,Main,Classic Beef Burger,2,48.0,96.0
ORD-106242,Continental,Main,Grilled Chicken with Mash,1,52.0,52.0
ORD-106242,Continental,Starter,Chicken Wings,1,34.0,34.0
ORD-106242,Continental,Side,French Fries,2,16.0,32.0
ORD-106243,Indian,Main,Palak Paneer,1,34.0,34.0
ORD-106243,Indian,Main,Butter Chicken,1,45.0,45.0
ORD-106243,Indian,Side,Jeera Rice,1,14.0,14.0
ORD-106244,Indian,Main,Chicken Biryani,1,42.0,42.0
ORD-106244,Indian,Starter,Paneer Tikka,1,32.0,32.0
ORD-106244,Indian,Side,Jeera Rice,1,14.0,14.0
ORD-106244,Indian,Beverage,Mango Lassi,1,16.0,16.0
ORD-106245,Indian,Main,Dal Makhani,1,32.0,32.0
ORD-106245,Indian,Side,Jeera Rice,1,14.0,14.0
ORD-106245,Indian,Beverage,Mango Lassi,1,16.0,16.0
ORD-106246,Arabic,Main,Mixed Grill,1,75.0,75.0
ORD-106247,Italian,Main,Margherita Pizza,1,45.0,45.0
ORD-106247,Italian,Main,Beef Lasagna,1,55.0,55.0
ORD-106247,Italian,Side,Garlic Bread,2,18.0,36.0
ORD-106247,Arabic,Beverage,Mint Lemonade,2,18.0,36.0
ORD-106248,Indian,Main,Chicken Biryani,1,42.0,42.0
ORD-106248,Indian,Beverage,Mango Lassi,1,16.0,16.0
ORD-106249,Indian,Main,Mutton Biryani,1,52.0,52.0
ORD-106249,Arabic,Main,Chicken Shawarma Plate,1,38.0,38.0
ORD-106249,Indian,Starter,Vegetable Samosa,1,16.0,16.0
ORD-106249,Indian,Side,Garlic Naan,2,8.0,16.0
ORD-106249,Arabic,Dessert,Kunafa,1,28.0,28.0
ORD-106250,Indian,Main,Butter Chicken,1,45.0,45.0
ORD-106250,Indian,Dessert,Gulab Jamun,1,18.0,18.0
ORD-106250,Indian,Beverage,Mango Lassi,1,16.0,16.0
ORD-106251,Chinese,Main,Chicken Fried Rice,1,34.0,34.0
ORD-106251,Chinese,Starter,Chicken Dim Sum,1,34.0,34.0
ORD-106251,Chinese,Side,Steamed Rice,1,10.0,10.0
ORD-106252,Continental,Main,Grilled Salmon,1,78.0,78.0
ORD-106253,Chinese,Main,Chicken Fried Rice,2,34.0,68.0
ORD-106253,Chinese,Starter,Spring Rolls,1,22.0,22.0
ORD-106254,Italian,Main,Beef Lasagna,1,55.0,55.0
ORD-106254,Indian,Main,Palak Paneer,1,34.0,34.0
ORD-106255,Arabic,Main,Lamb Mandi,1,62.0,62.0
ORD-106256,Italian,Main,Fettuccine Alfredo,1,48.0,48.0
ORD-106256,Italian,Main,Penne Arrabbiata,1,42.0,42.0
ORD-106256,Italian,Main,Margherita Pizza,1,45.0,45.0
ORD-106256,Italian,Dessert,Tiramisu,1,30.0,30.0
ORD-106257,Italian,Main,Penne Arrabbiata,1,42.0,42.0
ORD-106257,Italian,Starter,Caesar Salad,1,32.0,32.0
ORD-106257,Italian,Side,Garlic Bread,1,18.0,18.0
ORD-106258,Arabic,Main,Chicken Machboos,1,48.0,48.0
ORD-106258,Arabic,Starter,Hummus,1,22.0,22.0
ORD-106258,Arabic,Side,Arabic Rice,1,12.0,12.0
ORD-106258,Arabic,Dessert,Kunafa,1,28.0,28.0
ORD-106259,Italian,Main,Margherita Pizza,1,45.0,45.0
ORD-106259,Italian,Starter,Bruschetta,1,26.0,26.0
ORD-106259,Italian,Side,Garlic Bread,1,18.0,18.0
ORD-106259,Italian,Beverage,Italian Lemon Soda,1,18.0,18.0
ORD-106260,Italian,Main,Margherita Pizza,1,45.0,45.0
ORD-106260,Arabic,Dessert,Kunafa,1,28.0,28.0
ORD-106261,Indian,Main,Palak Paneer,1,34.0,34.0
ORD-106261,Italian,Starter,Bruschetta,1,26.0,26.0
ORD-106261,Indian,Dessert,Gulab Jamun,1,18.0,18.0
ORD-106262,Chinese,Main,Chicken Manchurian,1,38.0,38.0
ORD-106262,Chinese,Main,Veg Hakka Noodles,1,32.0,32.0
ORD-106263,Arabic,Main,Lamb Mandi,1,62.0,62.0
ORD-106263,Arabic,Starter,Fattoush,1,24.0,24.0
ORD-106263,Arabic,Beverage,Mint Lemonade,1,18.0,18.0
ORD-106264,Indian,Main,Palak Paneer,1,34.0,34.0
ORD-106264,Indian,Side,Garlic Naan,1,8.0,8.0
ORD-106265,Continental,Main,Grilled Chicken with Mash,1,52.0,52.0
ORD-106265,Continental,Main,Classic Beef Burger,1,48.0,48.0
ORD-106265,Continental,Main,Grilled Chicken Burger,1,42.0,42.0
ORD-106265,Continental,Starter,Chicken Wings,1,34.0,34.0
ORD-106265,Continental,Dessert,Chocolate Brownie,1,24.0,24.0
ORD-106266,Italian,Main,Fettuccine Alfredo,1,48.0,48.0
ORD-106266,Italian,Starter,Bruschetta,1,26.0,26.0
ORD-106267,Chinese,Main,Szechuan Beef,1,52.0,52.0
ORD-106267,Chinese,Main,Chicken Manchurian,1,38.0,38.0
ORD-106267,Chinese,Starter,Spring Rolls,1,22.0,22.0
ORD-106268,Italian,Main,Fettuccine Alfredo,1,48.0,48.0
ORD-106268,Italian,Side,Garlic Bread,1,18.0,18.0
ORD-106268,Italian,Dessert,Tiramisu,1,30.0,30.0
ORD-106269,Italian,Main,Margherita Pizza,1,45.0,45.0
ORD-106269,Italian,Starter,Bruschetta,1,26.0,26.0
ORD-106269,Italian,Side,Garlic Bread,1,18.0,18.0
ORD-106269,Italian,Beverage,Italian Lemon Soda,1,18.0,18.0
ORD-106270,Chinese,Main,Szechuan Beef,1,52.0,52.0
ORD-106270,Chinese,Side,Steamed Rice,1,10.0,10.0
ORD-106271,Continental,Main,Fish and Chips,1,50.0,50.0
ORD-106271,Continental,Dessert,New York Cheesecake,1,28.0,28.0
ORD-106272,Italian,Main,Fettuccine Alfredo,2,48.0,96.0
ORD-106272,Italian,Starter,Caesar Salad,1,32.0,32.0
ORD-106272,Italian,Side,Garlic Bread,1,18.0,18.0
ORD-106272,Italian,Dessert,Tiramisu,1,30.0,30.0
ORD-106272,Italian,Beverage,Italian Lemon Soda,2,18.0,36.0
ORD-106273,Italian,Main,Beef Lasagna,2,55.0,110.0
ORD-106273,Italian,Main,Margherita Pizza,1,45.0,45.0
ORD-106274,Chinese,Main,Kung Pao Chicken,3,44.0,132.0
ORD-106274,Chinese,Dessert,Mango Pudding,1,20.0,20.0
ORD-106274,Chinese,Beverage,Jasmine Tea,2,12.0,24.0
ORD-106275,Arabic,Main,Chicken Shawarma Plate,1,38.0,38.0
ORD-106275,Arabic,Starter,Mutabbal,1,22.0,22.0
ORD-106275,Arabic,Beverage,Mint Lemonade,1,18.0,18.0
ORD-106276,Italian,Main,Margherita Pizza,1,45.0,45.0
ORD-106276,Chinese,Dessert,Mango Pudding,1,20.0,20.0
ORD-106277,Chinese,Main,Chicken Fried Rice,2,34.0,68.0
ORD-106277,Chinese,Side,Steamed Rice,1,10.0,10.0
ORD-106278,Arabic,Main,Chicken Machboos,1,48.0,48.0
ORD-106278,Arabic,Side,Arabic Rice,1,12.0,12.0
ORD-106279,Indian,Main,Butter Chicken,1,45.0,45.0
ORD-106279,Indian,Main,Chicken Biryani,1,42.0,42.0
ORD-106279,Indian,Side,Garlic Naan,1,8.0,8.0
ORD-106279,Indian,Dessert,Gulab Jamun,1,18.0,18.0
ORD-106280,Chinese,Main,Kung Pao Chicken,1,44.0,44.0
ORD-106280,Chinese,Main,Veg Hakka Noodles,1,32.0,32.0
ORD-106280,Chinese,Main,Chicken Fried Rice,1,34.0,34.0
ORD-106280,Chinese,Starter,Spring Rolls,1,22.0,22.0
ORD-106281,Indian,Main,Butter Chicken,2,45.0,90.0
ORD-106281,Indian,Starter,Vegetable Samosa,1,16.0,16.0
ORD-106281,Indian,Side,Garlic Naan,1,8.0,8.0
ORD-106281,Indian,Beverage,Mango Lassi,2,16.0,32.0
ORD-106282,Italian,Main,Beef Lasagna,1,55.0,55.0
ORD-106282,Italian,Starter,Caesar Salad,1,32.0,32.0
ORD-106282,Italian,Side,Garlic Bread,1,18.0,18.0
ORD-106282,Italian,Dessert,Tiramisu,1,30.0,30.0
ORD-106283,Chinese,Main,Chicken Manchurian,1,38.0,38.0
ORD-106283,Chinese,Main,Chicken Fried Rice,1,34.0,34.0
ORD-106283,Chinese,Dessert,Mango Pudding,1,20.0,20.0
ORD-106283,Chinese,Beverage,Jasmine Tea,1,12.0,12.0
ORD-106284,Continental,Main,Grilled Chicken Burger,1,42.0,42.0
ORD-106284,Continental,Starter,Chicken Wings,1,34.0,34.0
ORD-106284,Continental,Beverage,Chocolate Milkshake,1,22.0,22.0
ORD-106285,Italian,Main,Pepperoni Pizza,1,52.0,52.0
ORD-106285,Italian,Main,Beef Lasagna,1,55.0,55.0
ORD-106285,Italian,Starter,Caesar Salad,1,32.0,32.0
ORD-106285,Italian,Beverage,Italian Lemon Soda,2,18.0,36.0
ORD-106286,Italian,Main,Pepperoni Pizza,1,52.0,52.0
ORD-106286,Italian,Starter,Bruschetta,1,26.0,26.0
ORD-106287,Italian,Main,Penne Arrabbiata,1,42.0,42.0
ORD-106287,Italian,Main,Margherita Pizza,1,45.0,45.0
ORD-106287,Italian,Side,Garlic Bread,2,18.0,36.0
ORD-106288,Chinese,Main,Veg Hakka Noodles,1,32.0,32.0
ORD-106288,Chinese,Starter,Spring Rolls,1,22.0,22.0
ORD-106288,Chinese,Side,Steamed Rice,1,10.0,10.0
ORD-106289,Indian,Main,Chicken Biryani,1,42.0,42.0
ORD-106289,Indian,Starter,Vegetable Samosa,1,16.0,16.0
ORD-106289,Indian,Side,Garlic Naan,1,8.0,8.0
ORD-106289,Indian,Dessert,Gulab Jamun,1,18.0,18.0
ORD-106290,Chinese,Main,Szechuan Beef,1,52.0,52.0
ORD-106291,Indian,Main,Butter Chicken,1,45.0,45.0
ORD-106291,Italian,Main,Penne Arrabbiata,1,42.0,42.0
ORD-106291,Italian,Dessert,Tiramisu,1,30.0,30.0
ORD-106292,Chinese,Main,Chicken Manchurian,1,38.0,38.0
ORD-106292,Chinese,Main,Szechuan Beef,1,52.0,52.0
ORD-106292,Chinese,Starter,Spring Rolls,1,22.0,22.0
ORD-106292,Chinese,Beverage,Jasmine Tea,1,12.0,12.0
ORD-106293,Continental,Main,Classic Beef Burger,1,48.0,48.0
ORD-106293,Continental,Main,Grilled Chicken Burger,1,42.0,42.0
ORD-106293,Continental,Main,Grilled Salmon,1,78.0,78.0
ORD-106293,Continental,Starter,Soup of the Day,1,22.0,22.0
ORD-106293,Continental,Side,French Fries,1,16.0,16.0
ORD-106294,Indian,Main,Chicken Biryani,1,42.0,42.0
ORD-106294,Indian,Main,Palak Paneer,1,34.0,34.0
ORD-106294,Indian,Starter,Paneer Tikka,1,32.0,32.0
ORD-106294,Indian,Side,Jeera Rice,2,14.0,28.0
ORD-106295,Indian,Main,Palak Paneer,1,34.0,34.0
ORD-106295,Indian,Main,Mutton Biryani,1,52.0,52.0
ORD-106295,Indian,Main,Chicken Biryani,1,42.0,42.0
ORD-106295,Indian,Starter,Vegetable Samosa,1,16.0,16.0
ORD-106295,Indian,Side,Garlic Naan,1,8.0,8.0
ORD-106295,Indian,Beverage,Mango Lassi,2,16.0,32.0
ORD-106296,Arabic,Main,Chicken Shawarma Plate,2,38.0,76.0
ORD-106296,Arabic,Starter,Mutabbal,1,22.0,22.0
ORD-106296,Arabic,Beverage,Mint Lemonade,1,18.0,18.0
ORD-106297,Italian,Main,Fettuccine Alfredo,1,48.0,48.0
ORD-106297,Italian,Side,Garlic Bread,1,18.0,18.0
ORD-106298,Continental,Main,Grilled Salmon,1,78.0,78.0
ORD-106299,Indian,Main,Dal Makhani,1,32.0,32.0
ORD-106299,Indian,Side,Garlic Naan,1,8.0,8.0
ORD-106300,Italian,Main,Fettuccine Alfredo,1,48.0,48.0
ORD-106300,Italian,Beverage,Italian Lemon Soda,1,18.0,18.0
ORD-106301,Arabic,Main,Lamb Mandi,1,62.0,62.0
ORD-106301,Arabic,Dessert,Kunafa,1,28.0,28.0
ORD-106302,Arabic,Main,Mixed Grill,1,75.0,75.0
ORD-106302,Arabic,Starter,Fattoush,1,24.0,24.0
ORD-106302,Arabic,Beverage,Mint Lemonade,1,18.0,18.0
ORD-106303,Indian,Main,Butter Chicken,1,45.0,45.0
ORD-106303,Indian,Side,Garlic Naan,1,8.0,8.0
ORD-106304,Chinese,Main,Veg Hakka Noodles,1,32.0,32.0
ORD-106304,Chinese,Starter,Chicken Dim Sum,1,34.0,34.0
ORD-106304,Chinese,Beverage,Jasmine Tea,1,12.0,12.0
ORD-106305,Continental,Main,Grilled Chicken with Mash,1,52.0,52.0
ORD-106305,Continental,Starter,Chicken Wings,1,34.0,34.0
ORD-106306,Arabic,Main,Lamb Mandi,1,62.0,62.0
ORD-106307,Chinese,Main,Chicken Fried Rice,1,34.0,34.0
ORD-106308,Continental,Main,Grilled Chicken with Mash,1,52.0,52.0
ORD-106308,Continental,Main,Grilled Chicken Burger,1,42.0,42.0
ORD-106308,Continental,Side,French Fries,1,16.0,16.0
ORD-106308,Continental,Dessert,Chocolate Brownie,1,24.0,24.0
ORD-106308,Continental,Beverage,Chocolate Milkshake,1,22.0,22.0
ORD-106309,Indian,Main,Palak Paneer,1,34.0,34.0
ORD-106309,Indian,Starter,Paneer Tikka,1,32.0,32.0
ORD-106309,Indian,Side,Garlic Naan,1,8.0,8.0
ORD-106310,Arabic,Main,Lamb Mandi,1,62.0,62.0
ORD-106310,Arabic,Beverage,Mint Lemonade,1,18.0,18.0
ORD-106311,Indian,Main,Dal Makhani,1,32.0,32.0
ORD-106311,Indian,Side,Garlic Naan,1,8.0,8.0
ORD-106312,Chinese,Main,Veg Hakka Noodles,1,32.0,32.0
ORD-106312,Chinese,Side,Steamed Rice,1,10.0,10.0
ORD-106313,Indian,Main,Butter Chicken,1,45.0,45.0
ORD-106313,Indian,Main,Palak Paneer,1,34.0,34.0
ORD-106313,Indian,Main,Chicken Biryani,1,42.0,42.0
ORD-106313,Indian,Side,Jeera Rice,2,14.0,28.0
ORD-106314,Continental,Main,Grilled Chicken with Mash,1,52.0,52.0
ORD-106314,Continental,Starter,Chicken Wings,1,34.0,34.0
ORD-106315,Continental,Main,Fish and Chips,1,50.0,50.0
ORD-106315,Continental,Starter,Soup of the Day,1,22.0,22.0
ORD-106315,Continental,Side,French Fries,1,16.0,16.0
ORD-106316,Arabic,Main,Mixed Grill,1,75.0,75.0
ORD-106317,Arabic,Main,Lamb Mandi,1,62.0,62.0
ORD-106317,Arabic,Starter,Mutabbal,1,22.0,22.0
ORD-106317,Arabic,Dessert,Umm Ali,1,26.0,26.0
ORD-106317,Arabic,Beverage,Mint Lemonade,1,18.0,18.0
ORD-106318,Italian,Main,Beef Lasagna,1,55.0,55.0
ORD-106318,Italian,Main,Margherita Pizza,1,45.0,45.0
ORD-106318,Italian,Side,Garlic Bread,1,18.0,18.0
ORD-106319,Indian,Main,Butter Chicken,1,45.0,45.0
ORD-106319,Indian,Starter,Paneer Tikka,1,32.0,32.0
ORD-106319,Indian,Side,Garlic Naan,1,8.0,8.0
ORD-106319,Indian,Beverage,Mango Lassi,1,16.0,16.0
ORD-106320,Chinese,Main,Kung Pao Chicken,1,44.0,44.0
ORD-106320,Chinese,Starter,Chicken Dim Sum,1,34.0,34.0
ORD-106321,Indian,Main,Mutton Biryani,1,52.0,52.0
ORD-106321,Indian,Main,Chicken Biryani,1,42.0,42.0
ORD-106321,Indian,Side,Garlic Naan,1,8.0,8.0
ORD-106321,Indian,Dessert,Gulab Jamun,1,18.0,18.0
ORD-106321,Indian,Beverage,Mango Lassi,1,16.0,16.0
ORD-106322,Arabic,Main,Chicken Machboos,1,48.0,48.0
ORD-106322,Arabic,Beverage,Mint Lemonade,1,18.0,18.0
ORD-106323,Italian,Main,Pepperoni Pizza,1,52.0,52.0
ORD-106323,Arabic,Main,Mixed Grill,1,75.0,75.0
ORD-106323,Italian,Side,Garlic Bread,1,18.0,18.0
ORD-106324,Continental,Main,Grilled Salmon,1,78.0,78.0
ORD-106324,Continental,Starter,Chicken Wings,1,34.0,34.0
ORD-106324,Continental,Beverage,Chocolate Milkshake,1,22.0,22.0
ORD-106325,Continental,Main,Classic Beef Burger,1,48.0,48.0
ORD-106325,Continental,Main,Grilled Chicken with Mash,1,52.0,52.0
ORD-106325,Continental,Main,Grilled Chicken Burger,1,42.0,42.0
ORD-106325,Continental,Starter,Soup of the Day,1,22.0,22.0
ORD-106325,Continental,Beverage,Chocolate Milkshake,2,22.0,44.0
ORD-106326,Arabic,Main,Chicken Shawarma Plate,1,38.0,38.0
ORD-106326,Arabic,Main,Lamb Mandi,1,62.0,62.0
ORD-106326,Continental,Starter,Chicken Wings,1,34.0,34.0
ORD-106326,Arabic,Side,Arabic Rice,2,12.0,24.0
ORD-106327,Arabic,Main,Chicken Shawarma Plate,2,38.0,76.0
ORD-106327,Arabic,Main,Mixed Grill,1,75.0,75.0
ORD-106327,Arabic,Starter,Hummus,1,22.0,22.0
ORD-106327,Arabic,Side,Arabic Rice,2,12.0,24.0
ORD-106327,Arabic,Beverage,Mint Lemonade,3,18.0,54.0
ORD-106328,Indian,Main,Chicken Biryani,1,42.0,42.0
ORD-106328,Indian,Starter,Paneer Tikka,1,32.0,32.0
ORD-106328,Indian,Side,Jeera Rice,1,14.0,14.0
ORD-106328,Indian,Beverage,Mango Lassi,1,16.0,16.0
ORD-106329,Arabic,Main,Falafel Wrap,1,22.0,22.0
ORD-106329,Arabic,Main,Mixed Grill,1,75.0,75.0
ORD-106329,Arabic,Starter,Hummus,1,22.0,22.0
ORD-106329,Arabic,Side,Arabic Rice,2,12.0,24.0
ORD-106329,Arabic,Beverage,Mint Lemonade,1,18.0,18.0
ORD-106330,Chinese,Main,Szechuan Beef,1,52.0,52.0
ORD-106330,Chinese,Beverage,Jasmine Tea,1,12.0,12.0
ORD-106331,Italian,Main,Fettuccine Alfredo,2,48.0,96.0
ORD-106331,Italian,Starter,Caesar Salad,1,32.0,32.0
ORD-106331,Italian,Dessert,Tiramisu,1,30.0,30.0
ORD-106331,Italian,Beverage,Italian Lemon Soda,1,18.0,18.0
ORD-106332,Arabic,Main,Chicken Machboos,1,48.0,48.0
ORD-106332,Arabic,Starter,Hummus,1,22.0,22.0
ORD-106332,Arabic,Beverage,Mint Lemonade,1,18.0,18.0
ORD-106333,Arabic,Main,Chicken Machboos,1,48.0,48.0
ORD-106334,Italian,Main,Penne Arrabbiata,1,42.0,42.0
ORD-106335,Italian,Main,Penne Arrabbiata,1,42.0,42.0
ORD-106335,Italian,Main,Beef Lasagna,1,55.0,55.0
ORD-106336,Italian,Main,Margherita Pizza,1,45.0,45.0
ORD-106336,Italian,Side,Garlic Bread,1,18.0,18.0
ORD-106336,Italian,Beverage,Italian Lemon Soda,1,18.0,18.0
